iso3c,year,country,income_group,gni_atlas,gni_atlas_US,gni_atlas_SDR,gni_ppp,ig_ord
ABW,1987,Aruba,H,,,,,High
ABW,1988,Aruba,H,10670,19263.9209141594,19663.9634316628,,High
ABW,1989,Aruba,H,11870,20621.8998880308,20982.5161607557,,High
ABW,1990,Aruba,H,12120,20296.4645591321,20597.1553532914,21490,High
ABW,1991,Aruba,UM,12940,20960.8028987334,21174.7374660617,22880,Upper-middle
ABW,1992,Aruba,UM,13840,21919.1583028179,22059.3345796987,23630,Upper-middle
ABW,1993,Aruba,UM,14380,22247.0580367904,22236.3460527061,24130,Upper-middle
ABW,1994,Aruba,H,15460,23417.8896062688,23116.6976566239,25340,High
ABW,1995,Aruba,H,16340,24242.5701521938,23558.521201941,25930,High
ABW,1996,Aruba,H,16410,23908.7122624464,23144.0095405324,25640,High
ABW,1997,Aruba,H,17050,24420.0484671214,23730.185454921,26790,High
ABW,1998,Aruba,H,17390,24630.210538941,24039.3645346276,27310,High
ABW,1999,Aruba,H,17750,24789.2980838401,24389.7324920188,27020,High
ABW,2000,Aruba,H,20060,27394.869208958,27157.0882887628,29820,High
ABW,2001,Aruba,H,20340,27165.5533315946,27093.0245190619,30960,High
ABW,2002,Aruba,H,19220,25276.9002143499,25345.633292402,29680,High
ABW,2003,Aruba,H,21020,27108.9592984293,27301.344703416,31660,High
ABW,2004,Aruba,H,23610,29651.8383367169,29869.0374201586,33900,High
ABW,2005,Aruba,H,19720,24013.4404952815,24327.6616656431,27980,High
ABW,2006,Aruba,H,23920,28256.4778716889,28748.0070363555,34400,High
ABW,2007,Aruba,H,22600,25992.9668960031,26398.4794444197,32340,High
ABW,2008,Aruba,H,26780,30218.3028657357,30502.9699925916,37310,High
ABW,2009,Aruba,H,24340,27296.6653144331,27587.1061124191,33150,High
ABW,2010,Aruba,H,23050,25539.5927835713,25687.1474145433,31800,High
ABW,2011,Aruba,H,23100,25077.6098679829,25088.6962548223,32030,High
ABW,2012,Aruba,H,23970,25546.3657770092,25620.1847882279,32580,High
ABW,2013,Aruba,H,24830,26078.0149331449,26153.9276973702,33740,High
ABW,2014,Aruba,H,25260,26102.7555478053,26202.3790173891,34340,High
ABW,2015,Aruba,H,25430,26078.695851314,26169.1202374171,34460,High
ABW,2016,Aruba,H,25560,25990.707425503,26043.0377389492,34480,High
ABW,2017,Aruba,H,26460,26460,26460,35450,High
ABW,2018,Aruba,H,27970,27318.9741691023,27351.0536787614,36710,High
ABW,2019,Aruba,H,29320,28212.4542498395,28254.5891561634,36780,High
ABW,2020,Aruba,H,22790,21781.291136626,21721.549121296,28060,High
ABW,2021,Aruba,H,26550,24308.961084087,24446.3062919519,33830,High
ABW,2022,Aruba,H,30160,25776.5155753028,26357.9021421049,40190,High
ABW,2023,Aruba,H,31600,26069.1543453838,26752.9124341942,42740,High
AFG,1987,Afghanistan,L,,,,,Low
AFG,1988,Afghanistan,L,,,,,Low
AFG,1989,Afghanistan,L,,,,,Low
AFG,1990,Afghanistan,L,,,,,Low
AFG,1991,Afghanistan,L,,,,,Low
AFG,1992,Afghanistan,L,,,,,Low
AFG,1993,Afghanistan,L,,,,,Low
AFG,1994,Afghanistan,L,,,,,Low
AFG,1995,Afghanistan,L,,,,,Low
AFG,1996,Afghanistan,L,,,,,Low
AFG,1997,Afghanistan,L,,,,,Low
AFG,1998,Afghanistan,L,,,,,Low
AFG,1999,Afghanistan,L,,,,,Low
AFG,2000,Afghanistan,L,,,,,Low
AFG,2001,Afghanistan,L,,,,,Low
AFG,2002,Afghanistan,L,180,236.724351643235,237.36805372697,940,Low
AFG,2003,Afghanistan,L,190,245.038166826906,246.77714051613,980,Low
AFG,2004,Afghanistan,L,210,263.739349881853,265.671234995057,980,Low
AFG,2005,Afghanistan,L,250,304.4300265629,308.413560669917,1090,Low
AFG,2006,Afghanistan,L,270,318.948537849331,324.496734942139,1140,Low
AFG,2007,Afghanistan,L,330,379.543321932788,385.464522860996,1300,Low
AFG,2008,Afghanistan,L,370,417.504557891046,421.437598852088,1330,Low
AFG,2009,Afghanistan,L,460,515.877816131439,521.366836964371,1570,Low
AFG,2010,Afghanistan,L,530,587.244432767583,590.637229054574,1770,Low
AFG,2011,Afghanistan,L,550,597.085949237689,597.349910829102,1740,Low
AFG,2012,Afghanistan,L,640,682.089032010257,684.06000268944,1990,Low
AFG,2013,Afghanistan,L,670,703.675795618489,705.724186759485,2140,Low
AFG,2014,Afghanistan,L,640,661.352476270602,663.87658634715,2230,Low
AFG,2015,Afghanistan,L,590,605.050355968355,607.148287065516,2300,Low
AFG,2016,Afghanistan,L,560,569.436469416342,570.58298645585,2240,Low
AFG,2017,Afghanistan,L,530,530,530,2360,Low
AFG,2018,Afghanistan,L,520,507.896552303653,508.492953627313,2460,Low
AFG,2019,Afghanistan,L,520,500.35730593167,501.104582578615,2620,Low
AFG,2020,Afghanistan,L,490,468.312095522016,467.027602871217,2580,Low
AFG,2021,Afghanistan,L,380,347.924866740228,349.890636193661,2160,Low
AFG,2022,Afghanistan,L,370,316.223831659881,323.35622654439,2130,Low
AFG,2023,Afghanistan,L,370,305.240098347849,313.246126602907,2210,Low
AGO,1988,Angola,LM,660,1191.58273695832,1216.32763494822,,Lower-middle
AGO,1989,Angola,LM,870,1511.46191260209,1537.89292837889,,Lower-middle
AGO,1990,Angola,LM,790,1322.95437307875,1342.55385553632,3420,Lower-middle
AGO,1991,Angola,LM,920,1490.25801134735,1505.46819696884,3740,Lower-middle
AGO,1992,Angola,LM,340,538.47643229466,541.920069154448,2030,Lower-middle
AGO,1993,Angola,LM,290,448.654160686316,448.438133190875,1800,Lower-middle
AGO,1994,Angola,LM,190,287.800713143018,284.099130320734,1570,Lower-middle
AGO,1995,Angola,L,370,548.94436697134,533.454886457661,2690,Low
AGO,1996,Angola,L,370,539.075169841875,521.833243753624,2800,Low
AGO,1997,Angola,L,450,644.517408223146,626.309880041903,3220,Low
AGO,1998,Angola,L,420,594.864199330375,580.594198076112,3220,Low
AGO,1999,Angola,L,340,474.837259070741,467.183608297825,3040,Low
AGO,2000,Angola,L,360,491.632747518688,487.365492719571,3200,Low
AGO,2001,Angola,L,400,534.22917072949,532.802842066115,3320,Low
AGO,2002,Angola,L,620,815.383877882255,817.601073948452,3840,Low
AGO,2003,Angola,L,780,1005.94615855256,1013.08510317148,3960,Low
AGO,2004,Angola,LM,1190,1494.52298266384,1505.47033163866,4330,Lower-middle
AGO,2005,Angola,LM,1590,1936.17496894004,1961.51024586067,4890,Lower-middle
AGO,2006,Angola,LM,2090,2468.89794113001,2511.84509640397,5380,Lower-middle
AGO,2007,Angola,LM,2800,3220.36758003578,3270.60807275997,6030,Lower-middle
AGO,2008,Angola,LM,3450,3892.94790465975,3929.62085416136,6300,Lower-middle
AGO,2009,Angola,LM,3680,4127.02252905151,4170.93469571497,6620,Lower-middle
AGO,2010,Angola,LM,3780,4188.27161483295,4212.46929401187,6780,Lower-middle
AGO,2011,Angola,UM,3960,4299.01883451136,4300.91935796953,6960,Upper-middle
AGO,2012,Angola,UM,4750,5062.37953445112,5077.00783246068,7650,Upper-middle
AGO,2013,Angola,UM,5330,5597.89849350231,5614.19390362396,7960,Upper-middle
AGO,2014,Angola,UM,5430,5611.16241585838,5632.5779122891,8530,Upper-middle
AGO,2015,Angola,UM,4450,4563.51539671048,4579.33877532465,7710,Upper-middle
AGO,2016,Angola,LM,2910,2959.03593928849,2964.99373319022,7410,Lower-middle
AGO,2017,Angola,LM,2400,2400,2400,7580,Lower-middle
AGO,2018,Angola,LM,2270,2217.16379563325,2219.76731679615,7710,Lower-middle
AGO,2019,Angola,LM,2440,2347.83043552553,2351.33688748427,7890,Lower-middle
AGO,2020,Angola,LM,2020,1930.59272031525,1925.29746489767,7250,Lower-middle
AGO,2021,Angola,LM,1990,1822.0275916133,1832.32201585628,8250,Lower-middle
AGO,2022,Angola,LM,2340,1999.90207049763,2045.00964895641,9000,Lower-middle
AGO,2023,Angola,LM,2700,2227.42774470052,2285.85011304824,9020,Lower-middle
ALB,1990,Albania,LM,650,1088.50676265973,1104.63291911216,2650,Lower-middle
ALB,1991,Albania,LM,410,664.136722448276,670.915174736113,1960,Lower-middle
ALB,1992,Albania,LM,280,443.451179536779,446.287115774251,1820,Lower-middle
ALB,1993,Albania,L,320,495.066660067659,494.828284900276,2190,Low
ALB,1994,Albania,L,380,575.601426286037,568.198260641467,2400,Low
ALB,1995,Albania,L,670,994.034394245399,965.985875477386,2820,Low
ALB,1996,Albania,LM,940,1369.54232338206,1325.73851115786,3120,Lower-middle
ALB,1997,Albania,L,860,1231.74438015979,1196.94777074675,2820,Low
ALB,1998,Albania,LM,870,1232.21869861292,1202.65941030052,3180,Lower-middle
ALB,1999,Albania,LM,960,1340.71696678797,1319.10665872327,3630,Lower-middle
ALB,2000,Albania,LM,1130,1543.18056860033,1529.78612992532,4090,Lower-middle
ALB,2001,Albania,LM,1320,1762.95626340732,1758.24937881818,4590,Lower-middle
ALB,2002,Albania,LM,1420,1867.49210740775,1872.57020162387,4960,Lower-middle
ALB,2003,Albania,LM,1700,2192.44675581969,2208.00599409169,5300,Lower-middle
ALB,2004,Albania,LM,2170,2725.30661544582,2745.26942828226,5720,Lower-middle
ALB,2005,Albania,LM,2690,3275.6670858168,3318.52991280831,6130,Lower-middle
ALB,2006,Albania,LM,3130,3697.44045729039,3761.75844581073,6950,Lower-middle
ALB,2007,Albania,LM,3580,4117.46997733146,4181.70603588596,7790,Lower-middle
ALB,2008,Albania,LM,4160,4694.10529953176,4738.32543574239,8510,Lower-middle
ALB,2009,Albania,UM,4390,4923.26872351526,4975.65307450781,8890,Upper-middle
ALB,2010,Albania,UM,4430,4908.47705124602,4936.83570700332,9660,Upper-middle
ALB,2011,Albania,LM,4460,4841.82424290926,4843.96473145053,10280,Lower-middle
ALB,2012,Albania,UM,4430,4721.335018446,4734.97783111596,10530,Upper-middle
ALB,2013,Albania,UM,4690,4925.73056932942,4940.06930731639,11070,Upper-middle
ALB,2014,Albania,UM,4750,4908.47540982087,4927.20903929525,11900,Upper-middle
ALB,2015,Albania,UM,4660,4778.87230307209,4795.44240292425,12530,Upper-middle
ALB,2016,Albania,UM,4670,4748.69341459699,4758.25454776575,13270,Upper-middle
ALB,2017,Albania,UM,4700,4700,4700,14140,Upper-middle
ALB,2018,Albania,UM,5400,5274.31035084563,5280.50374920671,15040,Upper-middle
ALB,2019,Albania,UM,5900,5677.13097114779,5685.60968694967,16230,Upper-middle
ALB,2020,Albania,UM,5970,5705.76165360498,5690.11181457381,16020,Upper-middle
ALB,2021,Albania,UM,6940,6354.20677678206,6390.10793469476,17960,Upper-middle
ALB,2022,Albania,UM,7720,6597.9675146332,6746.78397006133,21750,Upper-middle
ALB,2023,Albania,UM,8730,7202.01637453167,7390.91536552263,24510,Upper-middle
AND,1990,Andorra,H,,,,,High
AND,1991,Andorra,H,,,,,High
AND,1992,Andorra,H,,,,,High
AND,1993,Andorra,H,,,,,High
AND,1994,Andorra,H,,,,,High
AND,1995,Andorra,H,,,,,High
AND,1996,Andorra,H,,,,,High
AND,1997,Andorra,H,,,,,High
AND,1998,Andorra,H,,,,,High
AND,1999,Andorra,H,,,,,High
AND,2000,Andorra,H,,,,,High
AND,2001,Andorra,H,,,,,High
AND,2002,Andorra,H,,,,,High
AND,2003,Andorra,H,,,,,High
AND,2004,Andorra,H,,,,,High
AND,2005,Andorra,H,,,,,High
AND,2006,Andorra,H,,,,,High
AND,2007,Andorra,H,,,,,High
AND,2008,Andorra,H,,,,,High
AND,2009,Andorra,H,,,,,High
AND,2010,Andorra,H,,,,,High
AND,2011,Andorra,H,,,,,High
AND,2012,Andorra,H,,,,,High
AND,2013,Andorra,H,,,,,High
AND,2014,Andorra,H,,,,,High
AND,2015,Andorra,H,,,,,High
AND,2016,Andorra,H,,,,,High
AND,2017,Andorra,H,,,,,High
AND,2018,Andorra,H,,,,,High
AND,2019,Andorra,H,46450,44695.3785779347,44762.1305014936,63070,High
AND,2020,Andorra,H,42450,40571.1192957339,40459.8402895575,58900,High
AND,2021,Andorra,H,44720,40945.2632647974,41176.6032910014,63830,High
AND,2022,Andorra,H,47600,40681.7686135415,41599.3415770621,71420,High
AND,2023,Andorra,H,47920,39532.7176022403,40569.6064508413,74250,High
ANT,1987,Netherlands Antilles (former),UM,,,,,Upper-middle
ANT,1988,Netherlands Antilles (former),UM,,,,,Upper-middle
ANT,1989,Netherlands Antilles (former),UM,,,,,Upper-middle
ANT,1990,Netherlands Antilles (former),UM,,,,,Upper-middle
ANT,1991,Netherlands Antilles (former),UM,,,,,Upper-middle
ANT,1992,Netherlands Antilles (former),UM,,,,,Upper-middle
ANT,1993,Netherlands Antilles (former),UM,,,,,Upper-middle
ANT,1994,Netherlands Antilles (former),H,,,,,High
ANT,1995,Netherlands Antilles (former),H,,,,,High
ANT,1996,Netherlands Antilles (former),H,,,,,High
ANT,1997,Netherlands Antilles (former),H,,,,,High
ANT,1998,Netherlands Antilles (former),H,,,,,High
ANT,1999,Netherlands Antilles (former),H,,,,,High
ANT,2000,Netherlands Antilles (former),H,,,,,High
ANT,2001,Netherlands Antilles (former),H,,,,,High
ANT,2002,Netherlands Antilles (former),H,,,,,High
ANT,2003,Netherlands Antilles (former),H,,,,,High
ANT,2004,Netherlands Antilles (former),H,,,,,High
ANT,2005,Netherlands Antilles (former),H,,,,,High
ANT,2006,Netherlands Antilles (former),H,,,,,High
ANT,2007,Netherlands Antilles (former),H,,,,,High
ANT,2008,Netherlands Antilles (former),H,,,,,High
ANT,2009,Netherlands Antilles (former),H,,,,,High
ARE,1987,United Arab Emirates,H,24940,46615.7249432871,47696.4483831834,,High
ARE,1988,United Arab Emirates,H,24020,43366.3899117254,44266.954229479,,High
ARE,1989,United Arab Emirates,H,25390,44110.3654723758,44881.7258063679,,High
ARE,1990,United Arab Emirates,H,29240,48966.0580618006,49691.4870074456,94250,High
ARE,1991,United Arab Emirates,H,27120,43930.2144214567,44378.5842410814,89810,High
ARE,1992,United Arab Emirates,H,27190,43062.2770414465,43337.6667067925,89610,High
ARE,1993,United Arab Emirates,H,26150,40456.228627404,40436.7489066944,87790,High
ARE,1994,United Arab Emirates,H,26670,40398.1316817068,39878.5463455472,91050,High
ARE,1995,United Arab Emirates,H,28240,41897.8079007314,40715.5837663901,96380,High
ARE,1996,United Arab Emirates,H,28320,41261.1048916808,39941.3985489261,96300,High
ARE,1997,United Arab Emirates,H,28830,41292.0819534962,40125.5863146846,99120,High
ARE,1998,United Arab Emirates,H,26620,37703.0594908919,36798.6132209193,95290,High
ARE,1999,United Arab Emirates,H,24390,34062.590437457,33513.5535481881,87590,High
ARE,2000,United Arab Emirates,H,28170,38470.2624933374,38136.3498053065,97430,High
ARE,2001,United Arab Emirates,H,28360,37876.8482047208,37775.7215024875,94800,High
ARE,2002,United Arab Emirates,H,27200,35771.6798038667,35868.9503409644,89210,High
ARE,2003,United Arab Emirates,H,29030,37439.2525420267,37704.9494167539,92600,High
ARE,2004,United Arab Emirates,H,33220,41721.053347977,42026.65917398,99130,High
ARE,2005,United Arab Emirates,H,36880,44909.517518559,45497.1684700262,102920,High
ARE,2006,United Arab Emirates,H,41670,49224.3910080801,50080.6627594035,109090,High
ARE,2007,United Arab Emirates,H,43420,49938.7001161262,50717.7866140135,104090,High
ARE,2008,United Arab Emirates,H,44890,50653.4583884569,51130.6319255952,95770,High
ARE,2009,United Arab Emirates,H,41310,46328.0708356299,46821.0087717352,85650,High
ARE,2010,United Arab Emirates,H,42380,46957.3944541324,47228.6901270431,85100,High
ARE,2011,United Arab Emirates,H,45610,49514.7093540564,49536.598968937,89700,High
ARE,2012,United Arab Emirates,H,51180,54545.8072785702,54703.4233400711,89270,High
ARE,2013,United Arab Emirates,H,53780,56483.1108781528,56647.5324834703,87630,High
ARE,2014,United Arab Emirates,H,53360,55140.2627090614,55350.7103866936,87610,High
ARE,2015,United Arab Emirates,H,49990,51265.1988048442,51442.9540176359,74320,High
ARE,2016,United Arab Emirates,H,46180,46958.1717100833,47052.7184188057,70370,High
ARE,2017,United Arab Emirates,H,42230,42230,42230,70770,High
ARE,2018,United Arab Emirates,H,44570,43532.5948772573,43583.7133522487,77700,High
ARE,2019,United Arab Emirates,H,46690,44926.3127191339,44993.4095396068,80200,High
ARE,2020,United Arab Emirates,H,41310,39481.5768694173,39373.2862747143,66440,High
ARE,2021,United Arab Emirates,H,43230,39581.0315504739,39804.6636911894,68460,High
ARE,2022,United Arab Emirates,H,46990,40160.4266208049,41066.2407711375,75080,High
ARE,2023,United Arab Emirates,H,51100,42156.1325015542,43261.8299173203,80140,High
ARG,1987,Argentina,UM,3490,6523.21090826271,6674.44285714957,,Upper-middle
ARG,1988,Argentina,UM,3860,6968.95358281682,7113.67374378805,,Upper-middle
ARG,1989,Argentina,LM,2910,5055.5795007725,5143.98669147423,,Lower-middle
ARG,1990,Argentina,LM,3180,5325.31000808913,5404.20412734874,6840,Lower-middle
ARG,1991,Argentina,UM,3850,6236.40580835577,6300.0571286196,7710,Upper-middle
ARG,1992,Argentina,UM,6040,9565.87544429336,9627.05064027313,8510,Upper-middle
ARG,1993,Argentina,UM,7080,10953.349853997,10948.0758034186,9350,Upper-middle
ARG,1994,Argentina,UM,7570,11466.5863078561,11319.1074554103,9960,Upper-middle
ARG,1995,Argentina,UM,7310,10845.3603312446,10539.3384324473,9710,Upper-middle
ARG,1996,Argentina,UM,7680,11189.4521740151,10831.5657081833,10280,Upper-middle
ARG,1997,Argentina,UM,8080,11572.6681298734,11245.7418460857,11160,Upper-middle
ARG,1998,Argentina,UM,7960,11274.0929206424,11003.6424206806,11540,Upper-middle
ARG,1999,Argentina,UM,7510,10488.3171047684,10319.2614656372,11160,Upper-middle
ARG,2000,Argentina,UM,7400,10105.7842545508,10018.0684614579,11190,Upper-middle
ARG,2001,Argentina,UM,6930,9255.52038288841,9230.80923879543,10800,Upper-middle
ARG,2002,Argentina,UM,4010,5273.69250049652,5288.03275247305,9450,Upper-middle
ARG,2003,Argentina,UM,3620,4668.62191533368,4701.75394035994,10490,Upper-middle
ARG,2004,Argentina,UM,3340,4194.71156478757,4225.43773754044,10770,Upper-middle
ARG,2005,Argentina,UM,4230,5150.95604944426,5218.357446535,11930,Upper-middle
ARG,2006,Argentina,UM,5440,6426.22239222356,6538.00828920459,14350,Upper-middle
ARG,2007,Argentina,UM,6460,7429.84805965397,7545.76005358192,16020,Upper-middle
ARG,2008,Argentina,UM,7600,8575.76929722149,8656.55608452937,16850,Upper-middle
ARG,2009,Argentina,UM,7720,8657.77552290154,8749.89561166293,15680,Upper-middle
ARG,2010,Argentina,UM,9160,10149.3566116058,10207.9943738489,17240,Upper-middle
ARG,2011,Argentina,UM,10590,11496.6185498675,11501.7010103276,18560,Upper-middle
ARG,2012,Argentina,UM,11770,12544.0436043136,12580.2909869605,18970,Upper-middle
ARG,2013,Argentina,UM,12760,13401.3479881969,13440.3591388821,19500,Upper-middle
ARG,2014,Argentina,H,12240,12648.3661086753,12696.6397138892,19090,High
ARG,2015,Argentina,UM,12500,12818.8634739058,12863.3111666423,19530,Upper-middle
ARG,2016,Argentina,UM,12130,12334.4006678933,12359.2350459098,19660,Upper-middle
ARG,2017,Argentina,H,13070,13070,13070,22790,High
ARG,2018,Argentina,UM,12390,12101.6120827736,12115.8224912354,23540,Upper-middle
ARG,2019,Argentina,UM,11210,10786.5488451808,10802.6584052044,22590,Upper-middle
ARG,2020,Argentina,UM,9040,8639.88029289598,8616.18271419552,21790,Upper-middle
ARG,2021,Argentina,UM,10070,9220.00896861605,9272.10185913203,25770,Upper-middle
ARG,2022,Argentina,UM,11890,10161.8955633405,10391.0960367913,29260,Upper-middle
ARG,2023,Argentina,UM,12920,10658.6542450114,10938.2160965123,29570,Upper-middle
ARM,1991,Armenia,LM,,,,,Lower-middle
ARM,1992,Armenia,LM,300,475.126263789406,478.164766900983,1250,Lower-middle
ARM,1993,Armenia,L,350,541.479159449002,541.218436609676,1440,Low
ARM,1994,Armenia,L,390,590.748832240933,583.150846447821,1590,Low
ARM,1995,Armenia,L,460,682.471375153558,663.214183163578,1810,Low
ARM,1996,Armenia,L,500,728.479959245777,705.18005912652,1980,Low
ARM,1997,Armenia,L,540,773.420889867774,751.571856050283,2160,Low
ARM,1998,Armenia,L,570,807.315699091224,787.94926881758,2310,Low
ARM,1999,Armenia,L,600,837.948104242483,824.441661702044,2450,Low
ARM,2000,Armenia,L,630,860.357308157705,852.88961225925,2610,Low
ARM,2001,Armenia,L,680,908.189590240133,905.764831512395,2930,Low
ARM,2002,Armenia,LM,760,999.502818049216,1002.22067129165,3400,Lower-middle
ARM,2003,Armenia,LM,910,1173.60385164465,1181.93262036673,3960,Lower-middle
ARM,2004,Armenia,LM,1120,1406.60986603655,1416.91325330697,4560,Lower-middle
ARM,2005,Armenia,LM,1460,1777.87135512733,1801.13519431232,5390,Lower-middle
ARM,2006,Armenia,LM,1910,2256.26558256379,2295.51393977588,6360,Lower-middle
ARM,2007,Armenia,LM,2600,2990.34132431894,3036.99321041997,7520,Lower-middle
ARM,2008,Armenia,LM,3390,3825.24446283958,3861.27962191507,8290,Lower-middle
ARM,2009,Armenia,LM,3140,3521.42683185374,3558.89536536549,7090,Lower-middle
ARM,2010,Armenia,LM,3280,3634.26743297674,3655.26436094151,7450,Lower-middle
ARM,2011,Armenia,LM,3360,3647.65234443388,3649.26490979233,7890,Lower-middle
ARM,2012,Armenia,LM,3700,3943.3272163093,3954.72189054832,9300,Lower-middle
ARM,2013,Armenia,LM,3940,4138.03378318932,4150.07954601846,10040,Lower-middle
ARM,2014,Armenia,LM,4000,4133.45297669126,4149.22866466968,10170,Lower-middle
ARM,2015,Armenia,LM,3910,4009.74049463774,4023.64373292571,10150,Lower-middle
ARM,2016,Armenia,LM,3690,3752.1795931184,3759.73432146801,10820,Lower-middle
ARM,2017,Armenia,UM,3900,3900,3900,12490,Upper-middle
ARM,2018,Armenia,UM,4220,4121.77586677195,4126.61589289858,13080,Upper-middle
ARM,2019,Armenia,UM,4650,4474.34898573512,4481.03136344338,15180,Upper-middle
ARM,2020,Armenia,UM,4230,4042.77584501659,4031.68726560255,14470,Upper-middle
ARM,2021,Armenia,UM,4580,4193.41023597433,4217.10293096571,15460,Upper-middle
ARM,2022,Armenia,UM,5690,4863.00973552628,4972.69440280427,18680,Upper-middle
ARM,2023,Armenia,UM,6850,5651.06668562909,5799.28639791868,20980,Upper-middle
ASM,1987,American Samoa,H,,,,,High
ASM,1988,American Samoa,H,,,,,High
ASM,1989,American Samoa,H,,,,,High
ASM,1990,American Samoa,UM,,,,,Upper-middle
ASM,1991,American Samoa,UM,,,,,Upper-middle
ASM,1992,American Samoa,UM,,,,,Upper-middle
ASM,1993,American Samoa,UM,,,,,Upper-middle
ASM,1994,American Samoa,UM,,,,,Upper-middle
ASM,1995,American Samoa,UM,,,,,Upper-middle
ASM,1996,American Samoa,UM,,,,,Upper-middle
ASM,1997,American Samoa,UM,,,,,Upper-middle
ASM,1998,American Samoa,UM,,,,,Upper-middle
ASM,1999,American Samoa,UM,,,,,Upper-middle
ASM,2000,American Samoa,UM,,,,,Upper-middle
ASM,2001,American Samoa,UM,,,,,Upper-middle
ASM,2002,American Samoa,UM,,,,,Upper-middle
ASM,2003,American Samoa,UM,,,,,Upper-middle
ASM,2004,American Samoa,UM,,,,,Upper-middle
ASM,2005,American Samoa,UM,,,,,Upper-middle
ASM,2006,American Samoa,UM,,,,,Upper-middle
ASM,2007,American Samoa,UM,,,,,Upper-middle
ASM,2008,American Samoa,UM,,,,,Upper-middle
ASM,2009,American Samoa,UM,,,,,Upper-middle
ASM,2010,American Samoa,UM,,,,,Upper-middle
ASM,2011,American Samoa,UM,,,,,Upper-middle
ASM,2012,American Samoa,UM,,,,,Upper-middle
ASM,2013,American Samoa,UM,,,,,Upper-middle
ASM,2014,American Samoa,UM,,,,,Upper-middle
ASM,2015,American Samoa,UM,,,,,Upper-middle
ASM,2016,American Samoa,UM,,,,,Upper-middle
ASM,2017,American Samoa,UM,,,,,Upper-middle
ASM,2018,American Samoa,UM,,,,,Upper-middle
ASM,2019,American Samoa,UM,,,,,Upper-middle
ASM,2020,American Samoa,UM,,,,,Upper-middle
ASM,2021,American Samoa,UM,,,,,Upper-middle
ASM,2022,American Samoa,H,,,,,High
ASM,2023,American Samoa,H,,,,,High
ATG,1987,Antigua and Barbuda,UM,4840,9046.51598739012,9256.2474007461,,Upper-middle
ATG,1988,Antigua and Barbuda,UM,6050,10922.8417554512,11149.6699870253,,Upper-middle
ATG,1989,Antigua and Barbuda,UM,6550,11379.3971580962,11578.3892883698,,Upper-middle
ATG,1990,Antigua and Barbuda,UM,7040,11789.3655524992,11964.0242316148,11770,Upper-middle
ATG,1991,Antigua and Barbuda,UM,7550,12229.8347670353,12354.6574859943,12790,Upper-middle
ATG,1992,Antigua and Barbuda,UM,7850,12432.4705691561,12511.9780672424,13120,Upper-middle
ATG,1993,Antigua and Barbuda,UM,8410,13010.9706599032,13004.7058625354,14120,Upper-middle
ATG,1994,Antigua and Barbuda,UM,9000,13632.6653594061,13457.327225719,15070,Upper-middle
ATG,1995,Antigua and Barbuda,UM,8730,12952.1197936751,12586.651780474,14410,Upper-middle
ATG,1996,Antigua and Barbuda,UM,9380,13666.2840354508,13229.1779092135,15400,Upper-middle
ATG,1997,Antigua and Barbuda,UM,9850,14107.7699355511,13709.2273742505,16330,Upper-middle
ATG,1998,Antigua and Barbuda,UM,10130,14347.557950516,14003.3791107405,17030,Upper-middle
ATG,1999,Antigua and Barbuda,UM,10590,14789.7840398798,14551.3953290411,17580,Upper-middle
ATG,2000,Antigua and Barbuda,UM,11200,15295.2410339148,15162.48199572,18360,Upper-middle
ATG,2001,Antigua and Barbuda,UM,10610,14170.4287535997,14132.5953858037,17470,Upper-middle
ATG,2002,Antigua and Barbuda,H,10710,14085.0989227725,14123.3991967547,17760,High
ATG,2003,Antigua and Barbuda,UM,11680,15063.3988870435,15170.3000064652,18990,Upper-middle
ATG,2004,Antigua and Barbuda,UM,12850,16138.3364094372,16256.5493794595,20400,Upper-middle
ATG,2005,Antigua and Barbuda,H,14050,17108.967492835,17332.8421096493,22360,High
ATG,2006,Antigua and Barbuda,H,15740,18593.5184657351,18916.9578073677,25640,High
ATG,2007,Antigua and Barbuda,H,17310,19908.7724322926,20219.3663355268,28380,High
ATG,2008,Antigua and Barbuda,H,17750,20028.9348718002,20217.6145395258,28580,High
ATG,2009,Antigua and Barbuda,UM,15750,17663.2078349351,17851.1471351931,24870,Upper-middle
ATG,2010,Antigua and Barbuda,UM,14390,15944.2403538217,16036.3579737647,22820,Upper-middle
ATG,2011,Antigua and Barbuda,UM,14100,15307.1125168208,15313.8795321642,22500,Upper-middle
ATG,2012,Antigua and Barbuda,H,14530,15485.5525548579,15530.2997485587,21550,High
ATG,2013,Antigua and Barbuda,H,14500,15228.8045320419,15273.1353850933,20610,High
ATG,2014,Antigua and Barbuda,H,14830,15324.7769110828,15383.2652742629,20720,High
ATG,2015,Antigua and Barbuda,H,14550,14921.1570836264,14972.8941979716,19750,High
ATG,2016,Antigua and Barbuda,H,15080,15334.1106407115,15364.984706704,19930,High
ATG,2017,Antigua and Barbuda,H,15860,15860,15860,20360,High
ATG,2018,Antigua and Barbuda,H,17460,17053.6034677342,17073.6287891017,23390,High
ATG,2019,Antigua and Barbuda,H,18250,17560.6169870249,17586.8435231918,25450,High
ATG,2020,Antigua and Barbuda,H,15460,14775.7244832048,14735.1974293654,22380,High
ATG,2021,Antigua and Barbuda,H,16660,15253.7586312953,15339.9421025958,24820,High
ATG,2022,Antigua and Barbuda,H,18820,16084.6824644296,16447.470766393,28450,High
ATG,2023,Antigua and Barbuda,H,19970,16474.715578396,16906.8247250271,30270,High
AUS,1987,Australia,H,12580,23513.4651077206,24058.5934506996,,High
AUS,1988,Australia,H,14160,25564.8659929239,26095.7565316163,,High
AUS,1989,Australia,H,15620,27136.8219251087,27611.3649899751,,High
AUS,1990,Australia,H,17370,29088.2499498453,29519.1904691973,16780,High
AUS,1991,Australia,H,18260,29578.3818339159,29880.2709528815,17120,High
AUS,1992,Australia,H,18600,29457.8283549431,29646.215547861,17560,High
AUS,1993,Australia,H,18980,29363.641275263,29349.5026481476,18710,High
AUS,1994,Australia,H,18950,28704.3342845274,28335.1501030416,19730,High
AUS,1995,Australia,H,19400,28782.4884303892,27970.3372899422,20330,High
AUS,1996,Australia,H,20620,30042.5135192959,29081.6256383777,21350,High
AUS,1997,Australia,H,22090,31638.6434392206,30744.8561113903,22370,High
AUS,1998,Australia,H,21960,31102.8995649882,30356.782356551,23620,High
AUS,1999,Australia,H,21650,30235.9607614163,29748.6032930821,24740,High
AUS,2000,Australia,H,21340,29142.8967556911,28889.9433739879,25820,High
AUS,2001,Australia,H,20370,27205.6205193993,27132.9847322169,26910,High
AUS,2002,Australia,H,20240,26618.3382069949,26690.7189301882,28290,High
AUS,2003,Australia,H,21420,27624.829123328,27820.8755255552,29320,High
AUS,2004,Australia,H,25890,32515.2941354342,32753.4679715335,30910,High
AUS,2005,Australia,H,30790,37493.6020714867,37984.214132107,31870,High
AUS,2006,Australia,H,34670,40955.354841616,41667.7844460888,33540,High
AUS,2007,Australia,H,37470,43095.4190085502,43767.7444593985,35080,High
AUS,2008,Australia,H,42510,47967.8885295902,48419.7630464926,36080,High
AUS,2009,Australia,H,44230,49602.7734945512,50130.5547802916,39020,High
AUS,2010,Australia,H,46900,51965.5922581125,52265.8227219991,37970,High
AUS,2011,Australia,H,50570,54899.3390053635,54923.6090738685,40460,High
AUS,2012,Australia,H,60500,64478.7288072196,64665.0471292361,41700,High
AUS,2013,Australia,H,66360,69695.411637676,69898.2940796409,44980,High
AUS,2014,Australia,H,65500,67685.2924933194,67943.6193839661,45880,High
AUS,2015,Australia,H,60780,62330.4417555197,62546.5642166815,45520,High
AUS,2016,Australia,H,54330,55245.5060417676,55356.7386681185,46320,High
AUS,2017,Australia,H,51700,51700,51700,47240,High
AUS,2018,Australia,H,53280,52039.8621283435,52100.9703255062,48780,High
AUS,2019,Australia,H,55090,53009.0076611071,53088.175873569,51080,High
AUS,2020,Australia,H,53770,51390.0844412629,51249.1310334395,52890,High
AUS,2021,Australia,H,57220,52390.1601970418,52686.1636921087,57560,High
AUS,2022,Australia,H,60790,51954.720882714,53126.5540854959,63510,High
AUS,2023,Australia,H,63320,52237.305479421,53607.4182067461,69080,High
AUT,1987,Austria,H,13760,25719.0206583653,26315.281866584,,High
AUT,1988,Austria,H,18000,32497.7110079541,33172.5718622241,,High
AUT,1989,Austria,H,19220,33391.1470807036,33975.0598660257,,High
AUT,1990,Austria,H,20550,34413.5599579345,34923.3945965461,19480,High
AUT,1991,Austria,H,21720,35183.0478331136,35542.1404762643,20520,High
AUT,1992,Austria,H,24430,38691.1154145839,38938.5508513034,21260,High
AUT,1993,Austria,H,24770,38321.2536558623,38302.801928062,21710,High
AUT,1994,Austria,H,26040,39443.8451065484,38936.5334397469,22590,High
AUT,1995,Austria,H,28080,41660.426552852,40484.9005722463,23510,High
AUT,1996,Austria,H,29930,43606.8103604522,42212.0783393135,24410,High
AUT,1997,Austria,H,29410,42122.7932796505,40932.8301600719,25180,High
AUT,1998,Austria,H,27810,39388.5080556613,38443.6301154683,26370,High
AUT,1999,Austria,H,26980,37679.733087437,37072.3933878686,27060,High
AUT,2000,Austria,H,26660,36408.1362468007,36092.1223219549,28970,High
AUT,2001,Austria,H,25190,33643.0820266896,33553.2589791136,29150,High
AUT,2002,Austria,H,24860,32694.2632325046,32783.1656425137,30770,High
AUT,2003,Austria,H,27950,36046.4040148001,36302.216196978,31880,High
AUT,2004,Austria,H,33610,42210.8549977576,42520.0486103994,33470,High
AUT,2005,Austria,H,38510,46894.4012917491,47508.024885594,34700,High
AUT,2006,Austria,H,41170,48633.7455676184,49479.742879881,37480,High
AUT,2007,Austria,H,44230,50870.3064517795,51663.9268064905,39150,High
AUT,2008,Austria,H,48890,55167.0211764682,55686.7140753475,41390,High
AUT,2009,Austria,H,48900,54840.0548017986,55423.5615816473,40670,High
AUT,2010,Austria,H,49460,54802.0936692163,55118.7119793193,42090,High
AUT,2011,Austria,H,50380,54693.0729501723,54717.2518319457,44320,High
AUT,2012,Austria,H,49760,53032.4222387975,53185.6652091039,46200,High
AUT,2013,Austria,H,50260,52786.1872952019,52939.8472037786,47650,High
AUT,2014,Austria,H,49960,51626.8276788738,51823.8660217244,48410,High
AUT,2015,Austria,H,47190,48393.7733866893,48561.572316308,49040,High
AUT,2016,Austria,H,45980,46754.8015424346,46848.9387807857,52380,High
AUT,2017,Austria,H,44800,44800,44800,53360,High
AUT,2018,Austria,H,48710,47576.2328129056,47632.0995599739,56050,High
AUT,2019,Austria,H,50900,48977.2824460038,49050.429333176,60220,High
AUT,2020,Austria,H,49000,46831.2095522016,46702.7602871217,59170,High
AUT,2021,Austria,H,53440,48929.223364731,49205.6726268138,64010,High
AUT,2022,Austria,H,56310,48125.848542616,49211.3219370665,72390,High
AUT,2023,Austria,H,55890,46107.7543153007,47317.0973400985,73570,High
AZE,1991,Azerbaijan,LM,,,,,Lower-middle
AZE,1992,Azerbaijan,LM,160,253.400674021016,255.021209013858,4220,Lower-middle
AZE,1993,Azerbaijan,LM,110,170.179164398258,170.09722293447,3280,Lower-middle
AZE,1994,Azerbaijan,L,80,121.179247639166,119.620686450835,2650,Low
AZE,1995,Azerbaijan,L,180,267.054016364436,259.518593411835,2350,Low
AZE,1996,Azerbaijan,L,240,349.670380437973,338.486428380729,2400,Low
AZE,1997,Azerbaijan,L,410,587.226971936644,570.637890704845,2560,Low
AZE,1998,Azerbaijan,L,510,722.335099186884,705.007240520993,2840,Low
AZE,1999,Azerbaijan,L,600,837.948104242483,824.441661702044,3180,Low
AZE,2000,Azerbaijan,L,630,860.357308157705,852.88961225925,3380,Low
AZE,2001,Azerbaijan,L,680,908.189590240133,905.764831512395,3740,Low
AZE,2002,Azerbaijan,L,740,973.200112311079,975.846443099766,4100,Low
AZE,2003,Azerbaijan,LM,840,1083.32663228737,1091.01472649236,4560,Lower-middle
AZE,2004,Azerbaijan,LM,960,1205.6655994599,1214.49707426312,4940,Lower-middle
AZE,2005,Azerbaijan,LM,1290,1570.85893706456,1591.41397305677,6070,Lower-middle
AZE,2006,Azerbaijan,LM,1920,2268.07849137302,2307.53233736632,8270,Lower-middle
AZE,2007,Azerbaijan,LM,2740,3151.35970332073,3200.52361405797,10220,Lower-middle
AZE,2008,Azerbaijan,LM,3900,4400.72371831103,4442.18009600849,11860,Lower-middle
AZE,2009,Azerbaijan,UM,4820,5405.50233424682,5463.01772645276,13190,Upper-middle
AZE,2010,Azerbaijan,UM,5400,5983.24516404707,6017.81327715981,14040,Upper-middle
AZE,2011,Azerbaijan,UM,5490,5960.00338420893,5962.6382008214,13790,Upper-middle
AZE,2012,Azerbaijan,UM,6440,6863.52088460321,6883.35377706249,15090,Upper-middle
AZE,2013,Azerbaijan,UM,7450,7824.45474232499,7847.23162889278,16410,Upper-middle
AZE,2014,Azerbaijan,UM,7740,7998.23150989759,8028.75746613584,17060,Upper-middle
AZE,2015,Azerbaijan,UM,6610,6778.6150050014,6802.11894492044,14590,Upper-middle
AZE,2016,Azerbaijan,UM,4790,4870.71551518621,4880.52233057772,13660,Upper-middle
AZE,2017,Azerbaijan,UM,4110,4110,4110,13770,Upper-middle
AZE,2018,Azerbaijan,UM,4080,3985.03448730558,3989.71394384507,14550,Upper-middle
AZE,2019,Azerbaijan,UM,4510,4339.6374033689,4346.11859121068,16030,Upper-middle
AZE,2020,Azerbaijan,UM,4480,4281.71058762986,4269.96665482256,15070,Upper-middle
AZE,2021,Azerbaijan,UM,4910,4495.55551498558,4520.95532555494,19690,Upper-middle
AZE,2022,Azerbaijan,UM,5670,4845.91655543656,4955.21568785592,21040,Upper-middle
AZE,2023,Azerbaijan,UM,6680,5510.82123503683,5655.36250191193,22660,Upper-middle
BDI,1987,Burundi,L,250,467.278718356928,478.111952517877,,Low
BDI,1988,Burundi,L,240,433.302813439388,442.300958162988,,Low
BDI,1989,Burundi,L,220,382.208759508574,388.892464647536,,Low
BDI,1990,Burundi,L,210,351.671415628527,356.881404636237,590,Low
BDI,1991,Burundi,L,210,340.167589546678,343.639479742887,630,Low
BDI,1992,Burundi,L,200,316.75084252627,318.776511267322,630,Low
BDI,1993,Burundi,L,180,278.474996288058,278.340910256405,630,Low
BDI,1994,Burundi,L,170,257.505901233227,254.193958708025,610,Low
BDI,1995,Burundi,L,150,222.54501363703,216.265494509862,540,Low
BDI,1996,Burundi,L,140,203.974388588818,197.450416555425,510,Low
BDI,1997,Burundi,L,150,214.839136074382,208.769960013968,510,Low
BDI,1998,Burundi,L,150,212.451499760848,207.355070741469,530,Low
BDI,1999,Burundi,L,140,195.521224323246,192.36972106381,520,Low
BDI,2000,Burundi,L,130,177.534047715082,175.993094593179,530,Low
BDI,2001,Burundi,L,130,173.624480487084,173.160923671487,520,Low
BDI,2002,Burundi,L,130,170.967587297892,171.432483247256,540,Low
BDI,2003,Burundi,L,120,154.760947469625,155.859246641766,520,Low
BDI,2004,Burundi,L,120,150.708199932488,151.81213428289,540,Low
BDI,2005,Burundi,L,130,158.303613812708,160.375051548357,540,Low
BDI,2006,Burundi,L,150,177.193632138517,180.275963856744,580,Low
BDI,2007,Burundi,L,160,184.021004573473,186.891889871998,590,Low
BDI,2008,Burundi,L,180,203.110325460509,205.023696738853,610,Low
BDI,2009,Burundi,L,190,213.079967532551,215.347171789632,600,Low
BDI,2010,Burundi,L,200,221.601672742484,222.881973228141,610,Low
BDI,2011,Burundi,L,220,238.834379695076,238.939964331641,620,Low
BDI,2012,Burundi,L,230,245.125745878686,245.834063466517,640,Low
BDI,2013,Burundi,L,240,252.062971564832,252.796723615338,690,Low
BDI,2014,Burundi,L,240,248.007178601476,248.953719880181,720,Low
BDI,2015,Burundi,L,240,246.122178698992,246.975574399532,720,Low
BDI,2016,Burundi,L,240,244.044201178432,244.535565623936,760,Low
BDI,2017,Burundi,L,240,240,240,790,Low
BDI,2018,Burundi,L,250,244.181034761372,244.467766166977,820,Low
BDI,2019,Burundi,L,250,240.556397082533,240.915664701257,870,Low
BDI,2020,Burundi,L,250,238.934742613274,238.279389220009,960,Low
BDI,2021,Burundi,L,260,238.053856190682,239.398856343031,1040,Low
BDI,2022,Burundi,L,290,247.851111300988,253.441366751008,1110,Low
BDI,2023,Burundi,L,280,230.992506857831,237.051122834632,1150,Low
BEL,1987,Belgium,H,13090,24466.7136931687,25033.9418338361,,High
BEL,1988,Belgium,H,17010,30710.3369025166,31348.0804098018,,High
BEL,1989,Belgium,H,18030,31323.7451542708,31871.5051708867,,High
BEL,1990,Belgium,H,19310,32337.0239799374,32816.0948739321,18750,High
BEL,1991,Belgium,H,20580,33336.4237755745,33676.6690148029,19740,High
BEL,1992,Belgium,H,23170,36695.5851066684,36930.2588303193,20410,High
BEL,1993,Belgium,H,23410,36217.2203505747,36199.7817172358,20810,High
BEL,1994,Belgium,H,25090,38004.8415408333,37516.0377881432,22050,High
BEL,1995,Belgium,H,27070,40161.9567943626,39028.7129092132,22940,High
BEL,1996,Belgium,H,28550,41596.2056729339,40265.7813761243,23270,High
BEL,1997,Belgium,H,28450,40747.8228087744,39596.7024159825,24310,High
BEL,1998,Belgium,H,26530,37575.5885910354,36674.2001784744,24960,High
BEL,1999,Belgium,H,25980,36283.1529136995,35698.3239516985,26030,High
BEL,2000,Belgium,H,25890,35356.588425719,35049.7016847492,28510,High
BEL,2001,Belgium,H,24460,32668.1137901083,32580.8937923429,29330,High
BEL,2002,Belgium,H,24060,31642.1550029791,31728.1965148383,30810,High
BEL,2003,Belgium,H,27100,34950.1806368903,35198.2131999322,31520,High
BEL,2004,Belgium,H,32910,41331.7238314847,41634.4778270826,32500,High
BEL,2005,Belgium,H,37780,46005.4656141854,46607.4572884379,33590,High
BEL,2006,Belgium,H,39940,47180.7577840826,48001.4799762557,35760,High
BEL,2007,Belgium,H,42740,49156.610846689,49923.4960820575,37310,High
BEL,2008,Belgium,H,46570,52549.1547594217,53044.1864284911,38800,High
BEL,2009,Belgium,H,47120,52843.8319480726,53406.0986038286,38650,High
BEL,2010,Belgium,H,47110,52198.2740144921,52499.8487938886,40450,High
BEL,2011,Belgium,H,46720,50719.7373606997,50742.1596980648,41310,High
BEL,2012,Belgium,H,47170,50272.093187381,50417.3598857201,43440,High
BEL,2013,Belgium,H,47950,50360.0811938904,50506.678738981,44870,High
BEL,2014,Belgium,H,48050,49653.1038825038,49842.6093343446,46060,High
BEL,2015,Belgium,H,45520,46681.1732265755,46843.0339444446,46720,High
BEL,2016,Belgium,H,43240,43968.6302456475,44057.1577399124,48850,High
BEL,2017,Belgium,H,42310,42310,42310,50700,High
BEL,2018,Belgium,H,45980,44909.7759133115,44962.5115534305,53000,High
BEL,2019,Belgium,H,48070,46254.1840310295,46323.2640087577,57190,High
BEL,2020,Belgium,H,46330,44279.3865010919,44157.9364102521,56620,High
BEL,2021,Belgium,H,51140,46823.3623291981,47087.9135130101,61450,High
BEL,2022,Belgium,H,54330,46433.6237137334,47480.9291571803,69930,High
BEL,2023,Belgium,H,55520,45802.5142169528,47003.8512134956,72940,High
BEN,1987,Benin,L,290,542.043313294036,554.609864920738,,Low
BEN,1988,Benin,L,340,613.845652372466,626.593024064232,,Low
BEN,1989,Benin,L,320,555.940013830653,565.661766760053,,Low
BEN,1990,Benin,L,350,586.119026047545,594.802341060395,1170,Low
BEN,1991,Benin,L,360,583.144439222877,589.096250987807,1230,Low
BEN,1992,Benin,L,350,554.313974420973,557.858894717814,1230,Low
BEN,1993,Benin,L,360,556.949992576117,556.68182051281,1290,Low
BEN,1994,Benin,L,310,469.569584601767,463.530159996986,1300,Low
BEN,1995,Benin,L,340,504.435364243934,490.201787555688,1370,Low
BEN,1996,Benin,L,330,480.796773102213,465.418839023503,1420,Low
BEN,1997,Benin,L,360,515.613926578516,501.047904033522,1490,Low
BEN,1998,Benin,L,350,495.720166108646,483.82849839676,1530,Low
BEN,1999,Benin,L,390,544.666267757614,535.887080106328,1590,Low
BEN,2000,Benin,L,450,614.540934398361,609.206865899464,1670,Low
BEN,2001,Benin,L,510,681.1421926801,679.323623634296,1740,Low
BEN,2002,Benin,L,510,670.7189963225,672.542818893082,1790,Low
BEN,2003,Benin,L,570,735.114500480718,740.331421548389,1830,Low
BEN,2004,Benin,L,690,866.572149611804,872.919772126617,1900,Low
BEN,2005,Benin,L,780,949.821682876247,962.250309290142,1940,Low
BEN,2006,Benin,L,810,956.845613547993,973.490204826418,2010,Low
BEN,2007,Benin,L,870,1000.61421236826,1016.22465117899,2120,Low
BEN,2008,Benin,L,970,1094.53897609274,1104.84992131493,2210,Low
BEN,2009,Benin,L,1020,1143.9029835958,1156.07429066013,2210,Low
BEN,2010,Benin,L,1020,1130.16853098667,1136.69806346352,2210,Low
BEN,2011,Benin,L,1030,1118.17914129967,1118.67346937086,2260,Low
BEN,2012,Benin,L,1050,1119.05231814183,1122.28594191236,2330,Low
BEN,2013,Benin,L,1140,1197.29911493295,1200.78443717285,2500,Low
BEN,2014,Benin,L,1180,1219.36862812392,1224.02245607756,2660,Low
BEN,2015,Benin,L,1100,1128.05998570371,1131.97138266452,2710,Low
BEN,2016,Benin,L,1040,1057.52487177321,1059.65411770372,2830,Low
BEN,2017,Benin,L,1020,1020,1020,2880,Low
BEN,2018,Benin,L,1120,1093.93103573094,1095.21559242806,2950,Low
BEN,2019,Benin,LM,1170,1125.80393834626,1127.48531080188,3130,Lower-middle
BEN,2020,Benin,LM,1190,1137.32937483918,1134.20989268724,3220,Lower-middle
BEN,2021,Benin,LM,1280,1171.95744586182,1178.57898507339,3430,Lower-middle
BEN,2022,Benin,LM,1360,1162.33624610119,1188.55261648749,3820,Lower-middle
BEN,2023,Benin,LM,1390,1146.71280190138,1176.78950264335,4090,Lower-middle
BFA,1987,Burkina Faso,L,260,485.969867091205,497.236430618592,,Low
BFA,1988,Burkina Faso,L,310,559.682800692542,571.305404293859,,Low
BFA,1989,Burkina Faso,L,320,555.940013830653,565.661766760053,,Low
BFA,1990,Burkina Faso,L,320,535.880252386327,543.819283255219,570,Low
BFA,1991,Burkina Faso,L,340,550.747525932717,556.368681488484,620,Low
BFA,1992,Burkina Faso,L,360,570.151516547287,573.79772028118,620,Low
BFA,1993,Burkina Faso,L,350,541.479159449002,541.218436609676,640,Low
BFA,1994,Burkina Faso,L,270,408.979960782184,403.719816771569,640,Low
BFA,1995,Burkina Faso,L,250,370.908356061716,360.442490849771,680,Low
BFA,1996,Burkina Faso,L,240,349.670380437973,338.486428380729,760,Low
BFA,1997,Burkina Faso,L,250,358.065226790636,347.949933356613,790,Low
BFA,1998,Burkina Faso,L,240,339.922399617357,331.76811318635,840,Low
BFA,1999,Burkina Faso,L,260,363.110845171743,357.258053404219,890,Low
BFA,2000,Burkina Faso,L,260,355.068095430164,351.986189186357,900,Low
BFA,2001,Burkina Faso,L,270,360.604690242406,359.641918394627,940,Low
BFA,2002,Burkina Faso,L,260,341.935174595784,342.864966494512,960,Low
BFA,2003,Burkina Faso,L,310,399.799114296531,402.636387157896,1030,Low
BFA,2004,Burkina Faso,L,370,464.683616458503,468.087414038911,1070,Low
BFA,2005,Burkina Faso,L,440,535.796846750704,542.807866779054,1160,Low
BFA,2006,Burkina Faso,L,470,555.206714034021,564.864686751132,1240,Low
BFA,2007,Burkina Faso,L,490,563.564326506261,572.356412732994,1290,Low
BFA,2008,Burkina Faso,L,550,620.614883351555,626.461295590941,1350,Low
BFA,2009,Burkina Faso,L,590,661.669372864237,668.709638715172,1340,Low
BFA,2010,Burkina Faso,L,630,698.045269138824,702.078215668644,1410,Low
BFA,2011,Burkina Faso,L,660,716.503139085227,716.819892994922,1470,Low
BFA,2012,Burkina Faso,L,710,756.692519886379,758.879065483597,1530,Low
BFA,2013,Burkina Faso,L,750,787.6967861401,789.98976129793,1600,Low
BFA,2014,Burkina Faso,L,730,754.355168246155,757.234231302217,1590,Low
BFA,2015,Burkina Faso,L,680,697.346172980477,699.764127465341,1610,Low
BFA,2016,Burkina Faso,L,650,660.953044858254,662.283823564826,1800,Low
BFA,2017,Burkina Faso,L,650,650,650,1970,Low
BFA,2018,Burkina Faso,L,730,713.008621503205,713.845877207574,2010,Low
BFA,2019,Burkina Faso,L,760,731.291447130902,732.383620691822,2140,Low
BFA,2020,Burkina Faso,L,770,735.919007248883,733.900518797627,2280,Low
BFA,2021,Burkina Faso,L,820,750.785238755229,755.027162312638,2340,Low
BFA,2022,Burkina Faso,L,840,717.913563768379,734.106027830507,2470,Low
BFA,2023,Burkina Faso,L,840,692.977520573494,711.153368503896,2610,Low
BGD,1987,Bangladesh,L,250,467.278718356928,478.111952517877,,Low
BGD,1988,Bangladesh,L,270,487.465665119311,497.588577933361,,Low
BGD,1989,Bangladesh,L,280,486.447512101821,494.954045915046,,Low
BGD,1990,Bangladesh,L,290,485.641478725109,492.836225450042,950,Low
BGD,1991,Bangladesh,L,300,485.953699352397,490.913542489839,1000,Low
BGD,1992,Bangladesh,L,300,475.126263789406,478.164766900983,1060,Low
BGD,1993,Bangladesh,L,300,464.124993813431,463.901517094008,1120,Low
BGD,1994,Bangladesh,L,300,454.422178646871,448.577574190632,1170,Low
BGD,1995,Bangladesh,L,320,474.762695758997,461.366388287707,1230,Low
BGD,1996,Bangladesh,L,350,509.935971472044,493.626041388564,1290,Low
BGD,1997,Bangladesh,L,370,529.936535650142,514.965901367787,1350,Low
BGD,1998,Bangladesh,L,390,552.373899378206,539.123183927818,1410,Low
BGD,1999,Bangladesh,L,400,558.632069494989,549.627774468029,1470,Low
BGD,2000,Bangladesh,L,410,559.915073562951,555.055144486179,1550,Low
BGD,2001,Bangladesh,L,420,560.940629265965,559.44298416942,1640,Low
BGD,2002,Bangladesh,L,420,552.356820500883,553.858792029597,1710,Low
BGD,2003,Bangladesh,L,440,567.456807388624,571.483904353142,1800,Low
BGD,2004,Bangladesh,L,490,615.391816390991,619.8995483218,1930,Low
BGD,2005,Bangladesh,L,530,645.391656313348,653.836748620224,2090,Low
BGD,2006,Bangladesh,L,550,649.709984507897,661.011867474728,2300,Low
BGD,2007,Bangladesh,L,580,667.07614157884,677.483100785993,2520,Low
BGD,2008,Bangladesh,L,640,722.17004608181,728.973143960368,2720,Low
BGD,2009,Bangladesh,L,700,785.031459330451,793.384317119696,2850,Low
BGD,2010,Bangladesh,L,780,864.246523695687,869.23969558975,3030,Low
BGD,2011,Bangladesh,L,870,944.481410612345,944.898949856942,3250,Low
BGD,2012,Bangladesh,L,950,1012.47590689022,1015.40156649214,3680,Low
BGD,2013,Bangladesh,L,1010,1060.76500533533,1063.85287854788,3940,Low
BGD,2014,Bangladesh,LM,1080,1116.03230370664,1120.29173946082,4190,Lower-middle
BGD,2015,Bangladesh,LM,1200,1230.61089349496,1234.87787199766,4440,Lower-middle
BGD,2016,Bangladesh,LM,1400,1423.59117354085,1426.45746613963,4790,Lower-middle
BGD,2017,Bangladesh,LM,1640,1640,1640,5050,Lower-middle
BGD,2018,Bangladesh,LM,2020,1972.98276087188,1975.29955062918,5710,Lower-middle
BGD,2019,Bangladesh,LM,2220,2136.1408060929,2139.33110254716,6290,Lower-middle
BGD,2020,Bangladesh,LM,2320,2217.31441145118,2211.23273196168,6920,Lower-middle
BGD,2021,Bangladesh,LM,2600,2380.53856190682,2393.98856343031,7830,Lower-middle
BGD,2022,Bangladesh,LM,2850,2435.77816278557,2490.71688013922,8790,Lower-middle
BGD,2023,Bangladesh,LM,2880,2375.92292768055,2438.24012058479,9510,Lower-middle
BGR,1989,Bulgaria,LM,2830,4916.59449731483,5002.57124978422,,Lower-middle
BGR,1990,Bulgaria,LM,2250,3767.90802459136,3823.72933538826,6950,Lower-middle
BGR,1991,Bulgaria,LM,1340,2170.59319044071,2192.74715645461,6480,Lower-middle
BGR,1992,Bulgaria,LM,1140,1805.47980239974,1817.02611422374,6800,Lower-middle
BGR,1993,Bulgaria,LM,1030,1593.49581209278,1592.72854202276,6910,Lower-middle
BGR,1994,Bulgaria,LM,1170,1772.2464967228,1749.45253934346,7190,Lower-middle
BGR,1995,Bulgaria,LM,1520,2255.12280485523,2191.49034436661,7570,Lower-middle
BGR,1996,Bulgaria,LM,1590,2316.56627040157,2242.47258802233,6630,Lower-middle
BGR,1997,Bulgaria,LM,1460,2091.10092445732,2032.02761080262,5570,Lower-middle
BGR,1998,Bulgaria,LM,1440,2039.53439770414,1990.6086791181,6060,Lower-middle
BGR,1999,Bulgaria,LM,1480,2066.93865713146,2033.62276553171,5730,Lower-middle
BGR,2000,Bulgaria,LM,1660,2266.97322466951,2247.29643865136,6270,Lower-middle
BGR,2001,Bulgaria,LM,1770,2363.96408047799,2357.65257614256,6970,Lower-middle
BGR,2002,Bulgaria,LM,1970,2590.81651520652,2597.86147690073,7950,Lower-middle
BGR,2003,Bulgaria,LM,2370,3056.52871252509,3078.22012117488,8550,Lower-middle
BGR,2004,Bulgaria,LM,3060,3843.05909827843,3871.20942421369,9310,Lower-middle
BGR,2005,Bulgaria,LM,3800,4627.33640375608,4687.88612218274,10320,Lower-middle
BGR,2006,Bulgaria,UM,4300,5079.55078797083,5167.91096389333,11120,Upper-middle
BGR,2007,Bulgaria,UM,4820,5543.63276277588,5630.11818239394,11880,Upper-middle
BGR,2008,Bulgaria,UM,6070,6849.33153080716,6913.85466224911,13650,Upper-middle
BGR,2009,Bulgaria,UM,6680,7491.44306903916,7571.15319765652,13730,Upper-middle
BGR,2010,Bulgaria,UM,7010,7767.13862962406,7812.01316164634,14640,Upper-middle
BGR,2011,Bulgaria,UM,7260,7881.5345299375,7885.01882294414,15250,Upper-middle
BGR,2012,Bulgaria,UM,7490,7982.57320274504,8005.63971897485,16110,Upper-middle
BGR,2013,Bulgaria,UM,7700,8087.02033770502,8110.56154932542,16520,Upper-middle
BGR,2014,Bulgaria,UM,7850,8111.9014667566,8142.86125441426,17790,Upper-middle
BGR,2015,Bulgaria,UM,7620,7814.379173693,7841.47448718514,18280,Upper-middle
BGR,2016,Bulgaria,UM,7630,7758.57189579766,7774.19319046096,20050,Upper-middle
BGR,2017,Bulgaria,UM,7900,7900,7900,21770,Upper-middle
BGR,2018,Bulgaria,UM,8860,8653.77587194301,8663.93763295768,23130,Upper-middle
BGR,2019,Bulgaria,UM,9920,9545.27783623493,9559.53357534588,25930,Upper-middle
BGR,2020,Bulgaria,UM,10090,9643.40621187172,9616.95614891956,26360,Upper-middle
BGR,2021,Bulgaria,UM,11720,10730.7353636723,10791.3638320782,29720,Upper-middle
BGR,2022,Bulgaria,UM,13100,11196.0329587688,11448.5582911662,34350,Upper-middle
BGR,2023,Bulgaria,H,14240,11747.6189201983,12055.742818447,36930,High
BHR,1987,Bahrain,H,7470,13962.288104505,14285.9851412342,,High
BHR,1988,Bahrain,H,7560,13649.0386233407,13932.4801821341,,High
BHR,1989,Bahrain,H,7410,12873.485945266,13098.6052865375,,High
BHR,1990,Bahrain,UM,8740,14636.2293933016,14853.0641739082,24900,Upper-middle
BHR,1991,Bahrain,UM,9930,16085.0674485644,16249.2382564137,28990,Upper-middle
BHR,1992,Bahrain,UM,10010,15853.3796684398,15954.7643889295,29790,Upper-middle
BHR,1993,Bahrain,UM,10150,15702.8956240211,15695.3346616806,32060,Upper-middle
BHR,1994,Bahrain,UM,9780,14814.163023888,14623.6289186146,31610,Upper-middle
BHR,1995,Bahrain,UM,10470,15533.6419518647,15095.3315167884,33810,Upper-middle
BHR,1996,Bahrain,UM,10880,15851.7239131881,15344.7180865931,35130,Upper-middle
BHR,1997,Bahrain,UM,10410,14909.8360435621,14488.6352249694,34690,Upper-middle
BHR,1998,Bahrain,UM,10210,14460.8654170551,14113.9684818026,36210,Upper-middle
BHR,1999,Bahrain,UM,10120,14133.3913582232,13905.5826940411,36750,Upper-middle
BHR,2000,Bahrain,UM,12500,17070.5815110656,16922.4129416518,44560,Upper-middle
BHR,2001,Bahrain,H,12730,17001.843358466,16956.4504487541,44510,High
BHR,2002,Bahrain,H,12480,16412.8883805976,16457.5183917366,42620,High
BHR,2003,Bahrain,H,13180,16997.9107304138,17118.5405894873,43400,High
BHR,2004,Bahrain,H,14680,18436.6364584076,18571.6844272735,44290,High
BHR,2005,Bahrain,H,16550,20153.267758464,20416.9777163485,46050,High
BHR,2006,Bahrain,H,17850,21086.0422244836,21452.8396989525,47010,High
BHR,2007,Bahrain,H,19600,22542.5730602504,22894.2565093198,48670,High
BHR,2008,Bahrain,H,21070,23775.1919858496,23999.1627238202,48520,High
BHR,2009,Bahrain,H,18940,21240.7083424553,21466.7128089243,43540,High
BHR,2010,Bahrain,H,19510,21617.2431760293,21742.1364884052,44890,High
BHR,2011,Bahrain,H,20040,21755.6407685878,21765.2585691185,46050,High
BHR,2012,Bahrain,H,24670,26292.4006557704,26368.3754161695,54930,High
BHR,2013,Bahrain,H,25970,27275.3140480779,27354.712134543,54320,High
BHR,2014,Bahrain,H,25480,26330.0954615233,26430.5865939459,51750,High
BHR,2015,Bahrain,H,23640,24243.0346018507,24327.0940783539,45470,High
BHR,2016,Bahrain,H,22720,23102.8510448916,23149.3668790659,44920,High
BHR,2017,Bahrain,H,22360,22360,22360,47500,High
BHR,2018,Bahrain,H,24200,23636.7241649008,23664.4797649634,49270,High
BHR,2019,Bahrain,H,25800,24825.4201789175,24862.4965971697,53440,High
BHR,2020,Bahrain,H,23870,22813.4892247154,22750.9160827265,49770,High
BHR,2021,Bahrain,H,25240,23109.5358855878,23240.1043619158,51550,High
BHR,2022,Bahrain,H,28300,24186.8498269585,24732.3816519087,59070,High
BHR,2023,Bahrain,H,28460,23478.738375621,24094.5534138344,60550,High
BHS,1987,"Bahamas, The",H,10030,18747.22218048,19181.8515350172,,High
BHS,1988,"Bahamas, The",H,10880,19643.0608759189,20050.9767700554,,High
BHS,1989,"Bahamas, The",H,11540,20048.5867487679,20399.1774637844,,High
BHS,1990,"Bahamas, The",H,11020,18454.3761915541,18727.7765671016,19180,High
BHS,1991,"Bahamas, The",H,10530,17056.9748472691,17231.0653413933,18640,High
BHS,1992,"Bahamas, The",H,10750,17025.357785787,17134.2374806186,18340,High
BHS,1993,"Bahamas, The",H,10530,16290.7872828514,16282.9432499997,18320,High
BHS,1994,"Bahamas, The",H,10790,16344.0510253325,16133.8400850564,18960,High
BHS,1995,"Bahamas, The",H,13250,19658.142871271,19103.4520150379,21970,High
BHS,1996,"Bahamas, The",H,14770,21519.2979961203,20831.0189465974,24110,High
BHS,1997,"Bahamas, The",H,13460,19278.2318104079,18733.62441192,21080,High
BHS,1998,"Bahamas, The",H,16180,22916.4351075368,22366.7002973131,21900,High
BHS,1999,"Bahamas, The",H,22250,31073.9088656588,30573.0449547841,23780,High
BHS,2000,"Bahamas, The",H,23880,32611.6389187397,32328.5776837316,24980,High
BHS,2001,"Bahamas, The",H,24520,32748.2481657177,32660.8142186528,25720,High
BHS,2002,"Bahamas, The",H,25220,33167.7119357911,33257.9017499677,26610,High
BHS,2003,"Bahamas, The",H,25900,33402.571162194,33639.6207335145,26570,High
BHS,2004,"Bahamas, The",H,27470,34499.6187678786,34752.3277395915,27230,High
BHS,2005,"Bahamas, The",H,28880,35167.7566685462,35627.9345285888,28600,High
BHS,2006,"Bahamas, The",H,29230,34529.1324493924,35129.7761568842,29750,High
BHS,2007,"Bahamas, The",H,29690,34147.3976611651,34680.1263143726,30550,High
BHS,2008,"Bahamas, The",H,29660,33468.0680731039,33783.3491404133,30450,High
BHS,2009,"Bahamas, The",H,27920,31311.5404921517,31644.7001914027,28750,High
BHS,2010,"Bahamas, The",H,27320,30270.7884966233,30445.6775429641,28930,High
BHS,2011,"Bahamas, The",H,26990,29300.6359453186,29313.5892605045,29370,High
BHS,2012,"Bahamas, The",H,27910,29745.4763803223,29831.4291797848,30230,High
BHS,2013,"Bahamas, The",H,26870,28220.550191446,28302.6998481005,29430,High
BHS,2014,"Bahamas, The",H,27220,28128.147506384,28235.5010630772,30480,High
BHS,2015,"Bahamas, The",H,27620,28324.5607319423,28422.7723538128,30790,High
BHS,2016,"Bahamas, The",H,27820,28288.7903199333,28345.7476485746,30770,High
BHS,2017,"Bahamas, The",H,29570,29570,29570,32780,High
BHS,2018,"Bahamas, The",H,30650,29936.5948617442,29971.7481320714,32930,High
BHS,2019,"Bahamas, The",H,31630,30435.1953588821,30480.649898003,34420,High
BHS,2020,"Bahamas, The",H,25180,24065.5072760089,23999.5000822393,25810,High
BHS,2021,"Bahamas, The",H,29910,27385.3493794743,27540.0761277695,29230,High
BHS,2022,"Bahamas, The",H,33790,28878.9277615875,29530.2889052296,34800,High
BHS,2023,"Bahamas, The",H,35180,29022.5585402089,29783.7803618656,37180,High
BIH,1992,Bosnia and Herzegovina,LM,1140,1805.47980239974,1817.02611422374,840,Lower-middle
BIH,1993,Bosnia and Herzegovina,L,980,1516.14164645721,1515.41162250709,920,Low
BIH,1994,Bosnia and Herzegovina,L,580,878.549545383951,867.249976768555,1130,Low
BIH,1995,Bosnia and Herzegovina,L,510,756.653046365901,735.302681333532,1350,Low
BIH,1996,Bosnia and Herzegovina,L,640,932.454347834595,902.630475681945,2120,Low
BIH,1997,Bosnia and Herzegovina,L,900,1289.03481644629,1252.61976008381,2890,Low
BIH,1998,Bosnia and Herzegovina,LM,1230,1742.10229803896,1700.31158008004,4090,Lower-middle
BIH,1999,Bosnia and Herzegovina,LM,1270,1773.65682064659,1745.06818393599,4360,Lower-middle
BIH,2000,Bosnia and Herzegovina,LM,1340,1829.96633798623,1814.08266734507,4590,Lower-middle
BIH,2001,Bosnia and Herzegovina,LM,1430,1909.86928535793,1904.77016038636,4700,Lower-middle
BIH,2002,Bosnia and Herzegovina,LM,1590,2091.06510618191,2096.7511412549,5020,Lower-middle
BIH,2003,Bosnia and Herzegovina,LM,1860,2398.79468577918,2415.81832294737,5230,Lower-middle
BIH,2004,Bosnia and Herzegovina,LM,2360,2963.92793200559,2985.63864089683,5680,Lower-middle
BIH,2005,Bosnia and Herzegovina,LM,2810,3421.79349856699,3466.56842192987,6200,Lower-middle
BIH,2006,Bosnia and Herzegovina,LM,3160,3732.8791837181,3797.81363858208,7080,Lower-middle
BIH,2007,Bosnia and Herzegovina,LM,3680,4232.48310518988,4298.51346705595,7910,Lower-middle
BIH,2008,Bosnia and Herzegovina,UM,4500,5077.75813651272,5125.59241847134,8900,Upper-middle
BIH,2009,Bosnia and Herzegovina,UM,4790,5371.85812884694,5429.01554143335,9030,Upper-middle
BIH,2010,Bosnia and Herzegovina,UM,4820,5340.60031309386,5371.4555547982,9230,Upper-middle
BIH,2011,Bosnia and Herzegovina,UM,4900,5319.49300229941,5321.84466011381,9840,Upper-middle
BIH,2012,Bosnia and Herzegovina,UM,4900,5222.24415132853,5237.33439559102,10200,Upper-middle
BIH,2013,Bosnia and Herzegovina,UM,5170,5429.85651245909,5445.66275454707,10950,Upper-middle
BIH,2014,Bosnia and Herzegovina,UM,5180,5352.82160481518,5373.25112074724,11260,Upper-middle
BIH,2015,Bosnia and Herzegovina,UM,5140,5271.11666047008,5289.39355172331,11930,Upper-middle
BIH,2016,Bosnia and Herzegovina,UM,5070,5155.43374989438,5165.81382380564,12920,Upper-middle
BIH,2017,Bosnia and Herzegovina,UM,5070,5070,5070,13510,Upper-middle
BIH,2018,Bosnia and Herzegovina,UM,5720,5586.86207534018,5593.42248990044,14770,Upper-middle
BIH,2019,Bosnia and Herzegovina,UM,6180,5946.55413588023,5955.43523141508,16400,Upper-middle
BIH,2020,Bosnia and Herzegovina,UM,6160,5887.35205799106,5871.20415038102,16280,Upper-middle
BIH,2021,Bosnia and Herzegovina,UM,6970,6381.67452941945,6417.73087965742,18050,Upper-middle
BIH,2022,Bosnia and Herzegovina,UM,7710,6589.42092458834,6738.04461258715,21370,Upper-middle
BIH,2023,Bosnia and Herzegovina,UM,8280,6830.77841708158,7009.94034668126,23260,Upper-middle
BLR,1991,Belarus,UM,,,,,Upper-middle
BLR,1992,Belarus,UM,1680,2660.70707722067,2677.72269464551,4920,Upper-middle
BLR,1993,Belarus,UM,1610,2490.80413346541,2489.60480840451,4650,Upper-middle
BLR,1994,Belarus,LM,1460,2211.52126941477,2183.07752772774,4180,Lower-middle
BLR,1995,Belarus,LM,1370,2032.5777912182,1975.22484985674,3840,Lower-middle
BLR,1996,Belarus,LM,1450,2112.59188181275,2045.02217146691,4040,Lower-middle
BLR,1997,Belarus,LM,1530,2191.35918795869,2129.45359214247,4590,Lower-middle
BLR,1998,Belarus,LM,1550,2195.33216419543,2142.66906432851,5060,Lower-middle
BLR,1999,Belarus,LM,1410,1969.17804496984,1937.4379049998,5340,Lower-middle
BLR,2000,Belarus,LM,1380,1884.59219882164,1868.23438875836,5770,Lower-middle
BLR,2001,Belarus,LM,1300,1736.24480487084,1731.60923671487,6220,Lower-middle
BLR,2002,Belarus,LM,1380,1814.88669593147,1819.8217452401,6680,Lower-middle
BLR,2003,Belarus,LM,1630,2102.1695364624,2117.08810021732,7370,Lower-middle
BLR,2004,Belarus,LM,2170,2725.30661544582,2745.26942828226,8480,Lower-middle
BLR,2005,Belarus,LM,2820,3433.97069962951,3478.90496435667,9650,Lower-middle
BLR,2006,Belarus,LM,3510,4146.33099204131,4218.45755424781,10960,Lower-middle
BLR,2007,Belarus,UM,4310,4957.06581069793,5034.40028342695,12210,Upper-middle
BLR,2008,Belarus,UM,5470,6172.29711260547,6230.44233978627,13710,Upper-middle
BLR,2009,Belarus,UM,5660,6347.54008544336,6415.0789069964,13730,Upper-middle
BLR,2010,Belarus,UM,6150,6814.25143683138,6853.62067676534,15030,Upper-middle
BLR,2011,Belarus,UM,6350,6893.62868665332,6896.67624320872,16380,Upper-middle
BLR,2012,Belarus,UM,6630,7066.01606598125,7086.43409036091,17710,Upper-middle
BLR,2013,Belarus,UM,7030,7383.34454208653,7404.83736256593,18350,Upper-middle
BLR,2014,Belarus,UM,7620,7874.22792059685,7904.28060619575,18470,Upper-middle
BLR,2015,Belarus,UM,6740,6911.93118513002,6935.89738105352,17360,Upper-middle
BLR,2016,Belarus,UM,5640,5735.03872769316,5746.58579216249,16990,Upper-middle
BLR,2017,Belarus,UM,5320,5320,5320,17720,Upper-middle
BLR,2018,Belarus,UM,5730,5596.62931673064,5603.20120054712,19300,Upper-middle
BLR,2019,Belarus,UM,6370,6129.37699766295,6138.53113658803,21640,Upper-middle
BLR,2020,Belarus,UM,6410,6126.28680060434,6109.48353960103,23860,Upper-middle
BLR,2021,Belarus,UM,7040,6445.76595224002,6482.18441790362,26600,Upper-middle
BLR,2022,Belarus,UM,7210,6162.09142234525,6301.07673887852,27240,Upper-middle
BLR,2023,Belarus,UM,7850,6476.03992440706,6645.8975508995,29830,Upper-middle
BLZ,1987,Belize,LM,2200,4112.05272154097,4207.38518215732,,Lower-middle
BLZ,1988,Belize,LM,2550,4603.84239279349,4699.44768048174,,Lower-middle
BLZ,1989,Belize,LM,2830,4916.59449731483,5002.57124978422,,Lower-middle
BLZ,1990,Belize,LM,3080,5157.8474292184,5234.26060133148,4400,Lower-middle
BLZ,1991,Belize,LM,3320,5377.88760616653,5432.77653688755,4970,Lower-middle
BLZ,1992,Belize,LM,3690,5844.05304460969,5881.4266328821,5580,Lower-middle
BLZ,1993,Belize,LM,3830,5925.3290876848,5922.47603490017,5930,Lower-middle
BLZ,1994,Belize,LM,3800,5756.01426286037,5681.98260641467,5870,Lower-middle
BLZ,1995,Belize,LM,3890,5771.3340203203,5608.48515762243,5920,Lower-middle
BLZ,1996,Belize,LM,3910,5696.71328130198,5514.50806236938,5900,Lower-middle
BLZ,1997,Belize,LM,3950,5657.43058329205,5497.60894703448,6080,Lower-middle
BLZ,1998,Belize,LM,3860,5467.0852605125,5335.93715374712,6110,Lower-middle
BLZ,1999,Belize,LM,4060,5670.11550537414,5578.7219108505,6520,Lower-middle
BLZ,2000,Belize,LM,4470,6104.43994835705,6051.45486793468,7190,Lower-middle
BLZ,2001,Belize,LM,4470,5970.01098290205,5954.07176008883,7400,Lower-middle
BLZ,2002,Belize,UM,4550,5983.86555542623,6000.13691365396,7710,Upper-middle
BLZ,2003,Belize,UM,4820,6216.23139002993,6260.3464067776,8240,Upper-middle
BLZ,2004,Belize,UM,5000,6279.50833052032,6325.50559512041,8470,Upper-middle
BLZ,2005,Belize,UM,5050,6149.48653657058,6229.95392553233,8730,Upper-middle
BLZ,2006,Belize,UM,5160,6095.460945565,6201.493156672,9130,Upper-middle
BLZ,2007,Belize,UM,5210,5992.18396142372,6085.66716395694,9270,Upper-middle
BLZ,2008,Belize,LM,5170,5833.77990350462,5888.73617855485,9030,Lower-middle
BLZ,2009,Belize,LM,5280,5921.38015037826,5984.38456341713,9210,Lower-middle
BLZ,2010,Belize,LM,5060,5606.52232038484,5638.91392267197,8980,Lower-middle
BLZ,2011,Belize,LM,5160,5601.75181466632,5604.22825432394,9210,Lower-middle
BLZ,2012,Belize,UM,5330,5680.52271971042,5696.93720989799,8720,Upper-middle
BLZ,2013,Belize,UM,5580,5860.46408888234,5877.5238240566,8970,Upper-middle
BLZ,2014,Belize,UM,5670,5859.16959445986,5881.53163216928,8880,Upper-middle
BLZ,2015,Belize,UM,5790,5937.69756111318,5958.28573238871,9120,Upper-middle
BLZ,2016,Belize,UM,5640,5735.03872769316,5746.58579216249,8930,Upper-middle
BLZ,2017,Belize,UM,5490,5490,5490,8620,Upper-middle
BLZ,2018,Belize,UM,5610,5479.42242004518,5485.85667278697,8850,Upper-middle
BLZ,2019,Belize,UM,5850,5629.01969173128,5637.42655400942,9780,Upper-middle
BLZ,2020,Belize,LM,5170,4941.1704772425,4927.61776906978,9360,Lower-middle
BLZ,2021,Belize,UM,6120,5603.42153802683,5635.08077238213,11340,Upper-middle
BLZ,2022,Belize,UM,6710,5734.76192010217,5864.10886516988,12830,Upper-middle
BLZ,2023,Belize,UM,6850,5651.06668562909,5799.28639791868,13230,Upper-middle
BMU,1987,Bermuda,H,,,,,High
BMU,1988,Bermuda,H,,,,,High
BMU,1989,Bermuda,H,,,,,High
BMU,1990,Bermuda,H,,,,,High
BMU,1991,Bermuda,H,,,,,High
BMU,1992,Bermuda,H,,,,,High
BMU,1993,Bermuda,H,,,,,High
BMU,1994,Bermuda,H,,,,,High
BMU,1995,Bermuda,H,,,,,High
BMU,1996,Bermuda,H,,,,,High
BMU,1997,Bermuda,H,,,,,High
BMU,1998,Bermuda,H,,,,,High
BMU,1999,Bermuda,H,,,,,High
BMU,2000,Bermuda,H,,,,,High
BMU,2001,Bermuda,H,,,,,High
BMU,2002,Bermuda,H,,,,,High
BMU,2003,Bermuda,H,,,,,High
BMU,2004,Bermuda,H,,,,,High
BMU,2005,Bermuda,H,,,,,High
BMU,2006,Bermuda,H,,,,,High
BMU,2007,Bermuda,H,,,,,High
BMU,2008,Bermuda,H,,,,,High
BMU,2009,Bermuda,H,,,,,High
BMU,2010,Bermuda,H,105750,117171.884462588,117848.84334438,73780,High
BMU,2011,Bermuda,H,102930,111741.921372792,111791.320584799,72730,High
BMU,2012,Bermuda,H,101910,108612.020706508,108925.866990751,72220,High
BMU,2013,Bermuda,H,104040,109269.298173355,109587.379687249,74820,High
BMU,2014,Bermuda,H,102450,105868.064365505,106272.119173852,74730,High
BMU,2015,Bermuda,H,103940,106591.413558222,106961.005012864,78670,High
BMU,2016,Bermuda,H,105430,107206.583876009,107422.436182215,82690,High
BMU,2017,Bermuda,H,113460,113460,113460,89200,High
BMU,2018,Bermuda,H,117160,114433.000130569,114567.373936492,88770,High
BMU,2019,Bermuda,H,116920,112503.415787559,112671.438067484,92220,High
BMU,2020,Bermuda,H,110960,106048.796161475,105757.924111409,87660,High
BMU,2021,Bermuda,H,120410,110246.403168923,110869.293431786,96260,High
BMU,2022,Bermuda,H,132200,112985.920393071,115534.305808563,110800,High
BMU,2023,Bermuda,H,134500,110958.900615637,113869.200075921,116760,High
BOL,1987,Bolivia,LM,690,1289.68926266512,1319.58898894934,,Lower-middle
BOL,1988,Bolivia,LM,690,1245.74558863824,1271.61525471859,,Lower-middle
BOL,1989,Bolivia,LM,690,1198.74565482234,1219.70818457636,,Lower-middle
BOL,1990,Bolivia,LM,690,1155.49179420802,1172.61032951907,2680,Lower-middle
BOL,1991,Bolivia,LM,710,1150.09042180067,1161.82871722595,2870,Lower-middle
BOL,1992,Bolivia,LM,740,1171.9781173472,1179.47309168909,2950,Lower-middle
BOL,1993,Bolivia,LM,760,1175.78331766069,1175.21717663815,3080,Lower-middle
BOL,1994,Bolivia,LM,790,1196.64507043676,1181.254278702,3250,Lower-middle
BOL,1995,Bolivia,LM,820,1216.57940788243,1182.25136998725,3410,Lower-middle
BOL,1996,Bolivia,LM,870,1267.55512908765,1227.01330288014,3560,Lower-middle
BOL,1997,Bolivia,LM,930,1332.00264366117,1294.3737520866,3740,Lower-middle
BOL,1998,Bolivia,LM,960,1359.68959846943,1327.0724527454,3930,Lower-middle
BOL,1999,Bolivia,LM,950,1326.7511650506,1305.36596436157,3910,Lower-middle
BOL,2000,Bolivia,LM,960,1311.02066004984,1299.64131391886,4020,Lower-middle
BOL,2001,Bolivia,LM,930,1242.08282194606,1238.76660780372,4120,Lower-middle
BOL,2002,Bolivia,LM,900,1183.62175821618,1186.84026863485,4210,Lower-middle
BOL,2003,Bolivia,LM,890,1147.81036039972,1155.95607925977,4300,Lower-middle
BOL,2004,Bolivia,LM,940,1180.54756613782,1189.19505188264,4500,Lower-middle
BOL,2005,Bolivia,LM,1000,1217.7201062516,1233.65424267967,4780,Lower-middle
BOL,2006,Bolivia,LM,1090,1287.60706020656,1310.00533735901,5100,Lower-middle
BOL,2007,Bolivia,LM,1210,1391.65884708689,1413.36991715699,5370,Lower-middle
BOL,2008,Bolivia,LM,1460,1647.45041762413,1662.96998465959,5740,Lower-middle
BOL,2009,Bolivia,LM,1600,1794.35762132674,1813.44986770216,5830,Lower-middle
BOL,2010,Bolivia,LM,1760,1950.09472013386,1961.36136440764,6010,Lower-middle
BOL,2011,Bolivia,LM,1970,2138.65330908772,2139.59877151515,6380,Lower-middle
BOL,2012,Bolivia,LM,2220,2365.99632978558,2372.83313432899,6830,Lower-middle
BOL,2013,Bolivia,LM,2550,2678.16907287634,2685.96518841296,7660,Lower-middle
BOL,2014,Bolivia,LM,2800,2893.41708368388,2904.46006526878,8270,Lower-middle
BOL,2015,Bolivia,LM,2920,2994.4865075044,3004.86948852764,8510,Lower-middle
BOL,2016,Bolivia,LM,3000,3050.5525147304,3056.6945702992,9100,Lower-middle
BOL,2017,Bolivia,LM,3250,3250,3250,10170,Lower-middle
BOL,2018,Bolivia,LM,3730,3643.18103863966,3647.4590712113,10540,Lower-middle
BOL,2019,Bolivia,LM,4170,4012.48070333666,4018.47328721697,10820,Lower-middle
BOL,2020,Bolivia,LM,3620,3459.7750730402,3450.28555590573,9490,Lower-middle
BOL,2021,Bolivia,LM,3990,3653.2111007724,3673.85168003344,10960,Lower-middle
BOL,2022,Bolivia,LM,4190,3581.02122879703,3661.79078167836,12000,Lower-middle
BOL,2023,Bolivia,LM,4230,3489.63680003081,3581.16517710891,12580,Lower-middle
BRA,1987,Brazil,UM,2030,3794.30319305826,3882.26905444516,,Upper-middle
BRA,1988,Brazil,LM,2300,4152.4852954608,4238.71751572863,,Lower-middle
BRA,1989,Brazil,UM,2630,4569.13198867068,4649.03264555918,,Upper-middle
BRA,1990,Brazil,UM,2480,4153.07195599404,4214.59944522795,6510,Upper-middle
BRA,1991,Brazil,UM,2530,4098.20953120522,4140.03754166431,6710,Upper-middle
BRA,1992,Brazil,UM,2340,3705.98485755736,3729.68518182767,6740,Upper-middle
BRA,1993,Brazil,UM,2310,3573.76245236342,3572.04168162386,7080,Upper-middle
BRA,1994,Brazil,UM,2620,3968.62036018268,3917.57748126485,7430,Upper-middle
BRA,1995,Brazil,UM,3440,5103.69897940921,4959.68867409285,7980,Upper-middle
BRA,1996,Brazil,UM,4420,6439.76283973267,6233.79172267843,8190,Upper-middle
BRA,1997,Brazil,UM,5110,7318.85323560061,7112.09663780916,8460,Upper-middle
BRA,1998,Brazil,UM,4980,7053.38979206016,6884.18834861676,8420,Upper-middle
BRA,1999,Brazil,UM,4230,5907.53413490951,5812.31371499941,8370,Upper-middle
BRA,2000,Brazil,UM,3950,5394.30375749672,5347.48248956196,8830,Upper-middle
BRA,2001,Brazil,UM,3370,4500.88076339595,4488.86394440701,9000,Upper-middle
BRA,2002,Brazil,LM,3120,4103.22209514941,4114.37959793415,9290,Lower-middle
BRA,2003,Brazil,LM,3010,3881.92043236309,3909.46943659763,9490,Lower-middle
BRA,2004,Brazil,LM,3370,4232.38861477069,4263.39077111116,10210,Lower-middle
BRA,2005,Brazil,LM,4030,4907.41202819394,4971.62659799907,10760,Lower-middle
BRA,2006,Brazil,UM,4890,5776.51240771566,5876.99642172986,11460,Upper-middle
BRA,2007,Brazil,UM,6240,7176.81917836545,7288.78370500792,12400,Upper-middle
BRA,2008,Brazil,UM,7680,8666.04055298171,8747.67772752441,13120,Upper-middle
BRA,2009,Brazil,UM,8400,9420.37751196541,9520.61180543635,13090,Upper-middle
BRA,2010,Brazil,UM,9750,10803.0815461961,10865.4961948719,14010,Upper-middle
BRA,2011,Brazil,UM,11210,12169.6972562809,12175.0772734441,14820,Upper-middle
BRA,2012,Brazil,UM,12460,13279.4208419497,13317.79317736,14820,Upper-middle
BRA,2013,Brazil,UM,12950,13600.8978406857,13640.4898784109,15500,Upper-middle
BRA,2014,Brazil,UM,12280,12689.7006384422,12738.1320005359,15530,Upper-middle
BRA,2015,Brazil,UM,10330,10593.5087748358,10630.2403481132,14540,Upper-middle
BRA,2016,Brazil,UM,9050,9202.50008610338,9221.02862040258,14010,Upper-middle
BRA,2017,Brazil,UM,8830,8830,8830,14290,Upper-middle
BRA,2018,Brazil,UM,9320,9103.06897590393,9113.75832270492,15030,Upper-middle
BRA,2019,Brazil,UM,9410,9054.54278618656,9068.06561935532,15640,Upper-middle
BRA,2020,Brazil,UM,8080,7722.37088126101,7701.18985959069,15770,Upper-middle
BRA,2021,Brazil,UM,8060,7379.66954191116,7421.36454663397,17510,Upper-middle
BRA,2022,Brazil,UM,8440,7213.32199786324,7376.01770820176,19300,Upper-middle
BRA,2023,Brazil,UM,9310,7680.50085302289,7881.94983425151,20500,Upper-middle
BRB,1987,Barbados,UM,6710,12541.7608006999,12832.5248055798,,Upper-middle
BRB,1988,Barbados,UM,7460,13468.4957844076,13748.1881162329,,Upper-middle
BRB,1989,Barbados,H,7920,13759.5153423087,14000.1287273113,,High
BRB,1990,Barbados,UM,7670,12844.3797993848,13034.6684455235,11480,Upper-middle
BRB,1991,Barbados,UM,7640,12375.6208768411,12501.9315487412,11400,Upper-middle
BRB,1992,Barbados,UM,7540,11941.5067632404,12017.8744747781,11000,Upper-middle
BRB,1993,Barbados,UM,7770,12020.8373397679,12015.0492927348,11270,Upper-middle
BRB,1994,Barbados,UM,8110,12284.5462294204,12126.5470889534,11700,Upper-middle
BRB,1995,Barbados,UM,8470,12566.3751033709,12211.7915899902,12110,Upper-middle
BRB,1996,Barbados,UM,8850,12894.0952786503,12481.6870465394,12780,Upper-middle
BRB,1997,Barbados,UM,9250,13248.4133912535,12874.1475341947,13670,Upper-middle
BRB,1998,Barbados,UM,9670,13696.040017916,13367.4902271333,14340,Upper-middle
BRB,1999,Barbados,UM,10110,14119.4255564858,13891.8419996794,14530,Upper-middle
BRB,2000,Barbados,H,11170,15254.2716382882,15121.86820466,15520,High
BRB,2001,Barbados,UM,11030,14731.3693828657,14692.0383699731,15410,Upper-middle
BRB,2002,Barbados,H,11030,14505.9422145827,14545.3868478249,15640,High
BRB,2003,Barbados,UM,11660,15037.6053957985,15144.3234653583,16150,Upper-middle
BRB,2004,Barbados,UM,12660,15899.7150928774,16016.1801668449,16830,Upper-middle
BRB,2005,Barbados,UM,13610,16573.1706460843,16790.0342428703,17770,Upper-middle
BRB,2006,Barbados,H,14630,17282.2855879101,17582.9156748278,19100,High
BRB,2007,Barbados,H,15950,18344.5938934181,18630.7852716148,20280,High
BRB,2008,Barbados,H,16600,18731.2855702469,18907.740921472,20500,High
BRB,2009,Barbados,H,16150,18111.7972402668,18304.5096021187,19630,High
BRB,2010,Barbados,H,17180,19035.5836885794,19145.5615002973,19640,High
BRB,2011,Barbados,H,17890,19421.5775124768,19430.1634631502,19240,High
BRB,2012,Barbados,H,19740,21038.1835810664,21098.9757079524,19020,High
BRB,2013,Barbados,H,19560,20543.1321825338,20602.93297465,18380,High
BRB,2014,Barbados,H,19730,20388.2568075296,20466.0703884832,17940,High
BRB,2015,Barbados,H,19150,19638.4988420237,19706.592707296,18470,High
BRB,2016,Barbados,H,19200,19523.5360942746,19562.8452499149,18430,High
BRB,2017,Barbados,H,19370,19370,19370,17710,High
BRB,2018,Barbados,H,19910,19446.5776083956,19469.4128975381,18990,High
BRB,2019,Barbados,H,20520,19744.8690725343,19774.3577586792,19110,High
BRB,2020,Barbados,H,18740,17910.548306291,17861.4230159319,16350,High
BRB,2021,Barbados,H,19880,18201.9640810414,18304.804861921,17400,High
BRB,2022,Barbados,H,24300,20768.2138090138,21236.6386622397,21660,High
BRB,2023,Barbados,H,24960,20591.3320398981,21131.4143784015,22750,High
BRN,1987,Brunei Darussalam,H,,,,,High
BRN,1990,Brunei Darussalam,H,21430,35887.2306519969,36418.8976254979,70200,High
BRN,1991,Brunei Darussalam,H,23400,37904.388549487,38291.2563142074,72610,High
BRN,1992,Brunei Darussalam,H,23920,37883.4007661419,38125.6707475717,70020,High
BRN,1993,Brunei Darussalam,H,23250,35969.6870205409,35952.3675747856,69390,High
BRN,1994,Brunei Darussalam,H,23220,35172.2766272678,34719.9042423549,69780,High
BRN,1995,Brunei Darussalam,H,24460,36289.6735570783,35265.6933047416,70440,High
BRN,1996,Brunei Darussalam,H,25200,36715.3899459872,35541.0749799766,70010,High
BRN,1997,Brunei Darussalam,H,26590,38083.8175214521,37007.9549118093,73980,High
BRN,1998,Brunei Darussalam,H,21000,29743.2099665188,29029.7099038056,68260,High
BRN,1999,Brunei Darussalam,H,19960,27875.7402678,27426.4259459547,70580,High
BRN,2000,Brunei Darussalam,H,19390,26479.8860399649,26250.0469550903,73090,High
BRN,2001,Brunei Darussalam,H,19270,25736.4902998932,25667.7769165351,74250,High
BRN,2002,Brunei Darussalam,H,18960,24934.9650397541,25002.7683259075,76840,High
BRN,2003,Brunei Darussalam,H,19840,25587.143314978,25768.7287781053,79630,High
BRN,2004,Brunei Darussalam,H,22190,27868.4579708492,28072.5938311444,80400,High
BRN,2005,Brunei Darussalam,H,25670,31258.8751274786,31667.9044095871,81530,High
BRN,2006,Brunei Darussalam,H,30720,36289.2558619684,36920.5173978612,86110,High
BRN,2007,Brunei Darussalam,H,33470,38494.8938942134,39095.4472125986,84080,High
BRN,2008,Brunei Darussalam,H,36700,41411.9385800038,41802.0537239773,80750,High
BRN,2009,Brunei Darussalam,H,35470,39778.6655177873,40201.9167546223,78300,High
BRN,2010,Brunei Darussalam,H,35370,39190.2558245083,39416.6769653967,78960,High
BRN,2011,Brunei Darussalam,H,36520,39646.5070293826,39664.0340790524,80510,High
BRN,2012,Brunei Darussalam,H,41690,44431.7058507931,44560.0961126918,85160,High
BRN,2013,Brunei Darussalam,H,44580,46820.6969681675,46956.991411549,82320,High
BRN,2014,Brunei Darussalam,H,42370,43783.6006556022,43950.7046305136,81150,High
BRN,2015,Brunei Darussalam,H,38180,39153.936594698,39289.6976273922,65860,High
BRN,2016,Brunei Darussalam,H,32570,33118.8318015897,33185.5140515483,60830,High
BRN,2017,Brunei Darussalam,H,29230,29230,29230,65320,High
BRN,2018,Brunei Darussalam,H,28790,28119.8879631196,28152.9079517891,65550,High
BRN,2019,Brunei Darussalam,H,31550,30358.2173118157,30403.5568852986,71210,High
BRN,2020,Brunei Darussalam,H,30810,29446.3176796599,29365.5519274739,71890,High
BRN,2021,Brunei Darussalam,H,29890,27367.0375443827,27521.6608311277,78750,High
BRN,2022,Brunei Darussalam,H,30970,26468.7893689365,27065.7900975129,79990,High
BRN,2023,Brunei Darussalam,H,34390,28370.8296815744,29114.9575510107,86130,High
BTN,1987,Bhutan,L,430,803.719395573916,822.352558330749,,Low
BTN,1988,Bhutan,L,480,866.605626878775,884.601916325975,,Low
BTN,1989,Bhutan,L,500,868.656271610394,883.846510562582,,Low
BTN,1990,Bhutan,L,500,837.312894353636,849.717630086279,1540,Low
BTN,1991,Bhutan,L,430,696.533635738436,703.642744235436,1520,Low
BTN,1992,Bhutan,L,420,665.176769305168,669.430673661377,1640,Low
BTN,1993,Bhutan,L,400,618.833325084574,618.535356125345,1800,Low
BTN,1994,Bhutan,L,430,651.338456060515,642.961189673239,1990,Low
BTN,1995,Bhutan,L,450,667.635040911089,648.796483529587,2090,Low
BTN,1996,Bhutan,L,500,728.479959245777,705.18005912652,2280,Low
BTN,1997,Bhutan,L,550,787.7434989394,765.489853384548,2460,Low
BTN,1998,Bhutan,L,520,736.498532504274,718.830911903758,2420,Low
BTN,1999,Bhutan,L,550,768.11909555561,755.73818989354,2520,Low
BTN,2000,Bhutan,L,710,969.609029828524,961.193055085821,3110,Low
BTN,2001,Bhutan,L,780,1041.74688292251,1038.96554202892,3340,Low
BTN,2002,Bhutan,L,860,1131.0163467399,1134.09181225108,3610,Low
BTN,2003,Bhutan,L,960,1238.087579757,1246.87397313413,3860,Low
BTN,2004,Bhutan,L,1090,1368.93281605343,1378.96021973625,4080,Low
BTN,2005,Bhutan,L,1260,1534.32733387702,1554.40434577638,4460,Low
BTN,2006,Bhutan,LM,1390,1641.99432448359,1670.5572650725,4840,Lower-middle
BTN,2007,Bhutan,LM,1700,1955.22317359315,1985.72632988998,5650,Lower-middle
BTN,2008,Bhutan,LM,1850,2087.52278945523,2107.18799426044,5880,Lower-middle
BTN,2009,Bhutan,LM,1980,2220.51755639185,2244.14421128142,6220,Lower-middle
BTN,2010,Bhutan,LM,2180,2415.45823289307,2429.41350818674,6870,Lower-middle
BTN,2011,Bhutan,LM,2430,2638.03428481379,2639.20051511767,7480,Lower-middle
BTN,2012,Bhutan,LM,2620,2792.30197479199,2800.37063600989,7960,Lower-middle
BTN,2013,Bhutan,LM,2630,2762.19006339795,2770.23076295141,8120,Lower-middle
BTN,2014,Bhutan,LM,2670,2759.07986194142,2769.61013366701,8720,Lower-middle
BTN,2015,Bhutan,LM,2740,2809.89487348016,2819.63780772799,9550,Lower-middle
BTN,2016,Bhutan,LM,2880,2928.53041414119,2934.42678748723,10390,Lower-middle
BTN,2017,Bhutan,LM,2960,2960,2960,10720,Lower-middle
BTN,2018,Bhutan,LM,3150,3076.68103799328,3080.29385370392,10950,Lower-middle
BTN,2019,Bhutan,LM,3370,3242.70023267255,3247.54316017295,11830,Lower-middle
BTN,2020,Bhutan,LM,3040,2905.44647017741,2897.47737291531,11750,Lower-middle
BTN,2021,Bhutan,LM,3300,3021.45279011251,3038.52394589232,12700,Lower-middle
BTN,2022,Bhutan,LM,3600,3076.7724161502,3146.16869070217,14280,Lower-middle
BTN,2023,Bhutan,LM,3730,3077.15018064182,3157.85960061849,15320,Lower-middle
BWA,1987,Botswana,LM,1290,2411.15818672175,2467.05767499225,,Lower-middle
BWA,1988,Botswana,LM,1930,3484.47679140841,3556.83687189403,,Lower-middle
BWA,1989,Botswana,LM,2270,3943.69947311119,4012.66315795412,,Lower-middle
BWA,1990,Botswana,LM,2680,4487.99711373549,4554.48649726246,5930,Lower-middle
BWA,1991,Botswana,UM,3030,4908.13236345921,4958.22677914737,6710,Upper-middle
BWA,1992,Botswana,UM,3230,5115.52610679927,5148.24065696725,6940,Upper-middle
BWA,1993,Botswana,LM,3280,5074.43326569351,5071.98992022783,7340,Lower-middle
BWA,1994,Botswana,LM,2900,4392.74772691975,4336.24988384277,6670,Lower-middle
BWA,1995,Botswana,LM,3200,4747.62695758997,4613.66388287707,7450,Lower-middle
BWA,1996,Botswana,LM,3120,4545.71494569365,4400.32356894948,7470,Lower-middle
BWA,1997,Botswana,UM,3260,4669.1705573499,4537.26713097023,8250,Upper-middle
BWA,1998,Botswana,UM,3150,4461.48149497781,4354.45648557084,8660,Upper-middle
BWA,1999,Botswana,UM,3090,4315.43273684879,4245.87455776553,8740,Upper-middle
BWA,2000,Botswana,UM,3110,4247.16067995311,4210.29633988296,8800,Upper-middle
BWA,2001,Botswana,UM,3190,4260.47763656768,4249.10266547726,9180,Upper-middle
BWA,2002,Botswana,UM,2860,3761.28692055363,3771.51463143963,8650,Upper-middle
BWA,2003,Botswana,UM,3300,4255.92605541468,4286.12928264857,9420,Upper-middle
BWA,2004,Botswana,UM,3830,4810.10338117856,4845.33728586224,9630,Upper-middle
BWA,2005,Botswana,UM,4830,5881.58811319522,5958.5499921428,10470,Upper-middle
BWA,2006,Botswana,UM,5400,6378.97075698662,6489.93469884279,11860,Upper-middle
BWA,2007,Botswana,UM,5620,6463.73778564324,6564.57763175393,12920,Upper-middle
BWA,2008,Botswana,UM,5470,6172.29711260547,6230.44233978627,13120,Upper-middle
BWA,2009,Botswana,UM,4890,5484.00548017986,5542.35615816473,11580,Upper-middle
BWA,2010,Botswana,UM,5370,5950.00491313569,5984.38098117559,12260,Upper-middle
BWA,2011,Botswana,UM,6500,7056.47030917269,7059.58985525302,13550,Upper-middle
BWA,2012,Botswana,UM,6910,7364.43001748574,7385.71034153754,12970,Upper-middle
BWA,2013,Botswana,UM,6950,7299.32355156492,7320.57178802749,13000,Upper-middle
BWA,2014,Botswana,UM,6990,7223.20907676798,7250.77709151027,14550,Upper-middle
BWA,2015,Botswana,UM,6140,6296.62573838254,6318.45844505469,13670,Upper-middle
BWA,2016,Botswana,UM,6060,6162.11607975541,6174.52303200438,14840,Upper-middle
BWA,2017,Botswana,UM,6210,6210,6210,14370,Upper-middle
BWA,2018,Botswana,UM,6680,6524.51724882385,6532.17871198164,14320,Upper-middle
BWA,2019,Botswana,UM,7520,7235.93642424261,7246.74319421381,16010,Upper-middle
BWA,2020,Botswana,UM,6600,6307.87720499043,6290.57587540823,15310,Upper-middle
BWA,2021,Botswana,UM,7530,6894.405911984,6933.35918562703,18000,Upper-middle
BWA,2022,Botswana,UM,8250,7050.93678701087,7209.96991619248,20010,Upper-middle
BWA,2023,Botswana,UM,8360,6896.77627618382,7077.66923891973,21040,Upper-middle
CAF,1987,Central African Republic,L,410,766.337098105362,784.103602129319,,Low
CAF,1988,Central African Republic,L,480,866.605626878775,884.601916325975,,Low
CAF,1989,Central African Republic,L,480,833.910020745979,848.492650140079,,Low
CAF,1990,Central African Republic,L,470,787.074120692418,798.734572281103,610,Low
CAF,1991,Central African Republic,L,460,745.129005673676,752.734098484419,610,Low
CAF,1992,Central African Republic,L,460,728.526937810422,733.185975914841,570,Low
CAF,1993,Central African Republic,L,430,665.245824465917,664.925507834745,560,Low
CAF,1994,Central African Republic,L,360,545.306614376245,538.293089028758,580,Low
CAF,1995,Central African Republic,L,340,504.435364243934,490.201787555688,620,Low
CAF,1996,Central African Republic,L,290,422.518376362551,409.004434293381,590,Low
CAF,1997,Central African Republic,L,290,415.355663077138,403.621922693671,620,Low
CAF,1998,Central African Republic,L,270,382.412699569527,373.239127334643,630,Low
CAF,1999,Central African Republic,L,260,363.110845171743,357.258053404219,650,Low
CAF,2000,Central African Republic,L,240,327.755165012459,324.910328479714,630,Low
CAF,2001,Central African Republic,L,240,320.537502437694,319.681705239669,660,Low
CAF,2002,Central African Republic,L,240,315.632468857647,316.490738302627,680,Low
CAF,2003,Central African Republic,L,250,322.418640561718,324.706763837013,650,Low
CAF,2004,Central African Republic,L,290,364.211483170178,366.879324516984,680,Low
CAF,2005,Central African Republic,L,320,389.670434000512,394.769357657494,700,Low
CAF,2006,Central African Republic,L,330,389.825990704738,396.607120484837,740,Low
CAF,2007,Central African Republic,L,360,414.047260290314,420.506752211996,780,Low
CAF,2008,Central African Republic,L,390,440.072371831103,444.218009600849,790,Low
CAF,2009,Central African Republic,L,460,515.877816131439,521.366836964371,870,Low
CAF,2010,Central African Republic,L,500,554.00418185621,557.204933070353,940,Low
CAF,2011,Central African Republic,L,510,553.661516565857,553.906280950622,980,Low
CAF,2012,Central African Republic,L,540,575.512620758654,577.175627269215,1070,Low
CAF,2013,Central African Republic,L,360,378.094457347248,379.195085423007,720,Low
CAF,2014,Central African Republic,L,380,392.67803278567,394.17672314362,710,Low
CAF,2015,Central African Republic,L,390,399.948540385862,401.335308399239,780,Low
CAF,2016,Central African Republic,L,400,406.740335297387,407.559276039893,840,Low
CAF,2017,Central African Republic,L,420,420,420,930,Low
CAF,2018,Central African Republic,L,470,459.060345351379,459.599400393917,970,Low
CAF,2019,Central African Republic,L,500,481.112794165067,481.831329402514,1060,Low
CAF,2020,Central African Republic,L,490,468.312095522016,467.027602871217,1130,Low
CAF,2021,Central African Republic,L,510,466.95179483557,469.590064365177,1210,Low
CAF,2022,Central African Republic,L,520,444.422682332806,454.446588656981,1280,Low
CAF,2023,Central African Republic,L,530,437.235816552324,448.703911079839,1330,Low
CAN,1987,Canada,H,16320,30503.9547343403,31211.148260367,,High
CAN,1988,Canada,H,18620,33617.0766093392,34315.1826708118,,High
CAN,1989,Canada,H,19860,34503.0271083649,35106.3833995458,,High
CAN,1990,Canada,H,20650,34581.0225368052,35093.3381225633,19500,High
CAN,1991,Canada,H,20990,34000.5604980227,34347.5841895391,19550,High
CAN,1992,Canada,H,21420,33924.0152345636,34140.9643567302,19880,High
CAN,1993,Canada,H,21270,32906.4620613722,32890.6175619652,20700,High
CAN,1994,Canada,H,20890,31642.9310397771,31235.9517494743,21810,High
CAN,1995,Canada,H,20850,30933.7568955471,30060.9037368709,22670,High
CAN,1996,Canada,H,20820,30333.9055029942,29363.6976620283,23260,High
CAN,1997,Canada,H,21330,30550.1251497771,29687.0883139862,24480,High
CAN,1998,Canada,H,20900,29601.5756333449,28891.473189978,25440,High
CAN,1999,Canada,H,21450,29956.6447266688,29473.7894058481,26900,High
CAN,2000,Canada,H,22740,31054.8018849305,30785.2536234529,28580,High
CAN,2001,Canada,H,23120,30878.4460681645,30796.0042714214,29390,High
CAN,2002,Canada,H,23590,31024.0414181329,31108.402152329,30180,High
CAN,2003,Canada,H,25480,32860.9078460503,33094.1133702683,31550,High
CAN,2004,Canada,H,29530,37086.776200053,37358.4360447812,33200,High
CAN,2005,Canada,H,34310,41779.9768454924,42326.6770663394,35590,High
CAN,2006,Canada,H,37900,44770.9243869987,45549.726867804,37520,High
CAN,2007,Canada,H,41540,47776.4533123879,48521.8069080175,38990,High
CAN,2008,Canada,H,44930,50698.594016337,51176.1927470927,39780,High
CAN,2009,Canada,H,43230,48481.299981222,48997.1486129778,38190,High
CAN,2010,Canada,H,44490,49295.2921015656,49580.0949446,39310,High
CAN,2011,Canada,H,47190,51229.9744445937,51252.6223491369,40880,High
CAN,2012,Canada,H,51080,54439.2308673186,54596.5389646509,41540,High
CAN,2013,Canada,H,52800,55453.853744263,55615.2791953743,43630,High
CAN,2014,Canada,H,52200,53941.5613458209,54147.4340739394,45020,High
CAN,2015,Canada,H,47580,48793.7219270752,48962.9076247072,43980,High
CAN,2016,Canada,H,43900,44639.7517988882,44729.6305453783,45900,High
CAN,2017,Canada,H,42900,42900,42900,47700,High
CAN,2018,Canada,H,45060,44011.1897053896,44062.870173936,49130,High
CAN,2019,Canada,H,46580,44820.4679044176,44887.4066471382,49900,High
CAN,2020,Canada,H,43900,41956.9408028909,41841.8607470336,48240,High
CAN,2021,Canada,H,49080,44937.2433147642,45191.1379589076,56470,High
CAN,2022,Canada,H,53850,46023.38739158,47061.43999842,63040,High
CAN,2023,Canada,H,54660,45093.0372316038,46275.7656219321,63090,High
CHE,1987,Switzerland,H,26360,49269.8680635545,50412.124273485,,High
CHE,1988,Switzerland,H,34580,62431.7137030584,63728.1963886505,,High
CHE,1989,Switzerland,H,36220,62925.460315457,64025.8412251535,,High
CHE,1990,Switzerland,H,37950,63552.048681441,64493.5681235486,28990,High
CHE,1991,Switzerland,H,38580,62493.6457367183,63131.4815641933,29350,High
CHE,1992,Switzerland,H,42050,66596.8646411483,67022.7614939545,29590,High
CHE,1993,Switzerland,H,41950,64900.1449682447,64868.8954736455,30120,High
CHE,1994,Switzerland,H,43050,65209.582635826,64370.8818963557,30650,High
CHE,1995,Switzerland,H,46700,69285.6809123286,67330.6572907372,31500,High
CHE,1996,Switzerland,H,49670,72367.1991514755,70052.5870736284,32270,High
CHE,1997,Switzerland,H,49290,70596.1401140419,68601.8088605898,34090,High
CHE,1998,Switzerland,H,46130,65335.9178931196,63768.596088693,35400,High
CHE,1999,Switzerland,H,44190,61714.8778774589,60720.1283843555,36590,High
CHE,2000,Switzerland,H,44580,60880.5219010643,60352.0935151069,39020,High
CHE,2001,Switzerland,H,42010,56107.4186558647,55957.6184879937,39220,High
CHE,2002,Switzerland,H,40640,53447.0980598949,53592.4316859115,39640,High
CHE,2003,Switzerland,H,46660,60176.2150744391,60603.27040254,41170,High
CHE,2004,Switzerland,H,55000,69074.5916357235,69580.5615463245,42560,High
CHE,2005,Switzerland,H,62770,76436.2910694129,77436.4768130028,44860,High
CHE,2006,Switzerland,H,65290,77126.481615492,78468.1178680455,49560,High
CHE,2007,Switzerland,H,64120,73746.4175828193,74896.9248662032,51130,High
CHE,2008,Switzerland,H,64870,73198.7045145734,73888.2622636079,50260,High
CHE,2009,Switzerland,H,71800,80521.7982570377,81378.5628131345,53740,High
CHE,2010,Switzerland,H,79040,87576.9810678297,88082.9558197613,57260,High
CHE,2011,Switzerland,H,81330,88292.7277300023,88331.7604504197,57830,High
CHE,2012,Switzerland,H,86720,92423.0638373898,92690.1303644191,60440,High
CHE,2013,Switzerland,H,90590,95143.2691419088,95420.2299679727,62660,High
CHE,2014,Switzerland,H,88250,91194.3062982509,91542.3574142749,63350,High
CHE,2015,Switzerland,H,86810,89024.4430535812,89333.1233900974,65940,High
CHE,2016,Switzerland,H,83360,84764.6858759755,84935.3531267137,66960,High
CHE,2017,Switzerland,H,80770,80770,80770,67250,High
CHE,2018,Switzerland,H,82470,80550.4397470813,80645.0267031625,68130,High
CHE,2019,Switzerland,H,83160,80018.6799255339,80138.1867062262,71170,High
CHE,2020,Switzerland,H,81740,78122.103444836,77907.8290993741,70510,High
CHE,2021,Switzerland,H,89120,81597.5371681293,82058.5618357345,78090,High
CHE,2022,Switzerland,H,95600,81705.4008288774,83548.257453091,88840,High
CHE,2023,Switzerland,H,95740,78982.9378806028,81054.5517863845,87730,High
CHI,1987,Channel Islands,H,,,,,High
CHI,1988,Channel Islands,H,,,,,High
CHI,1989,Channel Islands,H,,,,,High
CHI,1990,Channel Islands,H,,,,,High
CHI,1991,Channel Islands,H,,,,,High
CHI,1992,Channel Islands,H,,,,,High
CHI,1993,Channel Islands,H,,,,,High
CHI,1994,Channel Islands,H,,,,,High
CHI,1995,Channel Islands,H,,,,,High
CHI,1996,Channel Islands,H,,,,,High
CHI,1997,Channel Islands,H,,,,,High
CHI,1998,Channel Islands,H,,,,,High
CHI,1999,Channel Islands,H,,,,,High
CHI,2000,Channel Islands,H,,,,,High
CHI,2001,Channel Islands,H,,,,,High
CHI,2002,Channel Islands,H,,,,,High
CHI,2003,Channel Islands,H,,,,,High
CHI,2004,Channel Islands,H,,,,,High
CHI,2005,Channel Islands,H,,,,,High
CHI,2006,Channel Islands,H,,,,,High
CHI,2007,Channel Islands,H,,,,,High
CHI,2008,Channel Islands,H,,,,,High
CHI,2009,Channel Islands,H,,,,,High
CHI,2010,Channel Islands,H,,,,,High
CHI,2011,Channel Islands,H,,,,,High
CHI,2012,Channel Islands,H,,,,,High
CHI,2013,Channel Islands,H,,,,,High
CHI,2014,Channel Islands,H,,,,,High
CHI,2015,Channel Islands,H,,,,,High
CHI,2016,Channel Islands,H,,,,,High
CHI,2017,Channel Islands,H,,,,,High
CHI,2018,Channel Islands,H,,,,,High
CHI,2019,Channel Islands,H,,,,,High
CHI,2020,Channel Islands,H,,,,,High
CHI,2021,Channel Islands,H,,,,,High
CHI,2022,Channel Islands,H,,,,,High
CHI,2023,Channel Islands,H,,,,,High
CHL,1987,Chile,LM,1670,3121.42183862428,3193.78784281942,,Lower-middle
CHL,1988,Chile,LM,1940,3502.53107530172,3575.26607848415,,Lower-middle
CHL,1989,Chile,LM,2200,3822.08759508574,3888.92464647536,,Lower-middle
CHL,1990,Chile,LM,2340,3918.62434557502,3976.67850880379,4210,Lower-middle
CHL,1991,Chile,LM,2600,4211.59872772078,4254.58403491194,4640,Lower-middle
CHL,1992,Chile,LM,3120,4941.31314340982,4972.91357577023,5330,Lower-middle
CHL,1993,Chile,UM,3450,5337.43742885445,5334.8674465811,5850,Upper-middle
CHL,1994,Chile,UM,3740,5665.12982713099,5592.26709157654,6190,Upper-middle
CHL,1995,Chile,UM,4430,6572.49606941361,6387.04093785794,6960,Upper-middle
CHL,1996,Chile,UM,5070,7386.78678675218,7150.52579954291,7640,Upper-middle
CHL,1997,Chile,UM,5580,7992.015861967,7766.24251251959,8250,Upper-middle
CHL,1998,Chile,UM,5470,7747.39802461227,7561.54824637222,8650,Upper-middle
CHL,1999,Chile,UM,5100,7122.55888606111,7007.75412446737,8590,Upper-middle
CHL,2000,Chile,UM,5030,6869.20200005279,6809.57896772068,9050,Upper-middle
CHL,2001,Chile,UM,4780,6384.03859021741,6366.99396269007,9450,Upper-middle
CHL,2002,Chile,UM,4520,5944.41149681902,5960.57557136614,9740,Upper-middle
CHL,2003,Chile,UM,4570,5893.81274946821,5935.63964294059,10170,Upper-middle
CHL,2004,Chile,UM,5200,6530.68866374113,6578.52581892523,10760,Upper-middle
CHL,2005,Chile,UM,6200,7549.86465875992,7648.65630461395,11560,Upper-middle
CHL,2006,Chile,UM,7350,8682.48797478735,8833.52222898046,13850,Upper-middle
CHL,2007,Chile,UM,8700,10006.1421236826,10162.2465117899,15060,Upper-middle
CHL,2008,Chile,UM,9950,11227.4874351781,11333.2543475088,15090,Upper-middle
CHL,2009,Chile,UM,9880,11080.1583116926,11198.0529330608,14860,Upper-middle
CHL,2010,Chile,UM,10720,11877.8496589971,11946.4737650284,16760,Upper-middle
CHL,2011,Chile,UM,11860,12875.3442871982,12881.0362589694,18370,Upper-middle
CHL,2012,Chile,H,14170,15101.8774743521,15145.5159970459,20200,High
CHL,2013,Chile,H,15080,15837.9567133236,15884.0608004971,21210,High
CHL,2014,Chile,H,14690,15180.1060568987,15238.0422709994,21550,High
CHL,2015,Chile,H,14080,14439.1678170075,14489.2336981059,21920,High
CHL,2016,Chile,H,13310,13534.2846570206,13561.5349102274,22610,High
CHL,2017,Chile,H,13200,13200,13200,23350,High
CHL,2018,Chile,H,14460,14123.4310505977,14140.015595098,24270,High
CHL,2019,Chile,H,14690,14135.0938925697,14156.2044578459,24650,High
CHL,2020,Chile,H,12960,12386.3770570721,12352.4035371653,23770,High
CHL,2021,Chile,H,14790,13541.6020502315,13618.1118665901,27440,High
CHL,2022,Chile,H,15440,13195.9350292664,13493.5679401227,29420,High
CHL,2023,Chile,H,15950,13158.3231585086,13503.4478900442,31720,High
CHN,1987,China,L,320,598.116759496868,611.983299222883,,Low
CHN,1988,China,L,330,595.791368479158,608.163817474108,,Low
CHN,1989,China,L,320,555.940013830653,565.661766760053,,Low
CHN,1990,China,L,330,552.6265102734,560.813635856944,990,Low
CHN,1991,China,L,360,583.144439222877,589.096250987807,1110,Low
CHN,1992,China,L,400,633.501685052541,637.553022534645,1280,Low
CHN,1993,China,L,420,649.774991338803,649.462123931612,1470,Low
CHN,1994,China,L,470,711.928079880098,702.771532898657,1680,Low
CHN,1995,China,L,540,801.162049093307,778.555780235505,1850,Low
CHN,1996,China,L,660,961.593546204426,930.837678047006,2060,Low
CHN,1997,China,LM,760,1088.51828944353,1057.7677974041,2270,Lower-middle
CHN,1998,China,L,800,1133.07466539119,1105.89371062117,2440,Low
CHN,1999,China,LM,860,1201.05894941423,1181.69971510626,2650,Lower-middle
CHN,2000,China,LM,950,1297.36419484098,1286.10338356554,2930,Lower-middle
CHN,2001,China,LM,1020,1362.2843853602,1358.64724726859,3210,Lower-middle
CHN,2002,China,LM,1130,1486.10287420476,1490.14389284153,3550,Lower-middle
CHN,2003,China,LM,1300,1676.57693092094,1688.47517195247,3980,Lower-middle
CHN,2004,China,LM,1530,1921.52954913922,1935.60471210685,4490,Lower-middle
CHN,2005,China,LM,1790,2179.71899019036,2208.24109439661,5110,Lower-middle
CHN,2006,China,LM,2090,2468.89794113001,2511.84509640397,5940,Lower-middle
CHN,2007,China,LM,2550,2932.83476038973,2978.58949483497,6950,Lower-middle
CHN,2008,China,LM,3140,3543.14678858888,3576.52448755555,7760,Lower-middle
CHN,2009,China,LM,3740,4194.31093985127,4238.9390657538,8430,Lower-middle
CHN,2010,China,UM,4410,4886.31688397177,4914.54750968051,9370,Upper-middle
CHN,2011,China,UM,5130,5569.18349016245,5571.64553191508,10360,Upper-middle
CHN,2012,China,UM,6010,6405.24231622132,6423.75096275552,11390,Upper-middle
CHN,2013,China,UM,6860,7204.79993722811,7225.77301667174,12130,Upper-middle
CHN,2014,China,UM,7600,7853.56065571339,7883.5344628724,12960,Upper-middle
CHN,2015,China,UM,8040,8245.09298641623,8273.68174238432,13400,Upper-middle
CHN,2016,China,UM,8360,8500.87300771539,8517.98886923376,14090,Upper-middle
CHN,2017,China,UM,8830,8830,8830,15000,Upper-middle
CHN,2018,China,UM,9720,9493.75863152213,9504.90674857208,16230,Upper-middle
CHN,2019,China,UM,10510,10112.9909333497,10128.0945440408,17550,Upper-middle
CHN,2020,China,UM,10740,10264.6365426662,10236.4825608916,18120,Upper-middle
CHN,2021,China,UM,12220,11188.5312409621,11251.7462481225,20700,Upper-middle
CHN,2022,China,UM,13170,11255.8590890828,11509.7337934854,22840,Upper-middle
CHN,2023,China,UM,13750,11343.3820331971,11640.9033534864,24990,Upper-middle
CIV,1987,Côte d'Ivoire,LM,800,1495.29189874217,1529.95824805721,,Lower-middle
CIV,1988,Côte d'Ivoire,LM,900,1624.8855503977,1658.6285931112,,Lower-middle
CIV,1989,Côte d'Ivoire,LM,810,1407.22316000884,1431.83134711138,,Lower-middle
CIV,1990,Côte d'Ivoire,LM,760,1272.71559941753,1291.57079773114,2430,Lower-middle
CIV,1991,Côte d'Ivoire,LM,740,1198.68579173591,1210.92007147494,2440,Lower-middle
CIV,1992,Côte d'Ivoire,LM,760,1203.65320159983,1211.35074281582,2410,Lower-middle
CIV,1993,Côte d'Ivoire,L,720,1113.89998515223,1113.36364102562,2360,Low
CIV,1994,Côte d'Ivoire,L,660,999.728793023117,986.87066321939,2390,Low
CIV,1995,Côte d'Ivoire,L,670,994.034394245399,965.985875477386,2520,Low
CIV,1996,Côte d'Ivoire,L,510,743.049558430693,719.28366030905,1760,Low
CIV,1997,Côte d'Ivoire,L,630,902.324371512404,876.833832058664,1850,Low
CIV,1998,Côte d'Ivoire,L,710,1005.60376553468,981.480668176284,1890,Low
CIV,1999,Côte d'Ivoire,L,680,949.674518141481,934.367216595649,1910,Low
CIV,2000,Côte d'Ivoire,L,610,833.04437774,825.813751552607,1790,Low
CIV,2001,Côte d'Ivoire,L,550,734.565109753049,732.603907840907,1750,Low
CIV,2002,Côte d'Ivoire,L,530,697.021702060637,698.917047084967,1710,Low
CIV,2003,Côte d'Ivoire,L,580,748.011246103187,753.319692101869,1660,Low
CIV,2004,Côte d'Ivoire,L,710,891.690182933885,898.221794507099,1760,Low
CIV,2005,Côte d'Ivoire,L,850,1035.06209031386,1048.60610627772,1940,Low
CIV,2006,Côte d'Ivoire,L,850,1004.09724878493,1021.56379518822,1990,Low
CIV,2007,Côte d'Ivoire,L,880,1012.1155251541,1027.90539429599,2030,Low
CIV,2008,Côte d'Ivoire,LM,1000,1128.39069700283,1139.02053743807,2140,Lower-middle
CIV,2009,Côte d'Ivoire,LM,1080,1211.19139439555,1224.07866069896,2200,Lower-middle
CIV,2010,Côte d'Ivoire,LM,1120,1240.96936735791,1248.13905007759,2310,Lower-middle
CIV,2011,Côte d'Ivoire,LM,1020,1107.32303313171,1107.81256190124,2110,Lower-middle
CIV,2012,Côte d'Ivoire,LM,1140,1214.97108826827,1218.48187979056,2350,Lower-middle
CIV,2013,Côte d'Ivoire,LM,1240,1302.32535308496,1306.11640534591,2530,Lower-middle
CIV,2014,Côte d'Ivoire,LM,1860,1922.05563416144,1929.3913290714,4000,Lower-middle
CIV,2015,Côte d'Ivoire,LM,1880,1927.95706647544,1934.641999463,4310,Lower-middle
CIV,2016,Côte d'Ivoire,LM,1880,1911.67957589772,1915.5285973875,4430,Lower-middle
CIV,2017,Côte d'Ivoire,LM,1870,1870,1870,4550,Lower-middle
CIV,2018,Côte d'Ivoire,LM,2010,1963.21551948143,1965.5208399825,4810,Lower-middle
CIV,2019,Côte d'Ivoire,LM,2120,2039.91824725988,2042.96483666666,5360,Lower-middle
CIV,2020,Côte d'Ivoire,LM,2120,2026.16661736056,2020.60922058568,5380,Lower-middle
CIV,2021,Côte d'Ivoire,LM,2300,2105.86103553296,2117.75911380374,5860,Lower-middle
CIV,2022,Côte d'Ivoire,LM,2440,2085.36797094624,2132.40322369814,6500,Lower-middle
CIV,2023,Côte d'Ivoire,LM,2510,2070.6828293327,2124.99399398188,6960,Lower-middle
CMR,1987,Cameroon,LM,1150,2149.48210444187,2199.31498158224,,Lower-middle
CMR,1988,Cameroon,LM,1230,2220.67691887686,2266.79241058531,,Lower-middle
CMR,1989,Cameroon,LM,1120,1945.79004840728,1979.81618366018,,Lower-middle
CMR,1990,Cameroon,LM,1000,1674.62578870727,1699.43526017256,1950,Lower-middle
CMR,1991,Cameroon,LM,930,1506.45646799243,1521.8319817185,1850,Lower-middle
CMR,1992,Cameroon,LM,960,1520.4040441261,1530.12725408315,1800,Lower-middle
CMR,1993,Cameroon,LM,990,1531.61247958432,1530.87500641023,1660,Lower-middle
CMR,1994,Cameroon,L,890,1348.11912998572,1330.78013676554,1670,Low
CMR,1995,Cameroon,L,870,1290.76107909477,1254.3398681572,1700,Low
CMR,1996,Cameroon,L,770,1121.8591372385,1085.97729105484,1760,Low
CMR,1997,Cameroon,L,790,1131.48611665841,1099.5217894069,1820,Low
CMR,1998,Cameroon,L,770,1090.58436543902,1064.42269647287,1890,Low
CMR,1999,Cameroon,L,760,1061.40093204048,1044.29277148926,1960,Low
CMR,2000,Cameroon,L,730,996.921960246229,988.268915792464,1990,Low
CMR,2001,Cameroon,L,700,934.901048776608,932.4049736157,2050,Low
CMR,2002,Cameroon,L,700,920.594700834804,923.097986715995,2140,Low
CMR,2003,Cameroon,L,820,1057.53314104244,1065.0381853854,2290,Low
CMR,2004,Cameroon,L,1030,1293.57871608718,1303.05415259481,2480,Low
CMR,2005,Cameroon,LM,1140,1388.20092112682,1406.36583665482,2530,Lower-middle
CMR,2006,Cameroon,LM,1200,1417.54905710814,1442.20771085395,2670,Lower-middle
CMR,2007,Cameroon,LM,1250,1437.66409823026,1460.09288962498,2760,Lower-middle
CMR,2008,Cameroon,LM,1360,1534.61134792385,1549.06793091578,2830,Lower-middle
CMR,2009,Cameroon,LM,1460,1637.35132946065,1654.77300427822,2870,Lower-middle
CMR,2010,Cameroon,LM,1450,1606.61212738301,1615.89430590402,2890,Lower-middle
CMR,2011,Cameroon,LM,1470,1595.84790068982,1596.55339803414,2960,Lower-middle
CMR,2012,Cameroon,LM,1470,1566.67324539856,1571.20031867731,3010,Lower-middle
CMR,2013,Cameroon,LM,1530,1606.9014437258,1611.57911304778,3180,Lower-middle
CMR,2014,Cameroon,LM,1570,1622.38029335132,1628.57225088285,3360,Lower-middle
CMR,2015,Cameroon,LM,1530,1569.02888920607,1574.46928679702,3450,Lower-middle
CMR,2016,Cameroon,LM,1470,1494.7707322179,1497.78033944661,3570,Lower-middle
CMR,2017,Cameroon,LM,1410,1410,1410,3700,Lower-middle
CMR,2018,Cameroon,LM,1520,1484.62069134914,1486.36401829522,3940,Lower-middle
CMR,2019,Cameroon,LM,1560,1501.07191779501,1503.31374773584,4150,Lower-middle
CMR,2020,Cameroon,LM,1540,1471.83801449777,1467.80103759525,4280,Lower-middle
CMR,2021,Cameroon,LM,1610,1474.10272487307,1482.43137966262,4720,Lower-middle
CMR,2022,Cameroon,LM,1660,1418.73394744703,1450.73334071267,5060,Lower-middle
CMR,2023,Cameroon,LM,1680,1385.95504114699,1422.30673700779,5300,Lower-middle
COD,1987,"Congo, Dem. Rep.",L,240,448.587569622651,458.987474417162,,Low
COD,1988,"Congo, Dem. Rep.",L,250,451.357097332695,460.730164753112,,Low
COD,1989,"Congo, Dem. Rep.",L,240,416.955010372989,424.246325070039,,Low
COD,1990,"Congo, Dem. Rep.",L,230,385.163931402673,390.870109839688,760,Low
COD,1991,"Congo, Dem. Rep.",L,190,307.770676256518,310.911910243565,610,Low
COD,1992,"Congo, Dem. Rep.",L,200,316.75084252627,318.776511267322,610,Low
COD,1993,"Congo, Dem. Rep.",L,200,309.416662542287,309.267678062672,540,Low
COD,1994,"Congo, Dem. Rep.",L,150,227.211089323436,224.288787095316,480,Low
COD,1995,"Congo, Dem. Rep.",L,140,207.708679394561,201.847794875872,460,Low
COD,1996,"Congo, Dem. Rep.",L,120,174.835190218987,169.243214190365,490,Low
COD,1997,"Congo, Dem. Rep.",L,110,157.54869978788,153.09797067691,460,Low
COD,1998,"Congo, Dem. Rep.",L,110,155.797766491289,152.06038521041,450,Low
COD,1999,"Congo, Dem. Rep.",L,100,139.658017373747,137.406943617007,410,Low
COD,2000,"Congo, Dem. Rep.",L,130,177.534047715082,175.993094593179,410,Low
COD,2001,"Congo, Dem. Rep.",L,130,173.624480487084,173.160923671487,380,Low
COD,2002,"Congo, Dem. Rep.",L,180,236.724351643235,237.36805372697,400,Low
COD,2003,"Congo, Dem. Rep.",L,160,206.3479299595,207.812328855688,420,Low
COD,2004,"Congo, Dem. Rep.",L,180,226.062299898731,227.718201424335,440,Low
COD,2005,"Congo, Dem. Rep.",L,190,231.366820187804,234.394306109137,460,Low
COD,2006,"Congo, Dem. Rep.",L,220,259.883993803159,264.404746989891,490,Low
COD,2007,"Congo, Dem. Rep.",L,260,299.034132431894,303.699321041997,530,Low
COD,2008,"Congo, Dem. Rep.",L,300,338.517209100848,341.706161231422,550,Low
COD,2009,"Congo, Dem. Rep.",L,300,336.442053998765,340.021850194155,550,Low
COD,2010,"Congo, Dem. Rep.",L,320,354.562676387974,356.611157165026,580,Low
COD,2011,"Congo, Dem. Rep.",L,330,358.251569542613,358.409946497461,610,Low
COD,2012,"Congo, Dem. Rep.",L,380,404.99036275609,406.160626596855,610,Low
COD,2013,"Congo, Dem. Rep.",L,410,430.607576423254,431.861069509535,700,Low
COD,2014,"Congo, Dem. Rep.",L,440,454.679827436039,456.415153113665,790,Low
COD,2015,"Congo, Dem. Rep.",L,460,471.734175839735,473.369850932436,850,Low
COD,2016,"Congo, Dem. Rep.",L,460,467.751385591995,468.693167445877,930,Low
COD,2017,"Congo, Dem. Rep.",L,440,440,440,960,Low
COD,2018,"Congo, Dem. Rep.",L,460,449.293103960924,449.820689747238,1010,Low
COD,2019,"Congo, Dem. Rep.",L,460,442.623770631862,443.284823050313,990,Low
COD,2020,"Congo, Dem. Rep.",L,480,458.754705817486,457.496427302417,1060,Low
COD,2021,"Congo, Dem. Rep.",L,530,485.26362992716,488.005361006949,1360,Low
COD,2022,"Congo, Dem. Rep.",L,610,521.341992736561,533.100805924535,1510,Low
COD,2023,"Congo, Dem. Rep.",L,680,560.981802369019,575.695584026963,1680,Low
COG,1987,"Congo, Rep.",LM,1050,1962.5706170991,2008.07020057509,,Lower-middle
COG,1988,"Congo, Rep.",LM,920,1660.99411818432,1695.48700629145,,Lower-middle
COG,1989,"Congo, Rep.",LM,940,1633.07379062754,1661.63143985765,,Lower-middle
COG,1990,"Congo, Rep.",LM,920,1540.65572561069,1563.48043935875,2900,Lower-middle
COG,1991,"Congo, Rep.",LM,950,1538.85338128259,1554.55955121782,3010,Lower-middle
COG,1992,"Congo, Rep.",LM,1050,1662.94192326292,1673.57668415344,3180,Lower-middle
COG,1993,"Congo, Rep.",LM,900,1392.37498144029,1391.70455128203,2920,Lower-middle
COG,1994,"Congo, Rep.",L,750,1136.05544661718,1121.44393547658,2890,Low
COG,1995,"Congo, Rep.",L,470,697.307709396026,677.631882797569,2110,Low
COG,1996,"Congo, Rep.",L,460,670.201562506115,648.765654396398,2160,Low
COG,1997,"Congo, Rep.",L,590,845.033935225902,821.161842721606,2590,Low
COG,1998,"Congo, Rep.",L,580,821.479132408613,801.772940200345,2810,Low
COG,1999,"Congo, Rep.",L,490,684.324285131361,673.294023723336,2510,Low
COG,2000,"Congo, Rep.",L,560,764.762051695738,758.124099786,2680,Low
COG,2001,"Congo, Rep.",L,620,828.05521463071,825.844405202478,2730,Low
COG,2002,"Congo, Rep.",L,670,881.140642227598,883.536644428166,2890,Low
COG,2003,"Congo, Rep.",L,690,889.875447950343,896.190668190155,2950,Low
COG,2004,"Congo, Rep.",L,760,954.485266239088,961.476850458303,2820,Low
COG,2005,"Congo, Rep.",LM,1100,1339.49211687676,1357.01966694764,3250,Lower-middle
COG,2006,"Congo, Rep.",LM,1560,1842.81377424058,1874.87002411014,3890,Lower-middle
COG,2007,"Congo, Rep.",LM,1650,1897.71660966394,1927.32261430498,3560,Lower-middle
COG,2008,"Congo, Rep.",LM,2090,2358.33655673591,2380.55292324558,3900,Lower-middle
COG,2009,"Congo, Rep.",LM,2410,2702.75116712341,2731.50886322638,4420,Lower-middle
COG,2010,"Congo, Rep.",LM,2640,2925.14208020079,2942.04204661146,4760,Lower-middle
COG,2011,"Congo, Rep.",LM,2580,2800.87590733316,2802.11412716197,4660,Lower-middle
COG,2012,"Congo, Rep.",LM,3330,3548.99449467837,3559.24970149349,5730,Lower-middle
COG,2013,"Congo, Rep.",LM,3560,3738.93407821167,3749.81806696084,5700,Lower-middle
COG,2014,"Congo, Rep.",LM,3800,3926.7803278567,3941.7672314362,5820,Lower-middle
COG,2015,"Congo, Rep.",LM,3080,3158.5679599704,3169.51987146066,4690,Lower-middle
COG,2016,"Congo, Rep.",LM,2260,2298.08289443024,2302.7099096254,3870,Lower-middle
COG,2017,"Congo, Rep.",LM,1740,1740,1740,3860,Lower-middle
COG,2018,"Congo, Rep.",LM,2070,2021.81896782416,2024.19310386257,5280,Lower-middle
COG,2019,"Congo, Rep.",LM,2180,2097.65178255969,2100.78459619496,5140,Lower-middle
COG,2020,"Congo, Rep.",LM,2230,2131.2979041104,2125.45215184248,4740,Lower-middle
COG,2021,"Congo, Rep.",LM,2040,1867.80717934228,1878.36025746071,5570,Lower-middle
COG,2022,"Congo, Rep.",LM,2170,1854.61003973498,1896.44057189548,5930,Lower-middle
COG,2023,"Congo, Rep.",LM,2310,1905.68818157711,1955.67176338571,6150,Lower-middle
COL,1987,Colombia,LM,1270,2373.77588925319,2428.80871879082,,Lower-middle
COL,1988,Colombia,LM,1330,2401.21975780994,2451.08447648656,,Lower-middle
COL,1989,Colombia,LM,1280,2223.76005532261,2262.64706704021,,Lower-middle
COL,1990,Colombia,LM,1350,2260.74481475482,2294.23760123295,4900,Lower-middle
COL,1991,Colombia,LM,1400,2267.78393031119,2290.92986495258,5090,Lower-middle
COL,1992,Colombia,LM,1600,2534.00674021016,2550.21209013858,5330,Lower-middle
COL,1993,Colombia,LM,1770,2738.33746349924,2737.01895085465,5680,Lower-middle
COL,1994,Colombia,LM,2080,3150.66043861831,3110.13784772171,6080,Lower-middle
COL,1995,Colombia,LM,2390,3545.88388395001,3445.83021252381,6410,Lower-middle
COL,1996,Colombia,LM,2580,3758.95658970821,3638.72910509284,6520,Lower-middle
COL,1997,Colombia,LM,2700,3867.10444933887,3757.85928025142,6740,Lower-middle
COL,1998,Colombia,LM,2600,3682.49266252137,3594.15455951879,6760,Lower-middle
COL,1999,Colombia,LM,2370,3309.89501175781,3256.54456372307,6460,Lower-middle
COL,2000,Colombia,LM,2370,3236.58225449803,3208.48949373718,6630,Lower-middle
COL,2001,Colombia,LM,2360,3151.95210730399,3143.53676819008,6760,Lower-middle
COL,2002,Colombia,LM,2410,3169.47604144554,3178.09449712221,6920,Lower-middle
COL,2003,Colombia,LM,2410,3108.11569501497,3130.1732033888,7170,Lower-middle
COL,2004,Colombia,LM,2650,3328.13941517577,3352.51796541382,7630,Lower-middle
COL,2005,Colombia,LM,3030,3689.69192194235,3737.9723553194,8220,Lower-middle
COL,2006,Colombia,LM,3540,4181.76971846901,4254.51274701916,8910,Lower-middle
COL,2007,Colombia,LM,4170,4796.04743169614,4870.86987978895,9600,Lower-middle
COL,2008,Colombia,UM,4770,5382.42362470349,5433.12796357962,9950,Upper-middle
COL,2009,Colombia,UM,5200,5831.66226931192,5893.71207003202,10060,Upper-middle
COL,2010,Colombia,UM,5690,6304.56758952367,6340.99213834061,10460,Upper-middle
COL,2011,Colombia,UM,6370,6915.34090298924,6918.39805814796,11210,Upper-middle
COL,2012,Colombia,UM,7340,7822.70858586763,7845.31315584451,11630,Upper-middle
COL,2013,Colombia,UM,8010,8412.60167597626,8437.0906506619,12340,Upper-middle
COL,2014,Colombia,UM,8280,8556.24766175091,8588.90333586625,12980,Upper-middle
COL,2015,Colombia,UM,7420,7609.2773581105,7635.66150851886,13160,Upper-middle
COL,2016,Colombia,UM,6560,6670.54149887715,6683.97212705425,13870,Upper-middle
COL,2017,Colombia,UM,6030,6030,6030,14150,Upper-middle
COL,2018,Colombia,UM,6350,6202.19828293884,6209.48126064123,14860,Upper-middle
COL,2019,Colombia,UM,6630,6379.55565062879,6389.08342787734,15830,Upper-middle
COL,2020,Colombia,UM,5850,5591.0729771506,5575.73770774821,15370,Upper-middle
COL,2021,Colombia,UM,6310,5777.38397139695,5810.02609047896,17230,Upper-middle
COL,2022,Colombia,UM,6560,5606.56306942925,5733.01850305729,20130,Upper-middle
COL,2023,Colombia,UM,6720,5543.82016458795,5689.22694803117,20700,Upper-middle
COM,1987,Comoros,L,680,1270.99811393084,1300.46451084863,,Low
COM,1988,Comoros,L,830,1498.50556314455,1529.62414698033,,Low
COM,1989,Comoros,L,830,1441.96941087326,1467.18520753389,,Low
COM,1990,Comoros,L,880,1473.6706940624,1495.50302895185,1540,Low
COM,1991,Comoros,L,840,1360.67035818671,1374.55791897155,1460,Low
COM,1992,Comoros,L,960,1520.4040441261,1530.12725408315,1590,Low
COM,1993,Comoros,L,970,1500.67081333009,1499.94823860396,1630,Low
COM,1994,Comoros,L,810,1226.93988234655,1211.15945031471,1570,Low
COM,1995,Comoros,L,810,1201.74307363996,1167.83367035326,1660,Low
COM,1996,Comoros,L,770,1121.8591372385,1085.97729105484,1650,Low
COM,1997,Comoros,L,780,1117.16350758679,1085.60379207263,1720,Low
COM,1998,Comoros,L,720,1019.76719885207,995.304339559049,1710,Low
COM,1999,Comoros,L,700,977.606121616231,961.848605319051,1750,Low
COM,2000,Comoros,L,670,914.983168993115,907.041333672536,1740,Low
COM,2001,Comoros,L,680,908.189590240133,905.764831512395,1840,Low
COM,2002,Comoros,L,700,920.594700834804,923.097986715995,1910,Low
COM,2003,Comoros,L,810,1044.63639541997,1052.04991483192,1940,Low
COM,2004,Comoros,L,980,1230.78363278198,1239.7990966436,2020,Low
COM,2005,Comoros,L,1140,1388.20092112682,1406.36583665482,2160,Low
COM,2006,Comoros,L,1140,1346.67160425273,1370.09732531126,2140,Low
COM,2007,Comoros,L,1190,1368.65622151521,1390.00843092299,2180,Low
COM,2008,Comoros,L,1340,1512.04353398379,1526.28752016702,2260,Low
COM,2009,Comoros,L,1440,1614.92185919407,1632.10488093195,2300,Low
COM,2010,Comoros,L,1450,1606.61212738301,1615.89430590402,2370,Low
COM,2011,Comoros,L,1490,1617.56011702574,1618.27521297338,2470,Low
COM,2012,Comoros,L,1510,1609.3038098992,1613.9540688454,2670,Low
COM,2013,Comoros,L,1590,1669.91718661701,1674.77829395161,2830,Low
COM,2014,Comoros,L,1590,1643.04755823478,1649.3183942062,2950,Low
COM,2015,Comoros,L,1480,1517.75343531045,1523.01604213045,2960,Low
COM,2016,Comoros,L,1410,1433.75968192329,1436.64644804062,3160,Low
COM,2017,Comoros,L,1380,1380,1380,3360,Low
COM,2018,Comoros,LM,1490,1455.31896717777,1457.02788635519,3290,Lower-middle
COM,2019,Comoros,LM,1530,1472.2051501451,1474.40386797169,3310,Lower-middle
COM,2020,Comoros,LM,1520,1452.7232350887,1448.73868645765,3260,Lower-middle
COM,2021,Comoros,LM,1570,1437.47905468989,1445.60078637907,3390,Lower-middle
COM,2022,Comoros,LM,1590,1358.907817133,1389.55783839346,3660,Lower-middle
COM,2023,Comoros,LM,1580,1303.45771726919,1337.64562170971,3830,Lower-middle
CPV,1988,Cabo Verde,LM,750,1354.07129199809,1382.19049425934,,Lower-middle
CPV,1989,Cabo Verde,LM,810,1407.22316000884,1431.83134711138,,Lower-middle
CPV,1990,Cabo Verde,LM,810,1356.44688885289,1376.54256073977,1050,Lower-middle
CPV,1991,Cabo Verde,LM,820,1328.27344489655,1341.83034947223,1070,Lower-middle
CPV,1992,Cabo Verde,LM,940,1488.72895987347,1498.24960295641,1190,Lower-middle
CPV,1993,Cabo Verde,LM,1080,1670.84997772835,1670.04546153843,1290,Lower-middle
CPV,1994,Cabo Verde,LM,1190,1802.54130863259,1779.35771095617,1540,Lower-middle
CPV,1995,Cabo Verde,LM,1300,1928.72345152092,1874.30095241881,1750,Lower-middle
CPV,1996,Cabo Verde,LM,1250,1821.19989811444,1762.9501478163,1950,Lower-middle
CPV,1997,Cabo Verde,LM,1260,1804.64874302481,1753.66766411733,2170,Lower-middle
CPV,1998,Cabo Verde,LM,1240,1756.26573135635,1714.13525146281,2420,Lower-middle
CPV,1999,Cabo Verde,LM,1290,1801.58842412134,1772.54957265939,2680,Lower-middle
CPV,2000,Cabo Verde,LM,1330,1816.30987277738,1800.54473699175,3050,Lower-middle
CPV,2001,Cabo Verde,LM,1270,1696.17761706613,1691.64902355991,3190,Lower-middle
CPV,2002,Cabo Verde,LM,1230,1617.61640289544,1622.01503380096,3320,Lower-middle
CPV,2003,Cabo Verde,LM,1440,1857.1313696355,1870.31095970119,3500,Lower-middle
CPV,2004,Cabo Verde,LM,1810,2273.18201564835,2289.83302543359,3900,Lower-middle
CPV,2005,Cabo Verde,LM,2070,2520.68061994081,2553.66428234691,4200,Lower-middle
CPV,2006,Cabo Verde,LM,2200,2598.83993803159,2644.04746989891,4590,Lower-middle
CPV,2007,Cabo Verde,LM,2770,3185.86364167825,3235.56584340897,5460,Lower-middle
CPV,2008,Cabo Verde,LM,3360,3791.3927419295,3827.10900579193,5870,Lower-middle
CPV,2009,Cabo Verde,LM,3650,4093.37832365164,4136.93251069556,5760,Lower-middle
CPV,2010,Cabo Verde,LM,3600,3988.83010936471,4011.87551810654,5800,Lower-middle
CPV,2011,Cabo Verde,LM,3760,4081.8966711522,4083.70120857713,6160,Lower-middle
CPV,2012,Cabo Verde,LM,3730,3975.30013968478,3986.78720317439,6070,Lower-middle
CPV,2013,Cabo Verde,LM,3840,4033.00754503731,4044.7475778454,6160,Lower-middle
CPV,2014,Cabo Verde,LM,3750,3875.11216564806,3889.90187312783,6130,Lower-middle
CPV,2015,Cabo Verde,LM,3620,3712.34286204313,3725.21491385961,6540,Lower-middle
CPV,2016,Cabo Verde,LM,3580,3640.32600091161,3647.65552055704,7110,Lower-middle
CPV,2017,Cabo Verde,LM,3620,3620,3620,7690,Lower-middle
CPV,2018,Cabo Verde,LM,4040,3945.96552174376,3950.59910125835,7750,Lower-middle
CPV,2019,Cabo Verde,LM,4420,4253.03710041919,4259.38895191822,8480,Lower-middle
CPV,2020,Cabo Verde,LM,3510,3354.64378629036,3345.44262464893,6710,Lower-middle
CPV,2021,Cabo Verde,LM,3870,3543.34009022285,3563.35990018281,7580,Lower-middle
CPV,2022,Cabo Verde,LM,4550,3888.69847041205,3976.40765074858,9360,Lower-middle
CPV,2023,Cabo Verde,LM,4740,3910.37315180757,4012.93686512913,10110,Lower-middle
CRI,1987,Costa Rica,LM,1590,2971.89264875006,3040.7920180137,,Lower-middle
CRI,1988,Costa Rica,LM,1650,2978.95684239579,3040.81908737054,,Lower-middle
CRI,1989,Costa Rica,LM,1660,2883.93882174651,2934.37041506777,,Lower-middle
CRI,1990,Costa Rica,LM,1740,2913.84887235065,2957.01735270025,4800,Lower-middle
CRI,1991,Costa Rica,LM,1950,3158.69904579058,3190.93802618395,5040,Lower-middle
CRI,1992,Costa Rica,LM,2350,3721.82239968368,3745.62400739104,5510,Lower-middle
CRI,1993,Costa Rica,LM,2740,4239.00827682933,4236.96718945861,5900,Lower-middle
CRI,1994,Costa Rica,LM,2990,4529.07438051382,4470.82315609996,6220,Lower-middle
CRI,1995,Costa Rica,LM,3190,4732.7906233475,4599.24618324308,6430,Lower-middle
CRI,1996,Costa Rica,LM,3250,4735.11973509755,4583.67038432238,6510,Lower-middle
CRI,1997,Costa Rica,LM,3360,4812.39664806615,4676.44710431287,6830,Lower-middle
CRI,1998,Costa Rica,LM,3420,4843.89419454734,4727.69561290548,7160,Lower-middle
CRI,1999,Costa Rica,LM,3480,4860.0990046064,4781.76163787185,7290,Lower-middle
CRI,2000,Costa Rica,UM,3590,4902.67100997803,4860.11699684239,7520,Upper-middle
CRI,2001,Costa Rica,UM,3700,4941.61982924778,4928.42628911156,7810,Upper-middle
CRI,2002,Costa Rica,UM,3790,4984.36273737701,4997.91624236231,8070,Upper-middle
CRI,2003,Costa Rica,UM,4050,5223.18197709984,5260.24957415961,8450,Upper-middle
CRI,2004,Costa Rica,UM,4400,5525.96733085788,5566.44492370596,8970,Upper-middle
CRI,2005,Costa Rica,UM,4670,5686.75289619497,5761.16531331405,9530,Upper-middle
CRI,2006,Costa Rica,UM,5090,6012.77058390035,6117.36437353885,10480,Upper-middle
CRI,2007,Costa Rica,UM,5710,6567.24960071582,6669.70431980693,11540,Upper-middle
CRI,2008,Costa Rica,UM,6440,7266.83608869821,7335.2922611012,12230,Upper-middle
CRI,2009,Costa Rica,UM,6570,7368.08098257295,7446.478519252,11870,Upper-middle
CRI,2010,Costa Rica,UM,7290,8077.38097146354,8124.04792416574,12510,Upper-middle
CRI,2011,Costa Rica,UM,8130,8826.01594054984,8829.91777280108,13160,Upper-middle
CRI,2012,Costa Rica,UM,9330,9943.57916977452,9972.31222670699,14010,Upper-middle
CRI,2013,Costa Rica,UM,9990,10492.1211913861,10522.6636204884,14680,Upper-middle
CRI,2014,Costa Rica,UM,10410,10757.311371839,10798.3675998029,15720,Upper-middle
CRI,2015,Costa Rica,UM,10770,11044.7327691173,11083.028901179,16780,Upper-middle
CRI,2016,Costa Rica,UM,11170,11358.2238631795,11381.092783414,18390,Upper-middle
CRI,2017,Costa Rica,UM,11580,11580,11580,19430,Upper-middle
CRI,2018,Costa Rica,UM,12070,11789.060358279,11802.9037505417,20330,Upper-middle
CRI,2019,Costa Rica,UM,12240,11777.6412011608,11795.2309437736,21950,Upper-middle
CRI,2020,Costa Rica,UM,11700,11182.1459543012,11151.4754154964,20820,Upper-middle
CRI,2021,Costa Rica,UM,12630,11563.9238603397,11629.2598292788,22320,Upper-middle
CRI,2022,Costa Rica,UM,13210,11290.0454492622,11544.6912233821,24350,Upper-middle
CRI,2023,Costa Rica,UM,14260,11764.1183849738,12072.6750415066,26900,Upper-middle
CSK,1990,Czechoslovakia (former),UM,,,,,Upper-middle
CSK,1991,Czechoslovakia (former),UM,,,,,Upper-middle
CUB,1990,Cuba,LM,2640,4421.0120821872,4486.50908685555,,Lower-middle
CUB,1991,Cuba,LM,2330,3774.24039830362,3812.76184667108,,Lower-middle
CUB,1992,Cuba,LM,2120,3357.55893077847,3379.03101943362,,Lower-middle
CUB,1993,Cuba,LM,1870,2893.04579477038,2891.65278988599,,Lower-middle
CUB,1994,Cuba,LM,2130,3226.39746839279,3184.90077675349,,Lower-middle
CUB,1995,Cuba,LM,2540,3768.42889758704,3662.09570703367,,Lower-middle
CUB,1996,Cuba,LM,2700,3933.7917799272,3807.97231928321,,Lower-middle
CUB,1997,Cuba,LM,2500,3580.65226790636,3479.49933356613,,Lower-middle
CUB,1998,Cuba,LM,2240,3172.60906309533,3096.50238973926,,Lower-middle
CUB,1999,Cuba,LM,2400,3351.79241696993,3297.76664680817,,Lower-middle
CUB,2000,Cuba,LM,2620,3577.99388471934,3546.93775257021,,Lower-middle
CUB,2001,Cuba,LM,2760,3686.18127803348,3676.33961025619,,Lower-middle
CUB,2002,Cuba,LM,2830,3721.83286194642,3731.95328915181,,Lower-middle
CUB,2003,Cuba,LM,3100,3997.99114296531,4026.36387157896,,Lower-middle
CUB,2004,Cuba,LM,3490,4383.09681470318,4415.20290539405,,Lower-middle
CUB,2005,Cuba,LM,3960,4822.17162075633,4885.27080101149,,Lower-middle
CUB,2006,Cuba,LM,4410,5209.49278487241,5300.11333738828,,Lower-middle
CUB,2007,Cuba,UM,4740,5451.62226048914,5536.67223745794,,Upper-middle
CUB,2008,Cuba,UM,5030,5675.80520592422,5729.27330331352,,Upper-middle
CUB,2009,Cuba,UM,5080,5697.08544771241,5757.70332995436,,Upper-middle
CUB,2010,Cuba,UM,5170,5728.40324039321,5761.49900794745,,Upper-middle
CUB,2011,Cuba,UM,5590,6068.56446588851,6071.2472755176,,Upper-middle
CUB,2012,Cuba,UM,6090,6490.5034452226,6509.2584630917,,Upper-middle
CUB,2013,Cuba,UM,6640,6973.74221329368,6994.04268669101,,Upper-middle
CUB,2014,Cuba,UM,6850,7078.53822258378,7105.55408824684,,Upper-middle
CUB,2015,Cuba,UM,7270,7455.45099642363,7481.30177451916,,Upper-middle
CUB,2016,Cuba,UM,7530,7656.88681197331,7672.30337145099,,Upper-middle
CUB,2017,Cuba,UM,8010,8010,8010,,Upper-middle
CUB,2018,Cuba,UM,8710,8507.26725108619,8517.25697325749,,Upper-middle
CUB,2019,Cuba,UM,9010,8669.65255085451,8682.60055583331,,Upper-middle
CUB,2020,Cuba,UM,,,,,Upper-middle
CUB,2021,Cuba,UM,,,,,Upper-middle
CUB,2022,Cuba,UM,,,,,Upper-middle
CUB,2023,Cuba,UM,,,,,Upper-middle
CUW,2010,Curaçao,H,19540,21650.4834269407,21775.5687843894,25860,High
CUW,2011,Curaçao,H,19420,21082.5620621744,21091.8823060021,25940,High
CUW,2012,Curaçao,H,19330,20601.2202949348,20660.7497687295,24600,High
CUW,2013,Curaçao,H,19020,19975.9904965129,20034.1403465155,24150,High
CUW,2014,Curaçao,H,18980,19613.2343744,19688.0900138577,23820,High
CUW,2015,Curaçao,H,18780,19259.0604831961,19325.8386967634,23690,High
CUW,2016,Curaçao,H,18260,18567.6963063257,18605.0809512211,23200,High
CUW,2017,Curaçao,H,18230,18230,18230,24040,High
CUW,2018,Curaçao,H,18820,18381.9482968361,18403.5334370501,24480,High
CUW,2019,Curaçao,H,19140,18416.9977606388,18444.5032895282,25500,High
CUW,2020,Curaçao,H,16190,15473.4139316356,15430.9732458878,21870,High
CUW,2021,Curaçao,H,17950,16434.8719947029,16527.7287359901,25190,High
CUW,2022,Curaçao,H,20480,17503.4164118767,17898.2041071057,29240,High
CUW,2023,Curaçao,H,21450,17695.6759717874,18159.8092314388,31250,High
CYM,1993,Cayman Islands,H,,,,,High
CYM,1994,Cayman Islands,H,,,,,High
CYM,1995,Cayman Islands,H,,,,,High
CYM,1996,Cayman Islands,H,,,,,High
CYM,1997,Cayman Islands,H,,,,,High
CYM,1998,Cayman Islands,H,,,,,High
CYM,1999,Cayman Islands,H,,,,,High
CYM,2000,Cayman Islands,H,,,,,High
CYM,2001,Cayman Islands,H,,,,,High
CYM,2002,Cayman Islands,H,,,,,High
CYM,2003,Cayman Islands,H,,,,,High
CYM,2004,Cayman Islands,H,,,,,High
CYM,2005,Cayman Islands,H,,,,,High
CYM,2006,Cayman Islands,H,,,,,High
CYM,2007,Cayman Islands,H,,,,,High
CYM,2008,Cayman Islands,H,,,,,High
CYM,2009,Cayman Islands,H,,,,,High
CYM,2010,Cayman Islands,H,73550,81494.0151510485,81964.8456546489,62770,High
CYM,2011,Cayman Islands,H,73950,80280.9199020493,80316.4107378401,64370,High
CYM,2012,Cayman Islands,H,51150,54513.8343551948,54671.3580274451,43820,High
CYM,2013,Cayman Islands,H,44990,47251.3045445908,47388.8524810585,38230,High
CYM,2014,Cayman Islands,H,43420,44868.6320619836,45039.8771549894,36670,High
CYM,2015,Cayman Islands,H,44430,45563.3683316509,45721.3532107134,37970,High
CYM,2016,Cayman Islands,H,47830,48635.9755931851,48733.9004324702,41510,High
CYM,2017,Cayman Islands,H,51890,51890,51890,45560,High
CYM,2018,Cayman Islands,H,57880,56532.7931679528,56599.1772229786,50130,High
CYM,2019,Cayman Islands,H,64520,62082.7949590602,62175.5147461004,53880,High
CYM,2020,Cayman Islands,H,62420,59657.2265356822,59493.5979004518,50100,High
CYM,2021,Cayman Islands,H,76260,69823.0272042363,70217.5260950753,64430,High
CYM,2022,Cayman Islands,H,74060,63296.0458722454,64723.681453723,64720,High
CYM,2023,Cayman Islands,H,75720,62466.9736402678,64105.3965037083,68030,High
CYP,1987,Cyprus,UM,6300,11775.4237025946,12048.4212034505,,Upper-middle
CYP,1988,Cyprus,H,7910,14280.9385596065,14577.5024127885,,High
CYP,1989,Cyprus,H,8570,14888.7684954022,15149.1291910427,,High
CYP,1990,Cyprus,H,9300,15574.0198349776,15804.7479196048,13270,High
CYP,1991,Cyprus,H,9460,15323.7399862456,15480.1403731796,13470,High
CYP,1992,Cyprus,H,11020,17452.9714231975,17564.5857708295,14660,High
CYP,1993,Cyprus,H,10970,16971.5039404444,16963.3321417376,14760,High
CYP,1994,Cyprus,H,11680,17692.1701553182,17464.6202218219,15620,High
CYP,1995,Cyprus,H,12810,19005.3441646023,18469.0732311423,16230,High
CYP,1996,Cyprus,H,13880,20222.6036686628,19575.7984413522,16480,High
CYP,1997,Cyprus,H,14280,20452.6857542812,19874.9001933297,16810,High
CYP,1998,Cyprus,H,15490,21939.1582086369,21412.8669719023,19330,High
CYP,1999,Cyprus,H,14340,20026.9596913954,19704.1557146788,18530,High
CYP,2000,Cyprus,H,14180,19364.8676661528,19196.7852410098,19470,High
CYP,2001,Cyprus,H,14170,18925.0683730922,18874.5406801921,21230,High
CYP,2002,Cyprus,H,14510,19082.6130130186,19134.502553213,22340,High
CYP,2003,Cyprus,H,16710,21550.4619351453,21703.4000948659,23290,High
CYP,2004,Cyprus,H,20260,25444.5677552683,25630.9486714279,24480,High
CYP,2005,Cyprus,H,23990,29213.1053489759,29595.3652818853,26320,High
CYP,2006,Cyprus,H,25600,30241.0465516403,30767.097831551,28350,High
CYP,2007,Cyprus,H,27340,31444.5891564922,31935.1516818777,30780,High
CYP,2008,Cyprus,H,31970,36074.6505831804,36414.4865818952,34260,High
CYP,2009,Cyprus,H,32820,36806.7607074648,37198.3904112406,33810,High
CYP,2010,Cyprus,H,32170,35644.6290606285,35850.5653937465,33020,High
CYP,2011,Cyprus,H,32680,35477.7614928867,35493.4456107183,34280,High
CYP,2012,Cyprus,H,29760,31717.1399884769,31808.7901250589,31700,High
CYP,2013,Cyprus,H,27820,29218.2994538901,29303.3535457446,30020,High
CYP,2014,Cyprus,H,26350,27229.1214839537,27333.0438285115,29080,High
CYP,2015,Cyprus,H,25650,26304.3078484548,26395.51451395,31170,High
CYP,2016,Cyprus,H,24400,24811.1604531406,24861.1158384335,33850,High
CYP,2017,Cyprus,H,24600,24600,24600,36620,High
CYP,2018,Cyprus,H,27120,26488.7586509136,26519.8632737937,38810,High
CYP,2019,Cyprus,H,28380,27307.9621968092,27348.7462568867,42020,High
CYP,2020,Cyprus,H,26780,25594.6896287339,25524.4881732474,39710,High
CYP,2021,Cyprus,H,29570,27074.0481829172,27227.0160848594,43430,High
CYP,2022,Cyprus,H,31810,27186.7029327049,27799.8961253434,50520,High
CYP,2023,Cyprus,H,32340,26679.6345420795,27379.4046874,53610,High
CZE,1992,Czechia,LM,3380,5353.08923869397,5387.32304041775,11890,Lower-middle
CZE,1993,Czechia,LM,3530,5461.20409387137,5458.57451780617,12250,Lower-middle
CZE,1994,Czechia,UM,4200,6361.9105010562,6280.08603866885,12870,Upper-middle
CZE,1995,Czechia,UM,5170,7670.38480335629,7453.95071077326,13850,Upper-middle
CZE,1996,Czechia,UM,6010,8756.32911013424,8476.26431070077,14560,Upper-middle
CZE,1997,Czechia,UM,6200,8880.01762440778,8629.15834724399,14690,Upper-middle
CZE,1998,Czechia,UM,6140,8696.34805687739,8487.73422901745,14840,Upper-middle
CZE,1999,Czechia,UM,6150,8588.96806848546,8450.52703244595,15210,Upper-middle
CZE,2000,Czechia,UM,6380,8712.82480324787,8637.19956541907,16020,Upper-middle
CZE,2001,Czechia,UM,6380,8520.95527313537,8498.20533095453,17210,Upper-middle
CZE,2002,Czechia,UM,6680,8785.10371653784,8808.99221608978,17690,Upper-middle
CZE,2003,Czechia,UM,8130,10485.0541910671,10559.4639599797,18950,Upper-middle
CZE,2004,Czechia,UM,10280,12910.6691275498,13005.2395035676,20000,Upper-middle
CZE,2005,Czechia,UM,12480,15197.14692602,15396.0049486423,21090,Upper-middle
CZE,2006,Czechia,H,13990,16526.2594241191,16813.738229039,22430,High
CZE,2007,Czechia,H,15830,18206.578139988,18490.6163542108,24570,High
CZE,2008,Czechia,H,18480,20852.6600806122,21049.0995318556,26230,High
CZE,2009,Czechia,H,18790,21072.487315456,21296.7018838273,25800,High
CZE,2010,Czechia,H,19420,21517.5224232952,21641.8396004525,25970,High
CZE,2011,Czechia,H,19600,21277.9720091976,21287.3786404553,26910,High
CZE,2012,Czechia,H,19650,20942.2648109399,21002.7797700742,27640,High
CZE,2013,Czechia,H,19600,20585.1426777946,20645.0657619193,29110,High
CZE,2014,Czechia,H,19080,19716.5706988173,19791.8207304744,30570,High
CZE,2015,Czechia,H,18340,18807.8364889146,18873.0501436976,31590,High
CZE,2016,Czechia,H,17660,17957.5858033796,17993.7420371613,33740,High
CZE,2017,Czechia,H,18350,18350,18350,36850,High
CZE,2018,Czechia,H,20700,20218.1896782416,20241.9310386257,39260,High
CZE,2019,Czechia,H,22440,21592.3422021282,21624.5900635848,42790,High
CZE,2020,Czechia,H,22190,21207.8477543542,21149.678587168,42530,High
CZE,2021,Czechia,H,25500,23347.5897417785,23479.5032182589,46400,High
CZE,2022,Czechia,H,27210,23255.2715120686,23779.7916872239,50790,High
CZE,2023,Czechia,H,28540,23544.7362347232,24162.2823060728,54960,High
DEU,1987,Germany,H,14280,26690.9603925477,27309.7547278212,,High
DEU,1988,Germany,H,18670,33707.3480288057,34407.3287037624,,High
DEU,1989,Germany,H,19810,34416.1614812038,35017.9987484895,,High
DEU,1990,Germany,H,21360,35770.0068467873,36299.9371572859,19660,High
DEU,1991,Germany,H,22950,37175.4580004584,37554.8860004727,21060,High
DEU,1992,Germany,H,25890,41003.3965650257,41265.6193835549,21770,High
DEU,1993,Germany,H,26080,40347.9327955142,40328.5052193725,21920,High
DEU,1994,Germany,H,27630,41852.2826533768,41313.9945829572,22820,High
DEU,1995,Germany,H,29650,43989.7310289195,42748.4794147828,23600,High
DEU,1996,Germany,H,31020,45194.896671608,43749.3708682093,24170,High
DEU,1997,Germany,H,30270,43354.5376598103,42129.7779308187,24600,High
DEU,1998,Germany,H,28070,39756.7573219134,38803.0455714201,25300,High
DEU,1999,Germany,H,27020,37735.5962943865,37127.3561653154,26330,High
DEU,2000,Germany,H,26380,36025.7552209528,35713.0602720619,27310,High
DEU,2001,Germany,H,24990,33375.9674413249,33286.8575580805,28470,High
DEU,2002,Germany,H,23920,31458.0360628122,31543.5769174951,29200,High
DEU,2003,Germany,H,26470,34137.6856626747,34379.9521550629,29990,High
DEU,2004,Germany,H,32080,40289.3254486183,40584.4438982926,31940,High
DEU,2005,Germany,H,36310,44215.4170579956,44793.9855516988,32580,High
DEU,2006,Germany,H,38890,45940.4023591129,46739.5482292585,35320,High
DEU,2007,Germany,H,41130,47304.8994881684,48042.8964402205,37440,High
DEU,2008,Germany,H,44360,50055.4113190454,50526.951040753,38810,High
DEU,2009,Germany,H,44470,49871.9271377502,50402.572260447,38410,High
DEU,2010,Germany,H,45530,50447.6207998265,50739.0812053863,40520,High
DEU,2011,Germany,H,48200,52326.4413695575,52349.5740035685,44510,High
DEU,2012,Germany,H,47480,50602.4800622609,50748.7014495228,45290,High
DEU,2013,Germany,H,48160,50580.6362940096,50727.8758721444,46960,High
DEU,2014,Germany,H,48610,50231.7872992405,50423.5013473983,48940,High
DEU,2015,Germany,H,46590,47778.4679399418,47944.1333803091,49500,High
DEU,2016,Germany,H,45340,46104.0170059588,46196.8439391219,53040,High
DEU,2017,Germany,H,44730,44730,44730,55480,High
DEU,2018,Germany,H,48770,47634.8362612484,47690.771823854,58480,High
DEU,2019,Germany,H,50350,48448.0583724222,48520.4148708332,61460,High
DEU,2020,Germany,H,48540,46391.5696257932,46264.3262109569,60170,High
DEU,2021,Germany,H,52850,48389.0242295291,48662.4213758816,64640,High
DEU,2022,Germany,H,55200,47177.1770476363,48241.2532574333,71550,High
DEU,2023,Germany,H,55420,45720.016893075,46919.1900981975,74200,High
DJI,1990,Djibouti,LM,,,,,Lower-middle
DJI,1991,Djibouti,LM,,,,,Lower-middle
DJI,1992,Djibouti,LM,,,,,Lower-middle
DJI,1993,Djibouti,LM,,,,,Lower-middle
DJI,1994,Djibouti,LM,,,,,Lower-middle
DJI,1995,Djibouti,LM,,,,,Lower-middle
DJI,1996,Djibouti,LM,,,,,Lower-middle
DJI,1997,Djibouti,LM,,,,,Lower-middle
DJI,1998,Djibouti,LM,,,,,Lower-middle
DJI,1999,Djibouti,LM,,,,,Lower-middle
DJI,2000,Djibouti,LM,,,,,Lower-middle
DJI,2001,Djibouti,LM,,,,,Lower-middle
DJI,2002,Djibouti,LM,,,,,Lower-middle
DJI,2003,Djibouti,LM,,,,,Lower-middle
DJI,2004,Djibouti,LM,,,,,Lower-middle
DJI,2005,Djibouti,LM,,,,,Lower-middle
DJI,2006,Djibouti,LM,,,,,Lower-middle
DJI,2007,Djibouti,LM,,,,,Lower-middle
DJI,2008,Djibouti,LM,,,,,Lower-middle
DJI,2009,Djibouti,LM,,,,,Lower-middle
DJI,2010,Djibouti,LM,,,,,Lower-middle
DJI,2011,Djibouti,LM,,,,,Lower-middle
DJI,2012,Djibouti,LM,,,,,Lower-middle
DJI,2013,Djibouti,LM,,,,,Lower-middle
DJI,2014,Djibouti,LM,,,,,Lower-middle
DJI,2015,Djibouti,LM,2280,2338.16069764042,2346.26795679555,4220,Lower-middle
DJI,2016,Djibouti,LM,2370,2409.93648663702,2414.78871053637,4300,Lower-middle
DJI,2017,Djibouti,LM,2450,2450,2450,4460,Lower-middle
DJI,2018,Djibouti,LM,2600,2539.48276151826,2542.46476813656,4840,Lower-middle
DJI,2019,Djibouti,LM,2780,2674.98713555777,2678.98219147798,5230,Lower-middle
DJI,2020,Djibouti,LM,2780,2656.9543378596,2649.6668081265,5350,Lower-middle
DJI,2021,Djibouti,LM,2990,2737.61934619285,2753.08684794486,5850,Lower-middle
DJI,2022,Djibouti,LM,3310,2828.92130484921,2892.72732395116,6750,Lower-middle
DJI,2023,Djibouti,LM,3500,2887.40633572289,2963.1390354329,7420,Lower-middle
DMA,1987,Dominica,LM,2190,4093.36157280669,4188.26070405661,,Lower-middle
DMA,1988,Dominica,LM,2580,4658.00524447342,4754.73530025212,,Lower-middle
DMA,1989,Dominica,LM,2620,4551.75886323847,4631.35571534793,,Lower-middle
DMA,1990,Dominica,LM,2840,4755.93723992865,4826.39613889007,4570,Lower-middle
DMA,1991,Dominica,LM,3010,4875.73545016905,4925.49920964805,4760,Lower-middle
DMA,1992,Dominica,LM,3260,5163.03873317821,5196.05713365735,4980,Lower-middle
DMA,1993,Dominica,LM,3480,5383.84992823579,5381.2575982905,5230,Lower-middle
DMA,1994,Dominica,LM,3570,5407.62392589777,5338.07313286852,5260,Lower-middle
DMA,1995,Dominica,LM,3800,5637.80701213809,5478.72586091652,5500,Lower-middle
DMA,1996,Dominica,LM,3970,5784.13087641147,5599.12966946456,5690,Lower-middle
DMA,1997,Dominica,LM,4090,5857.94711029481,5692.46090971418,5970,Lower-middle
DMA,1998,Dominica,LM,4260,6033.62259320809,5888.88400905771,6340,Lower-middle
DMA,1999,Dominica,UM,4260,5949.43154012163,5853.53579808451,6290,Upper-middle
DMA,2000,Dominica,UM,4290,5858.6235745977,5807.77212157489,6360,Upper-middle
DMA,2001,Dominica,UM,4750,6343.97140241269,6327.03374953511,6810,Upper-middle
DMA,2002,Dominica,UM,4720,6207.43855420039,6224.31785328499,6630,Upper-middle
DMA,2003,Dominica,UM,5310,6848.1719255309,6896.77166389815,7160,Upper-middle
DMA,2004,Dominica,UM,5640,7083.28539682691,7135.17031129583,7540,Upper-middle
DMA,2005,Dominica,UM,5670,6904.47300244657,6994.81955599372,7920,Upper-middle
DMA,2006,Dominica,UM,6070,7170.43564720533,7295.16733740291,8870,Upper-middle
DMA,2007,Dominica,UM,6280,7222.82442950882,7335.50667747592,9510,Upper-middle
DMA,2008,Dominica,UM,6880,7763.32799537945,7836.46129757395,10450,Upper-middle
DMA,2009,Dominica,UM,7080,7940.03247437084,8024.51566458206,10520,Upper-middle
DMA,2010,Dominica,UM,7250,8033.06063691504,8079.47152952011,10730,Upper-middle
DMA,2011,Dominica,UM,7510,8152.93723413645,8156.54150968464,10900,Upper-middle
DMA,2012,Dominica,UM,7530,8025.20376724568,8048.39346914294,10720,Upper-middle
DMA,2013,Dominica,UM,7440,7813.95211850979,7836.69843207547,10880,Upper-middle
DMA,2014,Dominica,UM,7670,7925.89608280549,7956.14596450412,11740,Upper-middle
DMA,2015,Dominica,UM,7510,7701.57317512262,7728.27734891869,11630,Upper-middle
DMA,2016,Dominica,UM,8000,8134.80670594774,8151.18552079786,12510,Upper-middle
DMA,2017,Dominica,UM,8070,8070,8070,12770,Upper-middle
DMA,2018,Dominica,UM,8880,8673.31035472392,8683.49505425104,15100,Upper-middle
DMA,2019,Dominica,UM,9350,8996.80925088675,9010.24585982701,15780,Upper-middle
DMA,2020,Dominica,UM,8230,7865.73172682897,7844.15749312269,14480,Upper-middle
DMA,2021,Dominica,UM,8660,7929.02459465889,7973.82344588712,15820,Upper-middle
DMA,2022,Dominica,UM,9740,8324.37870369525,8512.13417984421,18890,Upper-middle
DMA,2023,Dominica,UM,9990,8241.48265539191,8457.64541827848,20270,Upper-middle
DNK,1987,Denmark,H,17740,33158.0978546076,33926.8241506686,,High
DNK,1988,Denmark,H,22120,39936.0759719969,40765.4049773554,,High
DNK,1989,Denmark,H,23060,40062.4272466714,40763.0010671463,,High
DNK,1990,Denmark,H,24380,40827.3767286833,41432.231643007,17590,High
DNK,1991,Denmark,H,25540,41370.8582715341,41793.1062506349,18380,High
DNK,1992,Denmark,H,28690,45437.9083603935,45728.4905412974,19190,High
DNK,1993,Denmark,H,28550,44169.2285779115,44147.9610434465,19710,High
DNK,1994,Denmark,H,30330,45942.0822611987,45351.1927506729,21190,High
DNK,1995,Denmark,H,32530,48262.5952907505,46900.7769093722,22270,High
DNK,1996,Denmark,H,34740,50614.7875683966,48995.9105081106,23260,High
DNK,1997,Denmark,H,35090,50258.0352323337,48838.2526459342,24440,High
DNK,1998,Denmark,H,33440,47362.5210133518,46226.3571039647,25430,High
DNK,1999,Denmark,H,33050,46156.9747420235,45412.9948654209,26360,High
DNK,2000,Denmark,H,32560,44465.4507200236,44079.5012304146,28000,High
DNK,2001,Denmark,H,31430,41977.0570900697,41864.9833153449,29020,High
DNK,2002,Denmark,H,30870,40598.2263068149,40708.6212141754,30290,High
DNK,2003,Denmark,H,34800,44880.6747661912,45199.1815261122,30590,High
DNK,2004,Denmark,H,42740,53677.2372092877,54070.4218270893,33060,High
DNK,2005,Denmark,H,49750,60581.5752860171,61374.2985733135,34510,High
DNK,2006,Denmark,H,53630,63352.6299439246,64454.6662775812,37840,High
DNK,2007,Denmark,H,55870,64257.8345344996,65260.3117946783,39300,High
DNK,2008,Denmark,H,60620,68403.0440523114,69047.4249794961,41930,High
DNK,2009,Denmark,H,60300,67624.8528537517,68344.3918890252,40930,High
DNK,2010,Denmark,H,61290,67909.8326119342,68302.1806957638,43740,High
DNK,2011,Denmark,H,62050,67362.1511821793,67391.9308489923,45380,High
DNK,2012,Denmark,H,61570,65619.0964076117,65808.7099462325,45770,High
DNK,2013,Denmark,H,63400,66586.6349883764,66780.4678217184,48350,High
DNK,2014,Denmark,H,63650,65773.5704915997,66024.6011265564,49620,High
DNK,2015,Denmark,H,60350,61889.4728520174,62104.066312549,50410,High
DNK,2016,Denmark,H,57830,58804.4839756197,58922.8823334675,53120,High
DNK,2017,Denmark,H,56600,56600,56600,56490,High
DNK,2018,Denmark,H,61090,59668.0776542888,59738.1433405626,58840,High
DNK,2019,Denmark,H,63020,60639.456576565,60730.0207578929,62360,High
DNK,2020,Denmark,H,62710,59934.3908371136,59770.001991947,64710,High
DNK,2021,Denmark,H,69810,63917.4603871983,64278.5929281039,72470,High
DNK,2022,Denmark,H,72040,61569.6346831834,62958.3312439402,81420,High
DNK,2023,Denmark,H,72080,59464.071051116,61023.7319068581,80110,High
DOM,1987,Dominican Republic,LM,940,1756.96798102205,1797.70094146722,,Lower-middle
DOM,1988,Dominican Republic,LM,920,1660.99411818432,1695.48700629145,,Lower-middle
DOM,1989,Dominican Republic,LM,910,1580.95441433092,1608.6006492239,,Lower-middle
DOM,1990,Dominican Republic,LM,870,1456.92443617533,1478.50867635013,3510,Lower-middle
DOM,1991,Dominican Republic,LM,1040,1684.63949108831,1701.83361396477,3580,Lower-middle
DOM,1992,Dominican Republic,LM,1350,2138.06818705232,2151.74145105443,3990,Lower-middle
DOM,1993,Dominican Republic,LM,1610,2490.80413346541,2489.60480840451,4240,Lower-middle
DOM,1994,Dominican Republic,LM,1740,2635.64863615185,2601.74993030567,4380,Lower-middle
DOM,1995,Dominican Republic,LM,1940,2878.24884303892,2797.03372899422,4650,Lower-middle
DOM,1996,Dominican Republic,LM,2150,3132.46382475684,3032.27425424403,4960,Lower-middle
DOM,1997,Dominican Republic,LM,2340,3351.49052276036,3256.81137621789,5400,Lower-middle
DOM,1998,Dominican Republic,LM,2420,3427.55086280835,3345.32847462903,5720,Lower-middle
DOM,1999,Dominican Republic,LM,2510,3505.41623608106,3448.91428478688,6030,Lower-middle
DOM,2000,Dominican Republic,LM,2650,3618.9632803459,3587.55154363018,6350,Lower-middle
DOM,2001,Dominican Republic,LM,2700,3606.04690242406,3596.41918394627,6560,Lower-middle
DOM,2002,Dominican Republic,LM,2850,3748.13556768456,3758.32751734369,6850,Lower-middle
DOM,2003,Dominican Republic,LM,2600,3353.15386184187,3376.95034390493,6630,Lower-middle
DOM,2004,Dominican Republic,LM,2520,3164.87219858224,3188.05481994069,6780,Lower-middle
DOM,2005,Dominican Republic,LM,3000,3653.1603187548,3700.96272803901,7780,Lower-middle
DOM,2006,Dominican Republic,LM,3590,4240.83426251518,4314.60473497141,8680,Lower-middle
DOM,2007,Dominican Republic,LM,4380,5037.57500019882,5116.16548524595,9460,Lower-middle
DOM,2008,Dominican Republic,UM,4700,5303.43627591329,5353.39652595895,9970,Upper-middle
DOM,2009,Dominican Republic,UM,4860,5450.36127477999,5508.35397314532,10010,Upper-middle
DOM,2010,Dominican Republic,UM,5260,5828.12399312733,5861.79589590011,10840,Upper-middle
DOM,2011,Dominican Republic,UM,5460,5927.43505970506,5930.05547841254,11240,Upper-middle
DOM,2012,Dominican Republic,UM,5700,6074.85544134135,6092.40939895282,11310,Upper-middle
DOM,2013,Dominican Republic,UM,5940,6238.55854622959,6256.71890947961,11820,Upper-middle
DOM,2014,Dominican Republic,UM,6230,6437.85301119664,6462.42364522303,12810,Upper-middle
DOM,2015,Dominican Republic,UM,6470,6635.04373409366,6658.04985985405,14190,Upper-middle
DOM,2016,Dominican Republic,UM,6750,6863.74315814341,6877.5627831732,15580,Upper-middle
DOM,2017,Dominican Republic,UM,6920,6920,6920,16040,Upper-middle
DOM,2018,Dominican Republic,UM,7600,7423.1034567457,7431.82009147611,17210,Upper-middle
DOM,2019,Dominican Republic,UM,7940,7640.07117134126,7651.48151091193,18860,Upper-middle
DOM,2020,Dominican Republic,UM,7080,6766.63191080791,6748.07230271065,18070,Upper-middle
DOM,2021,Dominican Republic,UM,8160,7471.22871736911,7513.44102984283,20960,Upper-middle
DOM,2022,Dominican Republic,UM,9150,7820.12989104841,7996.51208886802,23690,Upper-middle
DOM,2023,Dominican Republic,UM,9700,8002.2404161463,8212.12818391404,24670,Upper-middle
DZA,1987,Algeria,UM,2850,5326.97738926898,5450.4762587038,,Upper-middle
DZA,1988,Algeria,UM,2780,5019.09092233957,5123.31943205461,,Upper-middle
DZA,1989,Algeria,LM,2590,4499.63948694184,4578.32492471418,,Lower-middle
DZA,1990,Algeria,LM,2400,4019.10189289745,4078.64462441414,7350,Lower-middle
DZA,1991,Algeria,LM,2010,3255.88978566106,3289.12073468192,7190,Lower-middle
DZA,1992,Algeria,LM,1930,3056.64563037851,3076.19333372966,7390,Lower-middle
DZA,1993,Algeria,LM,1750,2707.39579724501,2706.09218304838,7290,Lower-middle
DZA,1994,Algeria,LM,1640,2484.1745766029,2452.22407224212,7180,Lower-middle
DZA,1995,Algeria,LM,1570,2329.30447606758,2263.57884253656,7370,Lower-middle
DZA,1996,Algeria,LM,1530,2229.14867529208,2157.85098092715,7650,Lower-middle
DZA,1997,Algeria,LM,1510,2162.71396981544,2101.61759747394,7780,Lower-middle
DZA,1998,Algeria,LM,1550,2195.33216419543,2142.66906432851,8180,Lower-middle
DZA,1999,Algeria,LM,1540,2150.73346755571,2116.06693170191,8400,Lower-middle
DZA,2000,Algeria,LM,1600,2185.03443341639,2166.06885653143,8770,Lower-middle
DZA,2001,Algeria,LM,1720,2297.18543413681,2291.05222088429,9290,Lower-middle
DZA,2002,Algeria,LM,1840,2419.84892790863,2426.42899365347,9720,Lower-middle
DZA,2003,Algeria,LM,2090,2695.41983509597,2714.54854567743,10440,Lower-middle
DZA,2004,Algeria,LM,2440,3064.40006529391,3086.84673041876,10990,Lower-middle
DZA,2005,Algeria,LM,2910,3543.56550919215,3589.93384619784,11720,Lower-middle
DZA,2006,Algeria,LM,3310,3910.07281585662,3978.08960243882,12330,Lower-middle
DZA,2007,Algeria,LM,3780,4347.4962330483,4415.32089822595,13160,Lower-middle
DZA,2008,Algeria,UM,4430,4998.77078772253,5045.86098085067,13570,Upper-middle
DZA,2009,Algeria,UM,4570,5125.13395591451,5179.6661846243,13550,Upper-middle
DZA,2010,Algeria,UM,4870,5396.00073127948,5427.17604810523,14190,Upper-middle
DZA,2011,Algeria,UM,5050,5482.33462481878,5484.75827215812,14520,Upper-middle
DZA,2012,Algeria,UM,5630,6000.25195346523,6017.59033615866,14300,Upper-middle
DZA,2013,Algeria,UM,5970,6270.06641767519,6288.31849993153,14140,Upper-middle
DZA,2014,Algeria,UM,6030,6231.18036236207,6254.96221198955,14420,Upper-middle
DZA,2015,Algeria,UM,5390,5527.49392994819,5546.65977505616,13520,Upper-middle
DZA,2016,Algeria,UM,4920,5002.90612415786,5012.97909529068,13350,Upper-middle
DZA,2017,Algeria,UM,4440,4440,4440,13340,Upper-middle
DZA,2018,Algeria,UM,4450,4346.42241875241,4351.5262377722,13430,Upper-middle
DZA,2019,Algeria,LM,4480,4310.770635719,4317.20871144653,13610,Lower-middle
DZA,2020,Algeria,LM,4020,3842.07066122144,3831.53257865774,12470,Lower-middle
DZA,2021,Algeria,LM,4120,3772.23802886774,3793.55110820496,14210,Lower-middle
DZA,2022,Algeria,LM,4430,3786.13938987371,3871.53536105851,15470,Lower-middle
DZA,2023,Algeria,UM,4950,4083.61753195095,4190.7252072551,16580,Upper-middle
ECU,1987,Ecuador,LM,1590,2971.89264875006,3040.7920180137,,Lower-middle
ECU,1988,Ecuador,LM,1470,2653.97973231625,2709.0933687483,,Lower-middle
ECU,1989,Ecuador,LM,1330,2310.62568248365,2351.03171809647,,Lower-middle
ECU,1990,Ecuador,LM,1340,2243.99855686774,2277.24324863123,4250,Lower-middle
ECU,1991,Ecuador,LM,1450,2348.77621353659,2372.74878870089,4550,Lower-middle
ECU,1992,Ecuador,LM,1570,2486.49411383122,2502.39561344848,4730,Lower-middle
ECU,1993,Ecuador,LM,1640,2537.21663284675,2535.99496011391,4870,Lower-middle
ECU,1994,Ecuador,LM,1790,2711.38566592633,2676.51285933744,5110,Lower-middle
ECU,1995,Ecuador,LM,1950,2893.08517728139,2811.45142862821,5250,Lower-middle
ECU,1996,Ecuador,LM,2060,3001.3374320926,2905.34184360126,5320,Lower-middle
ECU,1997,Ecuador,LM,2170,3108.00616854272,3020.2054215354,5570,Lower-middle
ECU,1998,Ecuador,LM,2150,3045.13816323883,2972.08934729438,5680,Lower-middle
ECU,1999,Ecuador,LM,1780,2485.9127092527,2445.84359638273,5250,Lower-middle
ECU,2000,Ecuador,LM,1500,2048.46978132787,2030.68955299821,5270,Lower-middle
ECU,2001,Ecuador,LM,1490,1990.00366096735,1984.69058669628,5650,Lower-middle
ECU,2002,Ecuador,LM,1650,2169.97322339632,2175.87382583056,5990,Lower-middle
ECU,2003,Ecuador,LM,2010,2592.24587011622,2610.64238124958,6170,Lower-middle
ECU,2004,Ecuador,LM,2410,3026.72301531079,3048.89369684804,6620,Lower-middle
ECU,2005,Ecuador,LM,2750,3348.7302921919,3392.54916736909,7120,Lower-middle
ECU,2006,Ecuador,LM,3000,3543.87264277035,3605.51927713488,7570,Lower-middle
ECU,2007,Ecuador,LM,3210,3691.9214042553,3749.51854055696,7800,Lower-middle
ECU,2008,Ecuador,LM,3770,4254.03292770066,4294.10742614154,8460,Lower-middle
ECU,2009,Ecuador,LM,3970,4452.24984791698,4499.62248423599,8480,Lower-middle
ECU,2010,Ecuador,UM,4290,4753.35588032628,4780.81832574362,8830,Upper-middle
ECU,2011,Ecuador,UM,4770,5178.36359611596,5180.65286300875,9610,Upper-middle
ECU,2012,Ecuador,UM,5320,5669.86507858526,5686.24877235597,10100,Upper-middle
ECU,2013,Ecuador,UM,5880,6175.54280333838,6193.51972857577,11140,Upper-middle
ECU,2014,Ecuador,UM,6190,6396.51848142973,6420.93135857634,11660,Upper-middle
ECU,2015,Ecuador,UM,5970,6122.28919513743,6143.51741318836,10690,Upper-middle
ECU,2016,Ecuador,UM,5750,5846.89231989994,5858.66459307346,10670,Upper-middle
ECU,2017,Ecuador,UM,5930,5930,5930,11530,Upper-middle
ECU,2018,Ecuador,UM,6120,5977.55173095838,5984.57091576761,11860,Upper-middle
ECU,2019,Ecuador,UM,6100,5869.57608881382,5878.34221871067,12190,Upper-middle
ECU,2020,Ecuador,UM,5410,5170.54783015124,5156.36598272099,11130,Upper-middle
ECU,2021,Ecuador,UM,6100,5585.10970293524,5616.66547574035,13290,Upper-middle
ECU,2022,Ecuador,UM,6550,5598.01647938438,5724.27914558312,14950,Upper-middle
ECU,2023,Ecuador,UM,6590,5436.57364354682,5579.16749814366,15550,Upper-middle
EGY,1987,"Egypt, Arab Rep.",LM,840,1570.05649367928,1606.45616046007,,Lower-middle
EGY,1988,"Egypt, Arab Rep.",LM,810,1462.39699535793,1492.76573380008,,Lower-middle
EGY,1989,"Egypt, Arab Rep.",LM,760,1320.3575328478,1343.44669605513,,Lower-middle
EGY,1990,"Egypt, Arab Rep.",L,730,1222.47682575631,1240.58773992597,3470,Low
EGY,1991,"Egypt, Arab Rep.",L,710,1150.09042180067,1161.82871722595,3650,Low
EGY,1992,"Egypt, Arab Rep.",L,720,1140.30303309457,1147.59544056236,3800,Low
EGY,1993,"Egypt, Arab Rep.",L,720,1113.89998515223,1113.36364102562,3910,Low
EGY,1994,"Egypt, Arab Rep.",L,780,1181.49766448187,1166.30169289564,4060,Low
EGY,1995,"Egypt, Arab Rep.",LM,880,1305.59741333724,1268.75756779119,4260,Lower-middle
EGY,1996,"Egypt, Arab Rep.",LM,970,1413.25112093681,1368.04931470545,4460,Lower-middle
EGY,1997,"Egypt, Arab Rep.",LM,1070,1532.51917066392,1489.2257147663,4690,Lower-middle
EGY,1998,"Egypt, Arab Rep.",LM,1140,1614.63139818245,1575.89853763516,4920,Lower-middle
EGY,1999,"Egypt, Arab Rep.",LM,1240,1731.75941543447,1703.84610085089,5150,Lower-middle
EGY,2000,"Egypt, Arab Rep.",LM,1330,1816.30987277738,1800.54473699175,5480,Lower-middle
EGY,2001,"Egypt, Arab Rep.",LM,1350,1803.02345121203,1798.20959197314,5710,Lower-middle
EGY,2002,"Egypt, Arab Rep.",LM,1250,1643.91910863358,1648.38926199285,5760,Lower-middle
EGY,2003,"Egypt, Arab Rep.",LM,1160,1496.02249220637,1506.63938420374,5920,Lower-middle
EGY,2004,"Egypt, Arab Rep.",LM,1120,1406.60986603655,1416.91325330697,6190,Lower-middle
EGY,2005,"Egypt, Arab Rep.",LM,1130,1376.02372006431,1394.02929422803,6540,Lower-middle
EGY,2006,"Egypt, Arab Rep.",LM,1230,1452.98778353584,1478.2629036253,7110,Lower-middle
EGY,2007,"Egypt, Arab Rep.",LM,1420,1633.18641558957,1658.66552261398,7710,Lower-middle
EGY,2008,"Egypt, Arab Rep.",LM,1710,1929.54809187483,1947.72511901911,8260,Lower-middle
EGY,2009,"Egypt, Arab Rep.",LM,1970,2209.30282125855,2232.81014960829,8470,Lower-middle
EGY,2010,"Egypt, Arab Rep.",LM,2200,2437.61840016732,2451.70170550955,8660,Lower-middle
EGY,2011,"Egypt, Arab Rep.",LM,2380,2583.753743974,2584.89597776957,8760,Lower-middle
EGY,2012,"Egypt, Arab Rep.",LM,2630,2802.95961591715,2811.05907355192,10100,Lower-middle
EGY,2013,"Egypt, Arab Rep.",LM,2810,2951.23729207157,2959.82830566291,10240,Lower-middle
EGY,2014,"Egypt, Arab Rep.",LM,3000,3100.08973251844,3111.92149850226,10010,Lower-middle
EGY,2015,"Egypt, Arab Rep.",LM,3100,3179.07814152865,3190.10116932729,10710,Lower-middle
EGY,2016,"Egypt, Arab Rep.",LM,3200,3253.9226823791,3260.47420831914,10520,Lower-middle
EGY,2017,"Egypt, Arab Rep.",LM,2880,2880,2880,10920,Lower-middle
EGY,2018,"Egypt, Arab Rep.",LM,2710,2646.92241681327,2650.03058525004,12030,Lower-middle
EGY,2019,"Egypt, Arab Rep.",LM,2640,2540.27555319155,2544.06941924528,12900,Lower-middle
EGY,2020,"Egypt, Arab Rep.",LM,2960,2828.98735254116,2821.22796836491,14780,Lower-middle
EGY,2021,"Egypt, Arab Rep.",LM,3470,3177.10338839103,3195.05396734738,15120,Lower-middle
EGY,2022,"Egypt, Arab Rep.",LM,4040,3452.82237812411,3530.70041956577,16950,Lower-middle
EGY,2023,"Egypt, Arab Rep.",LM,3840,3167.8972369074,3250.98682744638,17710,Lower-middle
ERI,1992,Eritrea,L,,,,,Low
ERI,1993,Eritrea,L,,,,,Low
ERI,1994,Eritrea,L,310,469.569584601767,463.530159996986,1380,Low
ERI,1995,Eritrea,L,300,445.090027274059,432.530989019725,1390,Low
ERI,1996,Eritrea,L,310,451.657574732382,437.211636658442,1430,Low
ERI,1997,Eritrea,L,330,472.64609936364,459.293912030729,1570,Low
ERI,1998,Eritrea,L,330,467.393299473866,456.181155631231,1610,Low
ERI,1999,Eritrea,L,320,446.905655595991,439.702219574423,1610,Low
ERI,2000,Eritrea,L,310,423.350421474426,419.675840952964,1560,Low
ERI,2001,Eritrea,L,320,427.383336583592,426.242273652892,1680,Low
ERI,2002,Eritrea,L,310,407.691938941128,408.800536974226,1690,Low
ERI,2003,Eritrea,L,310,399.799114296531,402.636387157896,1600,Low
ERI,2004,Eritrea,L,350,439.565583136422,442.785391658429,1600,Low
ERI,2005,Eritrea,L,410,499.265243563156,505.798239498664,1660,Low
ERI,2006,Eritrea,L,440,519.767987606318,528.809493979783,1670,Low
ERI,2007,Eritrea,L,450,517.559075362893,525.633440264994,1720,Low
ERI,2008,Eritrea,L,440,496.491906681244,501.169036472753,1530,Low
ERI,2009,Eritrea,L,520,583.166226931192,589.371207003202,1560,Low
ERI,2010,Eritrea,L,550,609.404600041831,612.925426377388,1580,Low
ERI,2011,Eritrea,L,650,705.647030917269,705.958985525302,1720,Low
ERI,2012,Eritrea,L,,,,,Low
ERI,2013,Eritrea,L,,,,,Low
ERI,2014,Eritrea,L,,,,,Low
ERI,2015,Eritrea,L,,,,,Low
ERI,2016,Eritrea,L,,,,,Low
ERI,2017,Eritrea,L,,,,,Low
ERI,2018,Eritrea,L,,,,,Low
ERI,2019,Eritrea,L,,,,,Low
ERI,2020,Eritrea,L,,,,,Low
ERI,2021,Eritrea,L,,,,,Low
ERI,2022,Eritrea,L,,,,,Low
ERI,2023,Eritrea,L,,,,,Low
ESP,1987,Spain,H,7100,13270.7156013368,13578.3794515077,,High
ESP,1988,Spain,H,9400,16971.0268597093,17323.454194717,,High
ESP,1989,Spain,H,10690,18571.8710870302,18896.638395828,,High
ESP,1990,Spain,H,12190,20413.6883643417,20716.1158215035,13520,High
ESP,1991,Spain,H,13680,22159.4886904693,22385.6575375366,14300,High
ESP,1992,Spain,H,15590,24690.7281749228,24848.6290532878,14670,High
ESP,1993,Spain,H,15000,23206.2496906715,23195.0758547004,14850,High
ESP,1994,Spain,H,14460,21903.1490107792,21621.4390759885,15250,High
ESP,1995,Spain,H,14810,21972.6110130961,21352.6131579404,16140,High
ESP,1996,Spain,H,15540,22641.1571333588,21916.9962376522,16730,High
ESP,1997,Spain,H,15790,22615.3997240966,21976.5177908037,17680,High
ESP,1998,Spain,H,15410,21825.8507420978,21302.2776008402,18840,High
ESP,1999,Spain,H,15450,21577.1636842439,21229.3727888276,19750,High
ESP,2000,Spain,H,15770,21536.2456343603,21349.3161671879,21430,High
ESP,2001,Spain,H,15530,20741.4475535725,20686.0703432169,22630,High
ESP,2002,Spain,H,15630,20555.5645343543,20611.4593319586,24100,High
ESP,2003,Spain,H,18080,23317.3160854235,23482.7931606928,24850,High
ESP,2004,Spain,H,22140,27805.662887544,28009.3387751932,25920,High
ESP,2005,Spain,H,25910,31551.1279529789,31963.9814278302,27250,High
ESP,2006,Spain,H,27860,32910.7639425273,33483.2556869926,30180,High
ESP,2007,Spain,H,29780,34250.9094762377,34785.2530024256,31740,High
ESP,2008,Spain,H,32270,36413.1677922812,36756.1927431267,32420,High
ESP,2009,Spain,H,32630,36593.6807399323,36983.043239451,31600,High
ESP,2010,Spain,H,32060,35522.7481406202,35727.980308471,31340,High
ESP,2011,Spain,H,31170,33838.489159525,33853.4485828056,31450,High
ESP,2012,Spain,H,29710,31663.8517828511,31755.3479373488,31610,High
ESP,2013,Spain,H,29400,30877.7140166919,30967.5986428789,32400,High
ESP,2014,Spain,H,29350,30329.2112164721,30444.9653270138,33640,High
ESP,2015,Spain,H,28700,29432.1105360878,29534.1624386107,35200,High
ESP,2016,Spain,H,27760,28227.7792696387,28284.6137571686,37670,High
ESP,2017,Spain,H,27290,27290,27290,39810,High
ESP,2018,Spain,H,29530,28842.6638260132,28876.5325396434,41030,High
ESP,2019,Spain,H,30560,29405.6139793689,29449.5308530817,44090,High
ESP,2020,Spain,H,27410,26196.8051801193,26124.9522340818,39400,High
ESP,2021,Spain,H,30380,27815.6775041267,27972.8355988511,44550,High
ESP,2022,Spain,H,32690,27938.8028566527,28568.9595830706,51620,High
ESP,2023,Spain,H,32980,27207.6174148974,27921.2358253077,55410,High
EST,1991,Estonia,UM,,,,,Upper-middle
EST,1992,Estonia,UM,,,,,Upper-middle
EST,1993,Estonia,UM,,,,,Upper-middle
EST,1994,Estonia,LM,,,,,Lower-middle
EST,1995,Estonia,LM,3020,4480.57294122553,4354.14528946523,6270,Lower-middle
EST,1996,Estonia,LM,3370,4909.95492531654,4752.91359851274,6810,Lower-middle
EST,1997,Estonia,UM,3640,5213.42970207167,5066.15102967228,7600,Upper-middle
EST,1998,Estonia,UM,3820,5410.43152724294,5280.64246821607,8210,Upper-middle
EST,1999,Estonia,UM,3840,5362.86786715189,5276.42663489308,8190,Upper-middle
EST,2000,Estonia,UM,4170,5694.74599209147,5645.31695733504,9070,Upper-middle
EST,2001,Estonia,UM,4310,5756.31931461026,5740.95062326238,9810,Upper-middle
EST,2002,Estonia,UM,4620,6075.92502550971,6092.44671232556,11050,Upper-middle
EST,2003,Estonia,UM,5730,7389.83524167458,7442.27902714433,12370,Upper-middle
EST,2004,Estonia,UM,7500,9419.26249578047,9488.25839268062,13720,Upper-middle
EST,2005,Estonia,UM,9730,11848.4166338281,12003.4557812732,15870,Upper-middle
EST,2006,Estonia,H,11500,13584.8451306197,13821.157229017,18270,High
EST,2007,Estonia,H,13430,15446.2630713859,15687.2380061308,20480,High
EST,2008,Estonia,H,15190,17140.2546874729,17301.7219636844,21610,High
EST,2009,Estonia,H,14570,16339.8690892067,16513.7278577628,19860,High
EST,2010,Estonia,H,14580,16154.7619429271,16248.0958483315,20450,High
EST,2011,Estonia,H,15900,17261.2119870532,17268.8428766958,23400,High
EST,2012,Estonia,H,16910,18022.071142646,18074.14788356,25160,High
EST,2013,Estonia,H,18370,19293.3199485248,19349.4825533906,27170,High
EST,2014,Estonia,H,19210,19850.9079205598,19926.6706620762,28610,High
EST,2015,Estonia,H,18900,19382.1215725456,19449.3264839631,29080,High
EST,2016,Estonia,H,18640,18954.0996248582,18992.262263459,31280,High
EST,2017,Estonia,H,19140,19140,19140,33710,High
EST,2018,Estonia,H,21600,21097.2414033825,21122.0149968268,36370,High
EST,2019,Estonia,H,23490,22602.6790698748,22636.4358553301,39800,High
EST,2020,Estonia,H,23580,22536.324923284,22474.5119912312,40090,High
EST,2021,Estonia,H,26490,24254.0255788122,24391.0604020266,43280,High
EST,2022,Estonia,H,27580,23571.4953437284,24103.1479137683,47080,High
EST,2023,Estonia,H,27650,22810.5100522108,23408.7983799199,47120,High
ETH,1987,Ethiopia,L,290,542.043313294036,554.609864920738,,Low
ETH,1988,Ethiopia,L,280,505.519949012619,516.017784523486,,Low
ETH,1989,Ethiopia,L,260,451.701261237405,459.600185492543,,Low
ETH,1990,Ethiopia,L,260,435.402705063891,441.853167644865,410,Low
ETH,1991,Ethiopia,L,250,404.961416126998,409.094618741532,380,Low
ETH,1992,Ethiopia,L,230,364.263468905211,366.592987957421,340,Low
ETH,1993,Ethiopia,L,220,340.358328796516,340.19444586894,380,Low
ETH,1994,Ethiopia,L,170,257.505901233227,254.193958708025,390,Low
ETH,1995,Ethiopia,L,150,222.54501363703,216.265494509862,410,Low
ETH,1996,Ethiopia,L,150,218.543987773733,211.554017737956,450,Low
ETH,1997,Ethiopia,L,150,214.839136074382,208.769960013968,460,Low
ETH,1998,Ethiopia,L,130,184.124633126069,179.707727975939,430,Low
ETH,1999,Ethiopia,L,130,181.555422585871,178.629026702109,450,Low
ETH,2000,Ethiopia,L,120,163.877582506229,162.455164239857,470,Low
ETH,2001,Ethiopia,L,120,160.268751218847,159.840852619834,510,Low
ETH,2002,Ethiopia,L,120,157.816234428824,158.245369151313,510,Low
ETH,2003,Ethiopia,L,110,141.864201847156,142.870976088286,490,Low
ETH,2004,Ethiopia,L,130,163.267216593528,164.463145473131,550,Low
ETH,2005,Ethiopia,L,160,194.835217000256,197.384678828747,620,Low
ETH,2006,Ethiopia,L,180,212.632358566221,216.331156628093,690,Low
ETH,2007,Ethiopia,L,210,241.527568502683,245.295605456997,770,Low
ETH,2008,Ethiopia,L,270,304.665488190763,307.53554510828,850,Low
ETH,2009,Ethiopia,L,330,370.086259398641,374.024035213571,900,Low
ETH,2010,Ethiopia,L,370,409.963094573595,412.331650472061,990,Low
ETH,2011,Ethiopia,L,380,412.532110382403,412.714483845561,1100,Low
ETH,2012,Ethiopia,L,400,426.305645006411,427.5375016809,1180,Low
ETH,2013,Ethiopia,L,450,472.61807168406,473.993856778758,1250,Low
ETH,2014,Ethiopia,L,530,547.682519411592,549.772798068733,1480,Low
ETH,2015,Ethiopia,L,570,584.540174410106,586.566989198888,1630,Low
ETH,2016,Ethiopia,L,620,630.44751971095,631.716877861834,1850,Low
ETH,2017,Ethiopia,L,670,670,670,1990,Low
ETH,2018,Ethiopia,L,730,713.008621503205,713.845877207574,2090,Low
ETH,2019,Ethiopia,L,790,760.158214780806,761.293500455972,2230,Low
ETH,2020,Ethiopia,L,820,783.705955771538,781.556396641629,2390,Low
ETH,2021,Ethiopia,L,880,805.720744030002,810.273052237953,2580,Low
ETH,2022,Ethiopia,L,960,820.472644306719,838.978317520579,2830,Low
ETH,2023,Ethiopia,L,1030,849.722435941308,872.009487570253,3050,Low
FIN,1987,Finland,H,16460,30765.6308166201,31478.890953777,,High
FIN,1988,Finland,H,21520,38852.8189383984,39659.6525819479,,High
FIN,1989,Finland,H,24090,41851.8591661888,42583.7248789052,,High
FIN,1990,Finland,H,25980,43506.7779906149,44151.3280592831,17820,High
FIN,1991,Finland,H,25070,40609.5308092153,41024.0083674009,17060,High
FIN,1992,Finland,H,24150,38247.6642350471,38492.2637355292,16560,High
FIN,1993,Finland,H,20660,31962.7412406182,31947.351143874,16640,High
FIN,1994,Finland,H,20150,30522.0229991148,30129.4603998041,17730,High
FIN,1995,Finland,H,22010,32654.7716676735,31733.3568944138,19000,High
FIN,1996,Finland,H,24940,36336.5803671794,35174.3813492308,19610,High
FIN,1997,Finland,H,26670,38198.3983940251,37119.2988904834,21460,High
FIN,1998,Finland,H,25810,36555.8213921833,35678.8958389154,23120,High
FIN,1999,Finland,H,26040,36366.9477241238,35780.7681178687,24510,High
FIN,2000,Finland,H,26470,36148.6634078325,35834.9016452418,26620,High
FIN,2001,Finland,H,25840,34511.2044291251,34419.063597471,27790,High
FIN,2002,Finland,H,25610,33680.6146976848,33772.1991997095,28680,High
FIN,2003,Finland,H,28790,37129.7306470875,37393.2309234704,28870,High
FIN,2004,Finland,H,35370,44421.2419301007,44746.6265798818,31410,High
FIN,2005,Finland,H,40230,48988.8798745018,49629.9101830031,32180,High
FIN,2006,Finland,H,42830,50594.6884299513,51474.7968798957,34750,High
FIN,2007,Finland,H,46190,53124.5637578045,53953.3524574224,37950,High
FIN,2008,Finland,H,50160,56600.0773616618,57133.2701578938,40150,High
FIN,2009,Finland,H,48950,54896.1284774651,55480.231890013,38460,High
FIN,2010,Finland,H,49750,55123.4160946929,55441.8908405001,39460,High
FIN,2011,Finland,H,50200,54497.6630031491,54521.7554974926,41020,High
FIN,2012,Finland,H,48820,52030.6039730324,52180.9520801538,40920,High
FIN,2013,Finland,H,49390,51872.4590232794,52023.459080673,41560,High
FIN,2014,Finland,H,49210,50851.8052457442,51045.8856470988,42000,High
FIN,2015,Finland,H,46860,48055.3553909782,48221.9809015086,42630,High
FIN,2016,Finland,H,45160,45920.983855075,46013.4422649039,44760,High
FIN,2017,Finland,H,44520,44520,44520,47250,High
FIN,2018,Finland,H,47900,46785.0862602788,46840.0239975929,49450,High
FIN,2019,Finland,H,49590,47716.7669252913,47788.0312501414,52460,High
FIN,2020,Finland,H,49630,47433.3251035871,47303.2243479562,54110,High
FIN,2021,Finland,H,52810,48352.4005593459,48625.590782598,57710,High
FIN,2022,Finland,H,54120,46254.1453227913,47297.4026502227,62690,High
FIN,2023,Finland,H,52990,43715.3319228446,44861.9249964541,63710,High
FJI,1987,Fiji,LM,1700,3177.49528482711,3251.16127712157,,Lower-middle
FJI,1988,Fiji,LM,1710,3087.28254575564,3151.39432691129,,Lower-middle
FJI,1989,Fiji,LM,1690,2936.05819804313,2987.40120570153,,Lower-middle
FJI,1990,Fiji,LM,1690,2830.11758291529,2872.04558969162,3740,Lower-middle
FJI,1991,Fiji,LM,1690,2737.53917301851,2765.47962269276,3760,Lower-middle
FJI,1992,Fiji,LM,1890,2993.29546187325,3012.4380314762,4030,Lower-middle
FJI,1993,Fiji,LM,2000,3094.16662542287,3092.67678062672,4190,Lower-middle
FJI,1994,Fiji,LM,2150,3256.69228030258,3214.8059483662,4400,Lower-middle
FJI,1995,Fiji,LM,2390,3545.88388395001,3445.83021252381,4720,Lower-middle
FJI,1996,Fiji,LM,2600,3788.09578807804,3666.9363074579,5040,Lower-middle
FJI,1997,Fiji,LM,2520,3609.29748604961,3507.33532823466,4940,Lower-middle
FJI,1998,Fiji,LM,2230,3158.44562977795,3082.6787183565,4920,Lower-middle
FJI,1999,Fiji,LM,2280,3184.20279612144,3132.87831446777,5360,Lower-middle
FJI,2000,Fiji,LM,2150,2936.14001990328,2910.65502596411,5630,Lower-middle
FJI,2001,Fiji,LM,2050,2737.92449998864,2730.61456558884,5650,Lower-middle
FJI,2002,Fiji,LM,2050,2696.02733815907,2703.35838966827,5960,Lower-middle
FJI,2003,Fiji,LM,2270,2927.5612563004,2948.33741564008,6040,Lower-middle
FJI,2004,Fiji,LM,2820,3541.64269841346,3567.58515564791,6460,Lower-middle
FJI,2005,Fiji,LM,3320,4042.83075275531,4095.7320856965,6750,Lower-middle
FJI,2006,Fiji,LM,3350,3957.32445109355,4026.16319280062,6670,Lower-middle
FJI,2007,Fiji,UM,3510,4036.96078783056,4099.94083406696,6790,Upper-middle
FJI,2008,Fiji,UM,3730,4208.89729982055,4248.54660464402,6970,Upper-middle
FJI,2009,Fiji,UM,3620,4059.73411825176,4102.93032567614,7040,Upper-middle
FJI,2010,Fiji,LM,3450,3822.62885480785,3844.71403818543,7110,Lower-middle
FJI,2011,Fiji,LM,3570,3875.630615961,3877.34396665435,7430,Lower-middle
FJI,2012,Fiji,UM,3910,4167.13767993766,4179.1790789308,7900,Upper-middle
FJI,2013,Fiji,UM,4460,4684.17022157979,4697.80578051836,8670,Upper-middle
FJI,2014,Fiji,UM,4740,4898.14177737914,4916.83596763358,10020,Upper-middle
FJI,2015,Fiji,UM,4820,4942.95375553809,4960.09278585727,10810,Upper-middle
FJI,2016,Fiji,UM,5010,5094.42269959977,5104.67993239966,11100,Upper-middle
FJI,2017,Fiji,UM,5120,5120,5120,11570,Upper-middle
FJI,2018,Fiji,UM,5690,5557.56035116882,5564.08635796041,12130,Upper-middle
FJI,2019,Fiji,UM,5570,5359.59652699884,5367.60100954401,11880,Upper-middle
FJI,2020,Fiji,UM,4560,4358.16970526611,4346.21605937296,10000,Upper-middle
FJI,2021,Fiji,UM,4380,4010.29188505842,4032.94996454799,9700,Upper-middle
FJI,2022,Fiji,UM,5250,4486.95977355237,4588.16267394067,12290,Upper-middle
FJI,2023,Fiji,UM,5670,4677.59826387108,4800.2852374013,13810,Upper-middle
FRA,1987,France,H,14350,26821.7984336877,27443.6260745262,,High
FRA,1988,France,H,18400,33219.8823636864,33909.7401258291,,High
FRA,1989,France,H,19360,33634.3708367545,34222.5368889832,,High
FRA,1990,France,H,20470,34279.5898948379,34787.4397757323,17550,High
FRA,1991,France,H,21270,34454.117284085,34805.7701625296,18260,High
FRA,1992,France,H,23660,37471.6246708578,37711.2612829242,18890,High
FRA,1993,France,H,23460,36294.5745162103,36277.0986367515,19200,High
FRA,1994,France,H,24260,36747.606846577,36274.9731662158,19970,High
FRA,1995,France,H,25660,38070.0336661745,36995.8172608205,20790,High
FRA,1996,France,H,27020,39367.0569976418,38107.9303951971,21470,High
FRA,1997,France,H,26890,38513.4957936008,37425.4948318373,22480,High
FRA,1998,France,H,25740,36456.6773589616,35582.130139236,23580,High
FRA,1999,France,H,25340,35389.3416025076,34818.9195125496,24710,High
FRA,2000,France,H,24950,34072.8806960869,33777.136231537,26450,High
FRA,2001,France,H,23800,31786.6356584047,31701.7691029338,27870,High
FRA,2002,France,H,23040,30300.7170103341,30383.1108770522,28680,High
FRA,2003,France,H,25900,33402.571162194,33639.6207335145,28430,High
FRA,2004,France,H,31340,39359.9582157013,39648.2690702148,29350,High
FRA,2005,France,H,35870,43679.6202112449,44251.1776849197,30980,High
FRA,2006,France,H,37920,44794.5502046172,45573.7636629849,33100,High
FRA,2007,France,H,40200,46235.2773990851,46956.5873303395,34780,High
FRA,2008,France,H,43580,49175.2665753832,49638.5150215513,35850,High
FRA,2009,France,H,44090,49445.7672026851,49971.8779168677,35520,High
FRA,2010,France,H,44040,48796.688337895,49078.6105048367,36780,High
FRA,2011,France,H,44610,48429.0985372606,48450.508221975,38550,High
FRA,2012,France,H,43500,46360.7388944471,46494.7033077978,38550,High
FRA,2013,France,H,43950,46159.0316678098,46293.4000120587,40530,High
FRA,2014,France,H,43470,44920.3002241923,45091.7425132978,41130,High
FRA,2015,France,H,41130,42179.1883745398,42325.4390627198,41730,High
FRA,2016,France,H,39020,39677.5197082601,39757.4073776916,43750,High
FRA,2017,France,H,38120,38120,38120,45370,High
FRA,2018,France,H,40960,40006.6207353031,40053.5988087976,47430,High
FRA,2019,France,H,42720,41106.2771334633,41167.6687841508,52660,High
FRA,2020,France,H,39690,37933.2797372833,37829.2358325686,50480,High
FRA,2021,France,H,44300,40560.714727874,40789.8820615242,54160,High
FRA,2022,France,H,46010,39322.8607964085,40209.7837386686,58630,High
FRA,2023,France,H,45770,37759.0251388676,38749.3924719325,61980,High
FRO,1987,Faeroe Islands,H,,,,,High
FRO,1988,Faeroe Islands,H,,,,,High
FRO,1989,Faeroe Islands,H,,,,,High
FRO,1990,Faeroe Islands,H,,,,,High
FRO,1991,Faeroe Islands,H,,,,,High
FRO,1992,Faeroe Islands,H,,,,,High
FRO,1993,Faeroe Islands,H,,,,,High
FRO,1994,Faeroe Islands,H,,,,,High
FRO,1995,Faeroe Islands,H,,,,,High
FRO,1996,Faeroe Islands,H,,,,,High
FRO,1997,Faeroe Islands,H,,,,,High
FRO,1998,Faeroe Islands,H,,,,,High
FRO,1999,Faeroe Islands,H,,,,,High
FRO,2000,Faeroe Islands,H,,,,,High
FRO,2001,Faeroe Islands,H,,,,,High
FRO,2002,Faeroe Islands,H,,,,,High
FRO,2003,Faeroe Islands,H,,,,,High
FRO,2004,Faeroe Islands,H,,,,,High
FRO,2005,Faeroe Islands,H,,,,,High
FRO,2006,Faeroe Islands,H,,,,,High
FRO,2007,Faeroe Islands,H,,,,,High
FRO,2008,Faeroe Islands,H,,,,,High
FRO,2009,Faeroe Islands,H,,,,,High
FRO,2010,Faeroe Islands,H,49050,54347.8102400942,54661.8039342016,40280,High
FRO,2011,Faeroe Islands,H,53420,57993.3298332316,58018.9677027102,44410,High
FRO,2012,Faeroe Islands,H,56500,60215.6723571555,60389.6721124271,48600,High
FRO,2013,Faeroe Islands,H,59530,62522.1195718935,62704.1206534211,52500,High
FRO,2014,Faeroe Islands,H,60430,62446.1408453632,62684.4720514973,55110,High
FRO,2015,Faeroe Islands,H,57670,59141.108523212,59346.1723984209,55140,High
FRO,2016,Faeroe Islands,H,57410,58377.4066235575,58494.9450936257,56300,High
FRO,2017,Faeroe Islands,H,57920,57920,57920,58310,High
FRO,2018,Faeroe Islands,H,62910,61445.7155873516,61517.8686782582,60620,High
FRO,2019,Faeroe Islands,H,66010,63516.5110856721,63611.3721077199,64010,High
FRO,2020,Faeroe Islands,H,64200,61358.4419030887,61190.1471516983,63130,High
FRO,2021,Faeroe Islands,H,70040,64128.0464907516,64490.3688394843,70780,High
FRO,2022,Faeroe Islands,H,72960,62355.9209673106,63762.352131564,77130,High
FRO,2023,Faeroe Islands,H,73400,60553.0357263029,62141.2586287928,80260,High
FSM,1991,"Micronesia, Fed. Sts.",LM,1830,2964.31756604962,2994.57260918802,2080,Lower-middle
FSM,1992,"Micronesia, Fed. Sts.",LM,1900,3009.13300399957,3028.37685703956,2100,Lower-middle
FSM,1993,"Micronesia, Fed. Sts.",LM,2060,3186.99162418556,3185.45708404552,2270,Lower-middle
FSM,1994,"Micronesia, Fed. Sts.",LM,2070,3135.51303266341,3095.18526191536,2270,Lower-middle
FSM,1995,"Micronesia, Fed. Sts.",LM,2140,3174.97552788829,3085.38772167404,2340,Lower-middle
FSM,1996,"Micronesia, Fed. Sts.",LM,2080,3030.47663046243,2933.54904596632,2280,Lower-middle
FSM,1997,"Micronesia, Fed. Sts.",LM,1860,2664.00528732233,2588.7475041732,2100,Lower-middle
FSM,1998,"Micronesia, Fed. Sts.",LM,1870,2648.56203035191,2585.02654857697,2160,Lower-middle
FSM,1999,"Micronesia, Fed. Sts.",LM,1950,2723.33133878807,2679.43540053164,2260,Lower-middle
FSM,2000,"Micronesia, Fed. Sts.",LM,2090,2854.20122865016,2829.42744384418,2410,Lower-middle
FSM,2001,"Micronesia, Fed. Sts.",LM,2120,2831.4146048663,2823.85506295041,2490,Lower-middle
FSM,2002,"Micronesia, Fed. Sts.",LM,2120,2788.08680824255,2795.66818833987,2530,Lower-middle
FSM,2003,"Micronesia, Fed. Sts.",LM,2220,2863.07752818806,2883.39606287267,2620,Lower-middle
FSM,2004,"Micronesia, Fed. Sts.",LM,2280,2863.45579871726,2884.43055137491,2650,Lower-middle
FSM,2005,"Micronesia, Fed. Sts.",LM,2390,2910.35105394132,2948.43364000441,2820,Lower-middle
FSM,2006,"Micronesia, Fed. Sts.",LM,2390,2823.28520540704,2872.39702411746,2920,Lower-middle
FSM,2007,"Micronesia, Fed. Sts.",LM,2400,2760.3150686021,2803.37834807997,2990,Lower-middle
FSM,2008,"Micronesia, Fed. Sts.",LM,2420,2730.70548674684,2756.42970060014,2960,Lower-middle
FSM,2009,"Micronesia, Fed. Sts.",LM,2640,2960.69007518913,2992.19228170857,3130,Lower-middle
FSM,2010,"Micronesia, Fed. Sts.",LM,2720,3013.78274929778,3031.19483590272,3170,Lower-middle
FSM,2011,"Micronesia, Fed. Sts.",LM,2910,3159.12747687577,3160.52407365943,3340,Lower-middle
FSM,2012,"Micronesia, Fed. Sts.",LM,3020,3218.6076197984,3227.90813769079,3390,Lower-middle
FSM,2013,"Micronesia, Fed. Sts.",LM,3080,3234.80813508201,3244.22461973017,3420,Lower-middle
FSM,2014,"Micronesia, Fed. Sts.",LM,3070,3172.42515961054,3184.53300013398,3380,Lower-middle
FSM,2015,"Micronesia, Fed. Sts.",LM,3440,3527.75122801889,3539.98323305996,3920,Lower-middle
FSM,2016,"Micronesia, Fed. Sts.",LM,3390,3447.12434164535,3454.06486443809,3900,Lower-middle
FSM,2017,"Micronesia, Fed. Sts.",LM,3440,3440,3440,3940,Lower-middle
FSM,2018,"Micronesia, Fed. Sts.",LM,3400,3320.86207275465,3324.76161987089,3620,Lower-middle
FSM,2019,"Micronesia, Fed. Sts.",LM,4050,3897.01363273704,3902.83376816037,4170,Lower-middle
FSM,2020,"Micronesia, Fed. Sts.",LM,3990,3813.39849210785,3802.93905195134,4170,Lower-middle
FSM,2021,"Micronesia, Fed. Sts.",LM,4040,3698.99068850137,3719.88992163787,4410,Lower-middle
FSM,2022,"Micronesia, Fed. Sts.",LM,4050,3461.36896816897,3539.43977703994,4560,Lower-middle
FSM,2023,"Micronesia, Fed. Sts.",LM,4130,3407.13947615301,3496.50406181082,4660,Lower-middle
GAB,1987,Gabon,UM,3310,6186.77023104573,6330.2022513367,,Upper-middle
GAB,1988,Gabon,UM,4010,7239.76784121643,7390.11184263992,,Upper-middle
GAB,1989,Gabon,UM,4420,7678.92144103589,7813.20315337323,,Upper-middle
GAB,1990,Gabon,UM,4650,7787.00991748882,7902.3739598024,10790,Upper-middle
GAB,1991,Gabon,UM,4990,8083.02986589487,8165.52859008099,11530,Upper-middle
GAB,1992,Gabon,UM,4940,7823.74581039888,7873.77982830286,10810,Upper-middle
GAB,1993,Gabon,UM,4280,6621.51657840494,6618.32831054119,11020,Upper-middle
GAB,1994,Gabon,UM,3990,6043.81497600339,5966.0817367354,11690,Upper-middle
GAB,1995,Gabon,UM,3770,5593.29800941068,5435.47276201454,12020,Upper-middle
GAB,1996,Gabon,UM,3960,5769.56127722656,5585.02606828203,12370,Upper-middle
GAB,1997,Gabon,UM,4130,5915.23754658131,5748.13289905124,12960,Upper-middle
GAB,1998,Gabon,UM,3810,5396.26809392555,5266.8187968333,13500,Upper-middle
GAB,1999,Gabon,UM,3160,4413.19334901041,4342.05941829743,12070,Upper-middle
GAB,2000,Gabon,UM,2980,4069.62663223803,4034.30324528979,11400,Upper-middle
GAB,2001,Gabon,UM,3290,4394.03492925006,4382.30337599379,11860,Upper-middle
GAB,2002,Gabon,UM,3460,4550.36809269775,4562.7414771962,12160,Upper-middle
GAB,2003,Gabon,UM,3700,4771.79588031343,4805.66010478779,12080,Upper-middle
GAB,2004,Gabon,UM,4110,5161.7558476877,5199.56559918898,11540,Upper-middle
GAB,2005,Gabon,UM,5240,6380.85335675838,6464.34823164146,12630,Upper-middle
GAB,2006,Gabon,UM,5450,6438.0353010328,6550.02668679504,11840,Upper-middle
GAB,2007,Gabon,UM,6240,7176.81917836545,7288.78370500792,12280,Upper-middle
GAB,2008,Gabon,UM,6920,7808.46362325957,7882.02211907148,11820,Upper-middle
GAB,2009,Gabon,UM,7170,8040.96509057047,8126.52221964031,11860,Upper-middle
GAB,2010,Gabon,UM,7420,8221.42205874615,8268.92120676403,12170,Upper-middle
GAB,2011,Gabon,UM,7680,8337.49107299173,8341.17693666818,12760,Upper-middle
GAB,2012,Gabon,UM,8610,9176.22900876299,9202.74472368137,13160,Upper-middle
GAB,2013,Gabon,UM,8870,9315.82732408358,9342.94557695019,13090,Upper-middle
GAB,2014,Gabon,UM,8880,9176.2656082546,9211.2876355667,14080,Upper-middle
GAB,2015,Gabon,UM,7610,7804.12408291387,7831.18383825183,13120,Upper-middle
GAB,2016,Gabon,UM,6770,6884.08017490827,6897.94074697519,12910,Upper-middle
GAB,2017,Gabon,UM,6230,6230,6230,13860,Upper-middle
GAB,2018,Gabon,UM,6540,6387.77586935748,6395.27676292813,14410,Upper-middle
GAB,2019,Gabon,UM,6870,6610.48979182802,6620.36246599055,14660,Upper-middle
GAB,2020,Gabon,UM,6820,6518.13977849011,6500.26173792184,13870,Upper-middle
GAB,2021,Gabon,UM,7000,6409.14228205684,6445.35382462008,17430,Upper-middle
GAB,2022,Gabon,UM,7430,6350.11640333221,6493.34260331032,18500,Upper-middle
GAB,2023,Gabon,UM,7760,6401.79233291704,6569.70254713123,19300,Upper-middle
GBR,1987,United Kingdom,H,12730,23793.8323387348,24345.4606222103,,High
GBR,1988,United Kingdom,H,16120,29103.5056360122,29707.8810232807,,High
GBR,1989,United Kingdom,H,17390,30211.8651266095,30740.1816373666,,High
GBR,1990,United Kingdom,H,18640,31215.0247015036,31677.4732496165,16870,High
GBR,1991,United Kingdom,H,19450,31505.9981746804,31827.5613380912,17210,High
GBR,1992,United Kingdom,H,21690,34351.628871974,34571.3126469411,17990,High
GBR,1993,United Kingdom,H,21650,33494.3537202026,33478.2261502843,19000,High
GBR,1994,United Kingdom,H,22210,33642.3886258234,33209.6930759131,20650,High
GBR,1995,United Kingdom,H,21360,31690.409941913,30796.2064182044,20010,High
GBR,1996,United Kingdom,H,22970,33466.369327751,32395.9719162723,21270,High
GBR,1997,United Kingdom,H,25630,36708.847050576,35671.8271677199,22740,High
GBR,1998,United Kingdom,H,27040,38297.9236902223,37379.2074189954,23820,High
GBR,1999,United Kingdom,H,28210,39397.5267011341,38762.4987943578,24410,High
GBR,2000,United Kingdom,H,29550,40354.854692159,40004.5841940648,26610,High
GBR,2001,United Kingdom,H,29190,38985.3737339845,38881.2873997747,28060,High
GBR,2002,United Kingdom,H,29260,38480.8584948948,38585.4958447286,29430,High
GBR,2003,United Kingdom,H,32370,41746.7655799313,42043.0317816164,30660,High
GBR,2004,United Kingdom,H,37910,47611.232162005,47959.983422203,32320,High
GBR,2005,United Kingdom,H,42840,52167.1293518185,52849.747756397,33070,High
GBR,2006,United Kingdom,H,44960,53110.8380063183,54034.7155666614,34590,High
GBR,2007,United Kingdom,H,47640,54792.2541117516,55647.0602093874,35200,High
GBR,2008,United Kingdom,H,48720,54975.1947579777,55493.080583983,36260,High
GBR,2009,United Kingdom,H,44370,49759.7797864173,50289.2316437156,34750,High
GBR,2010,United Kingdom,H,42010,46547.4313595588,46816.358476571,36500,High
GBR,2011,United Kingdom,H,41240,44770.5900846587,44790.382404713,37380,High
GBR,2012,United Kingdom,H,41940,44698.1468789221,44827.3070512423,37980,High
GBR,2013,United Kingdom,H,42960,45119.2719101049,45250.6135271455,39240,High
GBR,2014,United Kingdom,H,44780,46274.0060740587,46450.6149009771,40530,High
GBR,2015,United Kingdom,H,44630,45768.4701472334,45927.1661893796,41590,High
GBR,2016,United Kingdom,H,43310,44039.8098043246,44128.4806132194,43050,High
GBR,2017,United Kingdom,H,42140,42140,42140,45620,High
GBR,2018,United Kingdom,H,42540,41549.844874995,41598.6350909729,46570,High
GBR,2019,United Kingdom,H,43640,41991.524674727,42054.2384302514,50010,High
GBR,2020,United Kingdom,H,39340,37598.7710976247,37495.6446876606,47200,High
GBR,2021,United Kingdom,H,45870,41998.1937825639,42235.4828479033,51310,High
GBR,2022,United Kingdom,H,49720,42493.6457030521,43452.0853615867,59340,High
GBR,2023,United Kingdom,H,48830,40283.4432495282,41340.0226000539,59630,High
GEO,1991,Georgia,LM,1330,2154.39473379563,2176.38337170495,4750,Lower-middle
GEO,1992,Georgia,LM,750,1187.81565947351,1195.41191725246,2630,Lower-middle
GEO,1993,Georgia,L,540,835.424988864175,835.022730769215,1870,Low
GEO,1994,Georgia,L,510,772.517703699681,762.581876124074,1730,Low
GEO,1995,Georgia,L,550,815.998383335775,792.973479869496,1830,Low
GEO,1996,Georgia,LM,670,976.163145389341,944.941279229536,2200,Lower-middle
GEO,1997,Georgia,LM,820,1174.45394387329,1141.27578140969,2710,Lower-middle
GEO,1998,Georgia,LM,870,1232.21869861292,1202.65941030052,2940,Lower-middle
GEO,1999,Georgia,L,840,1173.12734593948,1154.21832638286,3130,Low
GEO,2000,Georgia,L,790,1078.86075149934,1069.49649791239,3200,Low
GEO,2001,Georgia,L,780,1041.74688292251,1038.96554202892,3460,Low
GEO,2002,Georgia,L,840,1104.71364100177,1107.71758405919,3730,Low
GEO,2003,Georgia,LM,990,1276.7778166244,1285.83878479457,4250,Lower-middle
GEO,2004,Georgia,LM,1210,1519.64101598592,1530.77235401914,4700,Lower-middle
GEO,2005,Georgia,LM,1520,1850.93456150243,1875.1544488731,5320,Lower-middle
GEO,2006,Georgia,LM,1910,2256.26558256379,2295.51393977588,6100,Lower-middle
GEO,2007,Georgia,LM,2380,2737.31244303041,2780.01686184597,6980,Lower-middle
GEO,2008,Georgia,LM,2820,3182.06176554797,3212.03791557537,7250,Lower-middle
GEO,2009,Georgia,LM,2950,3308.34686432119,3343.54819357586,7090,Lower-middle
GEO,2010,Georgia,LM,3220,3567.78693115399,3588.39976897307,7580,Lower-middle
GEO,2011,Georgia,LM,3580,3886.48672412896,3888.20487412397,8330,Lower-middle
GEO,2012,Georgia,LM,4250,4529.49747819311,4542.58595535956,9960,Lower-middle
GEO,2013,Georgia,LM,4680,4915.22794551422,4929.53611049909,10600,Lower-middle
GEO,2014,Georgia,LM,4850,5011.81173423815,5030.93975591199,11620,Lower-middle
GEO,2015,Georgia,UM,4500,4614.7908506061,4630.79201999122,11990,Upper-middle
GEO,2016,Georgia,LM,4180,4250.43650385769,4258.99443461688,12470,Lower-middle
GEO,2017,Georgia,LM,4130,4130,4130,13060,Lower-middle
GEO,2018,Georgia,UM,4580,4473.39655682833,4478.64947617903,14460,Upper-middle
GEO,2019,Georgia,UM,4780,4599.43831221804,4606.30750908804,16010,Upper-middle
GEO,2020,Georgia,UM,4330,4138.3497420619,4126.99902129055,16000,Upper-middle
GEO,2021,Georgia,UM,4760,4358.21675179865,4382.84060074165,17740,Upper-middle
GEO,2022,Georgia,UM,5690,4863.00973552628,4972.69440280427,20900,Upper-middle
GEO,2023,Georgia,UM,6710,5535.57043220017,5680.76083650136,23130,Upper-middle
GHA,1987,Ghana,L,400,747.645949371085,764.979124028604,,Low
GHA,1988,Ghana,L,420,758.279923518928,774.026676785228,,Low
GHA,1989,Ghana,L,380,660.1787664239,671.723348027563,,Low
GHA,1990,Ghana,L,380,636.357799708764,645.785398865572,1570,Low
GHA,1991,Ghana,L,400,647.938265803196,654.551389986452,1660,Low
GHA,1992,Ghana,L,420,665.176769305168,669.430673661377,1730,Low
GHA,1993,Ghana,L,400,618.833325084574,618.535356125345,1800,Low
GHA,1994,Ghana,L,370,560.454020331141,553.245674835113,1860,Low
GHA,1995,Ghana,L,360,534.108032728871,519.03718682367,1930,Low
GHA,1996,Ghana,L,370,539.075169841875,521.833243753624,2010,Low
GHA,1997,Ghana,L,380,544.259144721767,528.883898702051,2080,Low
GHA,1998,Ghana,L,380,538.210466060816,525.299512545054,2150,Low
GHA,1999,Ghana,L,390,544.666267757614,535.887080106328,2220,Low
GHA,2000,Ghana,L,330,450.663351892131,446.751701659607,2280,Low
GHA,2001,Ghana,L,290,387.31614877888,386.282060497933,2370,Low
GHA,2002,Ghana,L,270,355.086527464853,356.052080590455,2450,Low
GHA,2003,Ghana,L,310,399.799114296531,402.636387157896,2560,Low
GHA,2004,Ghana,L,370,464.683616458503,468.087414038911,2700,Low
GHA,2005,Ghana,L,450,547.97404781322,555.144409205851,2890,Low
GHA,2006,Ghana,L,570,673.335802126366,685.048662655628,3040,Low
GHA,2007,Ghana,L,770,885.601084509839,899.41722000899,3230,Low
GHA,2008,Ghana,L,1120,1263.79758064317,1275.70300193064,3500,Low
GHA,2009,Ghana,L,1160,1300.90927546189,1314.75115408407,3610,Low
GHA,2010,Ghana,LM,1200,1329.6100364549,1337.29183936885,3810,Lower-middle
GHA,2011,Ghana,LM,1350,1465.57460267433,1466.2225083987,4280,Lower-middle
GHA,2012,Ghana,LM,1490,1587.98852764888,1592.57719376135,4750,Lower-middle
GHA,2013,Ghana,LM,1790,1879.96966292104,1885.44223029773,5070,Lower-middle
GHA,2014,Ghana,LM,1830,1891.05473683625,1898.27211408638,5230,Lower-middle
GHA,2015,Ghana,LM,1880,1927.95706647544,1934.641999463,5040,Lower-middle
GHA,2016,Ghana,LM,1760,1789.6574753085,1793.26081457553,4810,Lower-middle
GHA,2017,Ghana,LM,1830,1830,1830,4920,Lower-middle
GHA,2018,Ghana,LM,2060,2012.0517264337,2014.41439321589,5290,Lower-middle
GHA,2019,Ghana,LM,2170,2088.02952667639,2091.14796960691,5760,Lower-middle
GHA,2020,Ghana,LM,2250,2150.41268351946,2144.51450298008,6110,Lower-middle
GHA,2021,Ghana,LM,2300,2105.86103553296,2117.75911380374,6410,Lower-middle
GHA,2022,Ghana,LM,2400,2051.1816107668,2097.44579380145,7080,Lower-middle
GHA,2023,Ghana,LM,2280,1880.93898441377,1930.27342879629,7070,Lower-middle
GIB,1987,Gibraltar,UM,,,,,Upper-middle
GIB,1988,Gibraltar,UM,,,,,Upper-middle
GIB,1989,Gibraltar,UM,,,,,Upper-middle
GIB,1990,Gibraltar,UM,,,,,Upper-middle
GIB,1991,Gibraltar,UM,,,,,Upper-middle
GIB,1992,Gibraltar,UM,,,,,Upper-middle
GIB,1993,Gibraltar,UM,,,,,Upper-middle
GIB,2009,Gibraltar,H,,,,,High
GIB,2010,Gibraltar,H,,,,,High
GIB,2015,Gibraltar,H,,,,,High
GIB,2016,Gibraltar,H,,,,,High
GIB,2017,Gibraltar,H,,,,,High
GIB,2018,Gibraltar,H,,,,,High
GIB,2019,Gibraltar,H,,,,,High
GIB,2020,Gibraltar,H,,,,,High
GIB,2021,Gibraltar,H,,,,,High
GIB,2022,Gibraltar,H,,,,,High
GIB,2023,Gibraltar,H,,,,,High
GIN,1987,Guinea,L,730,1364.45385760223,1396.0869013522,,Low
GIN,1988,Guinea,L,590,1065.20274970516,1087.32318881734,,Low
GIN,1989,Guinea,L,580,1007.64127506806,1025.2619522526,,Low
GIN,1990,Guinea,L,600,1004.77547322436,1019.66115610354,840,Low
GIN,1991,Guinea,L,610,988.105855349874,998.190869729339,850,Low
GIN,1992,Guinea,L,660,1045.27778033669,1051.96248718216,880,Low
GIN,1993,Guinea,L,700,1082.958318898,1082.43687321935,930,Low
GIN,1994,Guinea,L,700,1060.3184168427,1046.68100644481,960,Low
GIN,1995,Guinea,L,710,1053.37973121527,1023.65667401335,1000,Low
GIN,1996,Guinea,L,730,1063.58074049883,1029.56288632472,1030,Low
GIN,1997,Guinea,L,720,1031.22785315703,1002.09580806704,1080,Low
GIN,1998,Guinea,L,670,948.950032265122,926.185982645226,1100,Low
GIN,1999,Guinea,L,640,893.811311191982,879.404439148847,1150,Low
GIN,2000,Guinea,L,580,792.074982113442,785.199960492643,1180,Low
GIN,2001,Guinea,L,530,707.853651216574,705.963765737602,1220,Low
GIN,2002,Guinea,L,500,657.567643453431,659.355704797139,1310,Low
GIN,2003,Guinea,L,500,644.837281123437,649.413527674025,1260,Low
GIN,2004,Guinea,L,550,690.745916357235,695.805615463245,1300,Low
GIN,2005,Guinea,L,530,645.391656313348,653.836748620224,1330,Low
GIN,2006,Guinea,L,500,590.645440461725,600.91987952248,1440,Low
GIN,2007,Guinea,L,530,609.569577649629,619.079385200994,1540,Low
GIN,2008,Guinea,L,610,688.318325171725,694.802527837226,1590,Low
GIN,2009,Guinea,L,660,740.172518797282,748.048070427142,1530,Low
GIN,2010,Guinea,L,680,753.445687324445,757.798708975679,1600,Low
GIN,2011,Guinea,L,670,727.359247253185,727.680800464542,1670,Low
GIN,2012,Guinea,L,680,724.719596510898,726.81375285753,1760,Low
GIN,2013,Guinea,L,680,714.17841943369,716.25738357679,1750,Low
GIN,2014,Guinea,L,730,754.355168246155,757.234231302217,1830,Low
GIN,2015,Guinea,L,740,758.876717655225,761.508021065224,1900,Low
GIN,2016,Guinea,L,760,772.806637065035,774.362624475797,2230,Low
GIN,2017,Guinea,L,800,800,800,2670,Low
GIN,2018,Guinea,L,860,839.982759579118,840.969115614402,2800,Low
GIN,2019,Guinea,L,970,933.35882068023,934.752779040877,3080,Low
GIN,2020,Guinea,L,1030,984.411139566688,981.711083586437,3300,Low
GIN,2021,Guinea,L,1120,1025.46276512909,1031.25661193921,3590,Low
GIN,2022,Guinea,LM,1280,1093.96352574229,1118.63775669411,3990,Lower-middle
GIN,2023,Guinea,LM,1340,1105.46413996248,1134.45894499431,3960,Lower-middle
GMB,1987,"Gambia, The",L,290,542.043313294036,554.609864920738,,Low
GMB,1988,"Gambia, The",L,270,487.465665119311,497.588577933361,,Low
GMB,1989,"Gambia, The",L,270,469.074386669613,477.277115703794,,Low
GMB,1990,"Gambia, The",L,280,468.895220838036,475.841872848316,1330,Low
GMB,1991,"Gambia, The",L,360,583.144439222877,589.096250987807,1380,Low
GMB,1992,"Gambia, The",L,470,744.364479936735,749.124801478207,1410,Low
GMB,1993,"Gambia, The",L,630,974.662487008204,974.193185897417,1430,Low
GMB,1994,"Gambia, The",L,620,939.139169203534,927.060319993972,1420,Low
GMB,1995,"Gambia, The",L,620,919.852723033056,893.897377307432,1430,Low
GMB,1996,"Gambia, The",L,630,917.884748649679,888.526874499415,1450,Low
GMB,1997,"Gambia, The",L,620,888.001762440778,862.915834724399,1480,Low
GMB,1998,"Gambia, The",L,600,849.805999043393,829.420282965874,1500,Low
GMB,1999,"Gambia, The",L,580,810.016500767734,796.960272978642,1570,Low
GMB,2000,"Gambia, The",L,560,764.762051695738,758.124099786,1640,Low
GMB,2001,"Gambia, The",L,510,681.1421926801,679.323623634296,1720,Low
GMB,2002,"Gambia, The",L,410,539.205467631814,540.671677933654,1630,Low
GMB,2003,"Gambia, The",L,360,464.282842408874,467.577739925298,1760,Low
GMB,2004,"Gambia, The",L,430,540.037716424747,543.993481180355,1940,Low
GMB,2005,"Gambia, The",L,480,584.505651000768,592.154036486241,1900,Low
GMB,2006,"Gambia, The",L,600,708.774528554069,721.103855426976,1880,Low
GMB,2007,"Gambia, The",L,650,747.585331079734,759.248302604992,1940,Low
GMB,2008,"Gambia, The",L,750,846.293022752121,854.265403078556,2050,Low
GMB,2009,"Gambia, The",L,820,919.608280929957,929.393057197358,2140,Low
GMB,2010,"Gambia, The",L,830,919.646941881308,924.960188896785,2220,Low
GMB,2011,"Gambia, The",L,710,770.783679925017,771.124430343022,2020,Low
GMB,2012,"Gambia, The",L,710,756.692519886379,758.879065483597,2020,Low
GMB,2013,"Gambia, The",L,680,714.17841943369,716.25738357679,1960,Low
GMB,2014,"Gambia, The",L,600,620.017946503689,622.384299700453,1890,Low
GMB,2015,"Gambia, The",L,590,605.050355968355,607.148287065516,1940,Low
GMB,2016,"Gambia, The",L,590,599.941994563646,601.149932158842,1970,Low
GMB,2017,"Gambia, The",L,620,620,620,2000,Low
GMB,2018,"Gambia, The",L,680,664.172414550931,664.952323974179,2240,Low
GMB,2019,"Gambia, The",L,720,692.802423597696,693.83711433962,2380,Low
GMB,2020,"Gambia, The",L,720,688.132058726228,686.244640953626,2490,Low
GMB,2021,"Gambia, The",L,760,695.849733480457,699.781272387323,2710,Low
GMB,2022,"Gambia, The",L,830,709.366973723517,725.366670356334,3020,Low
GMB,2023,"Gambia, The",L,870,717.726717736833,736.551703093321,3250,Low
GNB,1987,Guinea-Bissau,L,450,841.10169304247,860.601514532179,,Low
GNB,1988,Guinea-Bissau,L,480,866.605626878775,884.601916325975,,Low
GNB,1989,Guinea-Bissau,L,540,938.148773339226,954.554231407589,,Low
GNB,1990,Guinea-Bissau,L,590,988.029215337291,1002.66680350181,800,Low
GNB,1991,Guinea-Bissau,L,650,1052.89968193019,1063.64600872798,830,Low
GNB,1992,Guinea-Bissau,L,630,997.765153957752,1004.14601049207,840,Low
GNB,1993,Guinea-Bissau,L,590,912.779154499747,912.339650284883,850,Low
GNB,1994,Guinea-Bissau,L,570,863.402139429055,852.297390962201,870,Low
GNB,1995,Guinea-Bissau,L,590,875.34372030565,850.644278405459,920,Low
GNB,1996,Guinea-Bissau,L,630,917.884748649679,888.526874499415,1020,Low
GNB,1997,Guinea-Bissau,L,630,902.324371512404,876.833832058664,1100,Low
GNB,1998,Guinea-Bissau,L,460,651.517932599935,635.88888360717,840,Low
GNB,1999,Guinea-Bissau,L,500,698.290086868736,687.034718085036,980,Low
GNB,2000,Guinea-Bissau,L,410,559.915073562951,555.055144486179,980,Low
GNB,2001,Guinea-Bissau,L,350,467.450524388304,466.20248680785,1030,Low
GNB,2002,Guinea-Bissau,L,330,433.994644679265,435.174765166112,1070,Low
GNB,2003,Guinea-Bissau,L,360,464.282842408874,467.577739925298,1070,Low
GNB,2004,Guinea-Bissau,L,410,514.919683102666,518.691458799874,1090,Low
GNB,2005,Guinea-Bissau,L,470,572.328449938252,579.817494059444,1170,Low
GNB,2006,Guinea-Bissau,L,470,555.206714034021,564.864686751132,1210,Low
GNB,2007,Guinea-Bissau,L,480,552.063013720419,560.675669615994,1240,Low
GNB,2008,Guinea-Bissau,L,540,609.330976381527,615.07109021656,1290,Low
GNB,2009,Guinea-Bissau,L,590,661.669372864237,668.709638715172,1300,Low
GNB,2010,Guinea-Bissau,L,620,686.9651855017,690.934117007237,1370,Low
GNB,2011,Guinea-Bissau,L,660,716.503139085227,716.819892994922,1450,Low
GNB,2012,Guinea-Bissau,L,630,671.431390885097,673.371565147417,1360,Low
GNB,2013,Guinea-Bissau,L,660,693.173171803288,695.190989942179,1410,Low
GNB,2014,Guinea-Bissau,L,660,682.019741154058,684.622729670498,1500,Low
GNB,2015,Guinea-Bissau,L,670,687.091082201353,689.473478532027,1770,Low
GNB,2016,Guinea-Bissau,L,670,681.290061623123,682.661787366821,1850,Low
GNB,2017,Guinea-Bissau,L,710,710,710,2100,Low
GNB,2018,Guinea-Bissau,L,750,732.543104284115,733.403298500932,1990,Low
GNB,2019,Guinea-Bissau,L,850,817.891750080614,819.113259984274,2280,Low
GNB,2020,Guinea-Bissau,L,860,821.935514589661,819.681098916831,2370,Low
GNB,2021,Guinea-Bissau,L,910,833.188496667389,837.89599720061,2550,Low
GNB,2022,Guinea-Bissau,L,960,820.472644306719,838.978317520579,2800,Low
GNB,2023,Guinea-Bissau,L,990,816.723506390189,838.14504145102,3010,Low
GNQ,1987,Equatorial Guinea,L,190,355.131825951265,363.365083913587,,Low
GNQ,1988,Equatorial Guinea,L,220,397.194245652772,405.442544982739,,Low
GNQ,1989,Equatorial Guinea,L,200,347.462508644158,353.538604225033,,Low
GNQ,1990,Equatorial Guinea,L,230,385.163931402673,390.870109839688,610,Low
GNQ,1991,Equatorial Guinea,L,230,372.564502836838,376.36704924221,610,Low
GNQ,1992,Equatorial Guinea,L,330,522.638890168346,525.981243591082,820,Low
GNQ,1993,Equatorial Guinea,L,320,495.066660067659,494.828284900276,890,Low
GNQ,1994,Equatorial Guinea,L,230,348.390336962601,343.909473546151,890,Low
GNQ,1995,Equatorial Guinea,L,220,326.39935333431,317.189391947798,950,Low
GNQ,1996,Equatorial Guinea,L,310,451.657574732382,437.211636658442,1520,Low
GNQ,1997,Equatorial Guinea,LM,760,1088.51828944353,1057.7677974041,3950,Lower-middle
GNQ,1998,Equatorial Guinea,LM,610,863.969432360783,843.243954348639,4370,Lower-middle
GNQ,1999,Equatorial Guinea,LM,710,991.571923353605,975.589299680752,5630,Lower-middle
GNQ,2000,Equatorial Guinea,LM,660,901.326703784262,893.503403319214,5070,Lower-middle
GNQ,2001,Equatorial Guinea,L,760,1015.03542438603,1012.32539992562,5410,Low
GNQ,2002,Equatorial Guinea,L,1050,1380.89205125221,1384.64698007399,6790,Low
GNQ,2003,Equatorial Guinea,L,960,1238.087579757,1246.87397313413,6350,Low
GNQ,2004,Equatorial Guinea,UM,1370,1720.58528256257,1733.18853306299,7850,Upper-middle
GNQ,2005,Equatorial Guinea,UM,3080,3750.57792725493,3799.65506745338,11240,Upper-middle
GNQ,2006,Equatorial Guinea,UM,6420,7583.88745552854,7715.81125306865,18510,Upper-middle
GNQ,2007,Equatorial Guinea,H,9200,10581.2077629747,10746.2836676399,21280,High
GNQ,2008,Equatorial Guinea,H,11310,12762.098783102,12882.3222784246,22620,High
GNQ,2009,Equatorial Guinea,H,9950,11158.6614576257,11277.3913647728,19660,High
GNQ,2010,Equatorial Guinea,H,7920,8775.42624060236,8826.12613983438,15360,High
GNQ,2011,Equatorial Guinea,H,9170,9955.05119001747,9959.45214964157,17630,High
GNQ,2012,Equatorial Guinea,H,11060,11787.3510844273,11821.4119214769,19900,High
GNQ,2013,Equatorial Guinea,H,11220,11783.9439206559,11818.246829017,19080,High
GNQ,2014,Equatorial Guinea,H,10610,10963.9840206736,11005.8290330363,18480,High
GNQ,2015,Equatorial Guinea,UM,8720,8942.43915939671,8973.44586984966,14690,Upper-middle
GNQ,2016,Equatorial Guinea,UM,6660,6772.22658270149,6785.86194606422,12900,Upper-middle
GNQ,2017,Equatorial Guinea,UM,5260,5260,5260,13570,Upper-middle
GNQ,2018,Equatorial Guinea,UM,5450,5323.1465577979,5329.39730244011,14100,Upper-middle
GNQ,2019,Equatorial Guinea,UM,5130,4936.21726813359,4943.5894396698,12060,Upper-middle
GNQ,2020,Equatorial Guinea,UM,4790,4577.98966847032,4565.43309745537,10310,Upper-middle
GNQ,2021,Equatorial Guinea,UM,4820,4413.15225707342,4438.08649066697,12600,Upper-middle
GNQ,2022,Equatorial Guinea,UM,4570,3905.79165050178,3993.88636569693,11840,Upper-middle
GNQ,2023,Equatorial Guinea,UM,4840,3992.87047568537,4097.59798042721,12250,Upper-middle
GRC,1987,Greece,UM,6020,11252.0715380348,11512.9358166305,,Upper-middle
GRC,1988,Greece,UM,7450,13450.4415005143,13729.7589096427,,Upper-middle
GRC,1989,Greece,UM,8150,14159.0972272494,14406.6981221701,,Upper-middle
GRC,1990,Greece,UM,8810,14753.4531985111,14972.0246421202,13600,Upper-middle
GRC,1991,Greece,UM,9670,15663.9075757923,15823.7798529225,14380,Upper-middle
GRC,1992,Greece,UM,11000,17421.2963389449,17532.7081197027,14750,Upper-middle
GRC,1993,Greece,UM,10940,16925.0914410631,16916.9419900282,14720,Upper-middle
GRC,1994,Greece,UM,11390,17252.8953826262,17030.9952334377,15260,Upper-middle
GRC,1995,Greece,UM,12180,18070.6551073268,17560.7581542008,15840,Upper-middle
GRC,1996,Greece,H,13130,19129.8837297941,18518.0283526624,16400,High
GRC,1997,Greece,H,13810,19779.5231279148,19220.7543186193,17320,High
GRC,1998,Greece,H,13540,19177.2887117459,18717.2510522632,18120,High
GRC,1999,Greece,H,13140,18351.0634829104,18055.2723912748,18260,High
GRC,2000,Greece,H,13100,17889.9694235967,17734.6887628511,19660,High
GRC,2001,Greece,H,12840,17148.7563804166,17102.9712303223,21120,High
GRC,2002,Greece,H,12980,17070.4560240511,17116.8740965337,22610,High
GRC,2003,Greece,H,15460,19938.3687323367,20079.8662756809,23830,High
GRC,2004,Greece,H,19280,24213.7841224863,24391.1495747843,25160,High
GRC,2005,Greece,H,22430,27313.4619832234,27670.864663305,25620,High
GRC,2006,Greece,H,24160,28539.9876831105,29036.4485785263,27500,High
GRC,2007,Greece,H,25960,29857.407992046,30323.2091317317,28100,High
GRC,2008,Greece,H,28330,31967.3084460901,32268.4518256207,29480,High
GRC,2009,Greece,H,29030,32556.3760919471,32902.7810371211,29240,High
GRC,2010,Greece,H,27320,30270.7884966233,30445.6775429641,27220,High
GRC,2011,Greece,H,24470,26564.8966869932,26576.6405781602,24980,High
GRC,2012,Greece,H,22750,24246.1335597396,24316.1954081012,24640,High
GRC,2013,Greece,H,22030,23137.2802648885,23204.6325885245,25540,High
GRC,2014,Greece,H,21670,22392.9815012249,22478.446290848,26400,High
GRC,2015,Greece,H,19920,20428.1408320163,20498.9726751612,26400,High
GRC,2016,Greece,H,18500,18811.7405075041,18849.6165168451,27190,High
GRC,2017,Greece,H,17890,17890,17890,28340,High
GRC,2018,Greece,H,19060,18616.362090207,18638.2224925704,29240,High
GRC,2019,Greece,H,19770,19023.1998812867,19051.6107645754,31460,High
GRC,2020,Greece,H,18030,17231.9736372693,17184.709550547,29230,High
GRC,2021,Greece,H,20350,18632.2922056938,18737.5643330027,33290,High
GRC,2022,Greece,H,21980,18785.4049186059,19209.1077282316,39090,High
GRC,2023,Greece,H,22300,18396.9032247487,18879.4287114725,41370,High
GRD,1987,Grenada,LM,2240,4186.81731647807,4283.88309456018,,Lower-middle
GRD,1988,Grenada,LM,2490,4495.51668943365,4588.872440941,,Lower-middle
GRD,1989,Grenada,LM,2620,4551.75886323847,4631.35571534793,,Lower-middle
GRD,1990,Grenada,LM,2730,4571.72840317085,4639.45826027108,4360,Lower-middle
GRD,1991,Grenada,LM,2910,4713.75088371825,4761.86136215144,4620,Lower-middle
GRD,1992,Grenada,LM,3010,4767.10018002037,4797.5864945732,4680,Lower-middle
GRD,1993,Grenada,LM,2990,4625.77910500719,4623.55178703695,4610,Lower-middle
GRD,1994,Grenada,LM,3100,4695.69584601767,4635.30159996986,4760,Lower-middle
GRD,1995,Grenada,LM,3200,4747.62695758997,4613.66388287707,4860,Lower-middle
GRD,1996,Grenada,LM,3380,4924.52452450145,4767.01719969527,5120,Lower-middle
GRD,1997,Grenada,UM,3530,5055.88100228379,4913.05305899537,5430,Upper-middle
GRD,1998,Grenada,UM,3840,5438.75839387772,5308.28981098159,6040,Upper-middle
GRD,1999,Grenada,UM,4140,5781.84191927314,5688.6474657441,6480,Upper-middle
GRD,2000,Grenada,UM,4410,6022.50115710393,5970.22728581475,6830,Upper-middle
GRD,2001,Grenada,UM,4310,5756.31931461026,5740.95062326238,6700,Upper-middle
GRD,2002,Grenada,UM,4450,5852.35202673554,5868.26577269454,6950,Upper-middle
GRD,2003,Grenada,UM,5050,6512.85653934671,6559.07662950766,7750,Upper-middle
GRD,2004,Grenada,UM,5110,6417.65751379176,6464.66671821306,7670,Upper-middle
GRD,2005,Grenada,UM,6340,7720.34547363514,7821.3678985891,9610,Upper-middle
GRD,2006,Grenada,UM,6120,7229.50019125151,7355.25932535516,9470,Upper-middle
GRD,2007,Grenada,UM,6500,7475.85331079734,7592.48302604992,10150,Upper-middle
GRD,2008,Grenada,UM,6910,7797.17971628954,7870.6319136971,10430,Upper-middle
GRD,2009,Grenada,UM,6390,7166.21575017369,7242.46540913551,9460,Upper-middle
GRD,2010,Grenada,UM,6610,7323.93528413909,7366.24921519006,9810,Upper-middle
GRD,2011,Grenada,UM,6730,7306.16079703572,7309.39072705428,10160,Upper-middle
GRD,2012,Grenada,UM,6700,7140.61955385738,7161.25315315507,10120,Upper-middle
GRD,2013,Grenada,UM,7040,7393.84716590174,7415.37055938324,10860,Upper-middle
GRD,2014,Grenada,UM,7170,7409.21446071908,7437.49238142041,11120,Upper-middle
GRD,2015,Grenada,UM,7410,7599.02226733138,7625.37085958555,11670,Upper-middle
GRD,2016,Grenada,UM,8000,8134.80670594774,8151.18552079786,12710,Upper-middle
GRD,2017,Grenada,UM,8400,8400,8400,13430,Upper-middle
GRD,2018,Grenada,UM,9220,9005.39656199938,9015.97121623813,14420,Upper-middle
GRD,2019,Grenada,UM,9400,9044.92053030326,9058.42899276727,14800,Upper-middle
GRD,2020,Grenada,UM,8390,8018.64996210146,7996.6563022235,13380,Upper-middle
GRD,2021,Grenada,UM,8890,8139.61069821218,8185.5993572675,13940,Upper-middle
GRD,2022,Grenada,UM,9980,8529.49686477193,8721.87875922436,16320,Upper-middle
GRD,2023,Grenada,UM,10120,8348.72917643305,8567.70486816598,17000,Upper-middle
GRL,1987,Greenland,H,11470,21438.7475982159,21935.7763815202,,High
GRL,1988,Greenland,H,15170,27388.348666148,27957.1063972188,,High
GRL,1989,Greenland,H,16970,29482.1938584568,29997.750568494,,High
GRL,1990,Greenland,H,15690,26274.8786248171,26664.1392321074,19010,High
GRL,1991,Greenland,H,16510,26743.6519210269,27016.6086216908,19710,High
GRL,1992,Greenland,H,17440,27620.6734682908,27797.3117825105,19150,High
GRL,1993,Greenland,H,16600,25681.5829910098,25669.2172792018,18760,High
GRL,1994,Greenland,H,17830,27007.824817579,26660.4604927299,20440,High
GRL,1995,Greenland,H,19470,28886.3427700865,28071.2611873802,21850,High
GRL,1996,Greenland,H,20780,30275.6271062545,29307.2832572982,22830,High
GRL,1997,Greenland,H,20540,29418.6390331187,28587.5665245793,23530,High
GRL,1998,Greenland,H,20440,28950.0577007449,28255.5843063708,25660,High
GRL,1999,Greenland,H,19740,27568.4926295777,27124.1306699972,26390,High
GRL,2000,Greenland,H,20290,27708.9679087616,27468.4606868892,28930,High
GRL,2001,Greenland,H,19380,25883.4033218438,25814.2976981033,29740,High
GRL,2002,Greenland,H,18760,24671.9379823728,24739.0260439887,29820,High
GRL,2003,Greenland,H,20440,26360.9480523261,26548.0250113142,28990,High
GRL,2004,Greenland,H,25740,32326.9088855186,32563.7028036799,31260,High
GRL,2005,Greenland,H,30920,37651.9056852994,38144.5891836554,34620,High
GRL,2006,Greenland,H,30240,35722.2362391251,36343.6343135196,34610,High
GRL,2007,Greenland,H,34800,40024.5684947304,40648.9860471596,40270,High
GRL,2008,Greenland,H,,,,,High
GRL,2009,Greenland,H,,,,,High
GRL,2010,Greenland,H,,,,,High
GRL,2011,Greenland,H,,,,,High
GRL,2012,Greenland,H,,,,,High
GRL,2013,Greenland,H,,,,,High
GRL,2014,Greenland,H,,,,,High
GRL,2015,Greenland,H,,,,,High
GRL,2016,Greenland,H,,,,,High
GRL,2017,Greenland,H,,,,,High
GRL,2018,Greenland,H,,,,,High
GRL,2019,Greenland,H,,,,,High
GRL,2020,Greenland,H,,,,,High
GRL,2021,Greenland,H,,,,,High
GRL,2022,Greenland,H,,,,,High
GRL,2023,Greenland,H,,,,,High
GTM,1987,Guatemala,LM,1020,1906.49717089627,1950.69676627294,,Lower-middle
GTM,1988,Guatemala,LM,990,1787.37410543747,1824.49145242232,,Lower-middle
GTM,1989,Guatemala,LM,980,1702.56629235637,1732.33916070266,,Lower-middle
GTM,1990,Guatemala,LM,930,1557.40198349776,1580.47479196048,3230,Lower-middle
GTM,1991,Guatemala,LM,970,1571.25029457275,1587.28712071715,3430,Lower-middle
GTM,1992,Guatemala,LM,1030,1631.26683901029,1641.69903302671,3570,Lower-middle
GTM,1993,Guatemala,LM,1140,1763.67497649104,1762.82576495723,3710,Lower-middle
GTM,1994,Guatemala,LM,1230,1863.13093245217,1839.16805418159,3840,Lower-middle
GTM,1995,Guatemala,LM,1350,2002.90512273327,1946.38945058876,4010,Lower-middle
GTM,1996,Guatemala,LM,1430,2083.45268344292,2016.81496910185,4070,Lower-middle
GTM,1997,Guatemala,LM,1520,2177.03657888707,2115.5355948082,4220,Lower-middle
GTM,1998,Guatemala,LM,1600,2266.14933078238,2211.78742124233,4390,Lower-middle
GTM,1999,Guatemala,LM,1640,2290.39148492946,2253.47387531892,4500,Lower-middle
GTM,2000,Guatemala,LM,1660,2266.97322466951,2247.29643865136,4660,Lower-middle
GTM,2001,Guatemala,LM,1590,2123.56095364972,2117.89129721281,4800,Lower-middle
GTM,2002,Guatemala,LM,1590,2091.06510618191,2096.7511412549,4890,Lower-middle
GTM,2003,Guatemala,LM,1660,2140.85977332981,2156.05291187776,5010,Lower-middle
GTM,2004,Guatemala,LM,1830,2298.30004897044,2315.13504781407,5170,Lower-middle
GTM,2005,Guatemala,LM,1980,2411.08581037817,2442.63540050574,5390,Lower-middle
GTM,2006,Guatemala,LM,2130,2516.14957636695,2559.91868676577,5700,Lower-middle
GTM,2007,Guatemala,LM,2340,2691.30719188704,2733.29388937797,6080,Lower-middle
GTM,2008,Guatemala,LM,2570,2899.96409129727,2927.28278121585,6330,Lower-middle
GTM,2009,Guatemala,LM,2610,2927.04586978925,2958.19009668915,6250,Lower-middle
GTM,2010,Guatemala,LM,2690,2980.54249838641,2997.7625399185,6340,Lower-middle
GTM,2011,Guatemala,LM,2850,3093.99082786803,3095.35862884171,6600,Lower-middle
GTM,2012,Guatemala,LM,3090,3293.21110767452,3302.72720048495,7110,Lower-middle
GTM,2013,Guatemala,LM,3300,3465.86585901644,3475.95494971089,7520,Lower-middle
GTM,2014,Guatemala,LM,3460,3575.43682483794,3589.08279493928,8020,Lower-middle
GTM,2015,Guatemala,LM,3610,3702.087771264,3714.92426492629,8720,Lower-middle
GTM,2016,Guatemala,LM,3760,3823.35915179544,3831.05719477499,9000,Lower-middle
GTM,2017,Guatemala,UM,3980,3980,3980,9360,Upper-middle
GTM,2018,Guatemala,UM,4270,4170.61207372423,4175.50944613197,9740,Upper-middle
GTM,2019,Guatemala,UM,4490,4320.3928916023,4326.84533803458,10560,Upper-middle
GTM,2020,Guatemala,UM,4360,4167.02191117549,4155.59254799696,10750,Upper-middle
GTM,2021,Guatemala,UM,4800,4394.84042198183,4419.6711940252,11530,Upper-middle
GTM,2022,Guatemala,UM,5220,4461.32000341778,4561.94460151815,12730,Upper-middle
GTM,2023,Guatemala,UM,5470,4512.60361611549,4630.96300680513,13490,Upper-middle
GUM,1987,Guam,H,,,,,High
GUM,1988,Guam,H,,,,,High
GUM,1989,Guam,H,,,,,High
GUM,1990,Guam,UM,,,,,Upper-middle
GUM,1991,Guam,UM,,,,,Upper-middle
GUM,1992,Guam,UM,,,,,Upper-middle
GUM,1993,Guam,UM,,,,,Upper-middle
GUM,1994,Guam,UM,,,,,Upper-middle
GUM,1995,Guam,H,,,,,High
GUM,1996,Guam,H,,,,,High
GUM,1997,Guam,H,,,,,High
GUM,1998,Guam,H,,,,,High
GUM,1999,Guam,H,,,,,High
GUM,2000,Guam,H,,,,,High
GUM,2001,Guam,H,,,,,High
GUM,2002,Guam,H,,,,,High
GUM,2003,Guam,H,,,,,High
GUM,2004,Guam,H,,,,,High
GUM,2005,Guam,H,,,,,High
GUM,2006,Guam,H,,,,,High
GUM,2007,Guam,H,,,,,High
GUM,2008,Guam,H,,,,,High
GUM,2009,Guam,H,,,,,High
GUM,2010,Guam,H,,,,,High
GUM,2011,Guam,H,,,,,High
GUM,2012,Guam,H,,,,,High
GUM,2013,Guam,H,,,,,High
GUM,2014,Guam,H,,,,,High
GUM,2015,Guam,H,,,,,High
GUM,2016,Guam,H,,,,,High
GUM,2017,Guam,H,,,,,High
GUM,2018,Guam,H,,,,,High
GUM,2019,Guam,H,,,,,High
GUM,2020,Guam,H,,,,,High
GUM,2021,Guam,H,,,,,High
GUM,2022,Guam,H,,,,,High
GUM,2023,Guam,H,,,,,High
GUY,1987,Guyana,L,450,841.10169304247,860.601514532179,,Low
GUY,1988,Guyana,L,460,830.49705909216,847.743503145726,,Low
GUY,1989,Guyana,L,350,608.059390127276,618.692557393808,,Low
GUY,1990,Guyana,L,390,653.104057595836,662.779751467298,2690,Low
GUY,1991,Guyana,L,330,534.549069287637,540.004896738823,2810,Low
GUY,1992,Guyana,L,390,617.664142926227,621.614196971278,3220,Low
GUY,1993,Guyana,L,470,727.129156974374,726.77904344728,3700,Low
GUY,1994,Guyana,L,570,863.402139429055,852.297390962201,4170,Low
GUY,1995,Guyana,L,670,994.034394245399,965.985875477386,4490,Low
GUY,1996,Guyana,L,830,1209.27673234799,1170.59889815002,5060,Low
GUY,1997,Guyana,LM,880,1260.38959830304,1224.78376541528,5390,Lower-middle
GUY,1998,Guyana,LM,860,1218.05526529553,1188.83573891775,5400,Lower-middle
GUY,1999,Guyana,LM,850,1187.09314767685,1167.95902074456,5580,Lower-middle
GUY,2000,Guyana,LM,870,1188.11247317016,1177.79994073896,5720,Lower-middle
GUY,2001,Guyana,LM,860,1148.5927170684,1145.52611044215,5950,Lower-middle
GUY,2002,Guyana,LM,870,1144.16769960897,1147.27892634702,6110,Lower-middle
GUY,2003,Guyana,LM,910,1173.60385164465,1181.93262036673,6240,Lower-middle
GUY,2004,Guyana,LM,1010,1268.4606827651,1277.75213021432,6560,Lower-middle
GUY,2005,Guyana,LM,1070,1302.96051368921,1320.01003966725,6690,Lower-middle
GUY,2006,Guyana,LM,1450,1712.871777339,1742.66765061519,7120,Lower-middle
GUY,2007,Guyana,LM,2250,2587.79537681446,2628.16720132497,8080,Lower-middle
GUY,2008,Guyana,LM,3820,4310.4524625508,4351.05845301344,8400,Lower-middle
GUY,2009,Guyana,LM,4160,4665.32981544954,4714.96965602562,8780,Lower-middle
GUY,2010,Guyana,LM,4520,5008.19780398014,5037.13259495599,9370,Lower-middle
GUY,2011,Guyana,LM,4860,5276.06856962758,5278.40103023534,10040,Lower-middle
GUY,2012,Guyana,LM,5350,5701.83800196074,5718.31408498203,10690,Lower-middle
GUY,2013,Guyana,LM,5610,5891.97196032795,5909.12341450852,11280,Lower-middle
GUY,2014,Guyana,LM,5640,5828.16869713468,5850.41241718426,11220,Lower-middle
GUY,2015,Guyana,UM,5530,5671.06520085594,5690.72886012255,11470,Upper-middle
GUY,2016,Guyana,UM,5610,5704.53320254585,5716.0188464595,11400,Upper-middle
GUY,2017,Guyana,UM,5870,5870,5870,12030,Upper-middle
GUY,2018,Guyana,UM,6100,5958.01724817747,5965.01349447425,12190,Upper-middle
GUY,2019,Guyana,UM,6380,6138.99925354625,6148.16776317608,13030,Upper-middle
GUY,2020,Guyana,UM,8090,7731.92827096554,7710.72103515949,16490,Upper-middle
GUY,2021,Guyana,UM,7810,7150.77160326627,7191.17333861183,18310,Upper-middle
GUY,2022,Guyana,H,9780,8358.5650638747,8547.0916097409,24050,High
GUY,2023,Guyana,H,17770,14659.7744530845,15044.2801884693,43650,High
HKG,1987,"Hong Kong SAR, China",H,9080,16971.5630507236,17365.0261154493,,High
HKG,1988,"Hong Kong SAR, China",H,10770,19444.4637530925,19848.2554975641,,High
HKG,1989,"Hong Kong SAR, China",H,11550,20065.9598742001,20416.8543939957,,High
HKG,1990,"Hong Kong SAR, China",H,12660,21200.7624850341,21514.8503937846,17740,High
HKG,1991,"Hong Kong SAR, China",H,14320,23196.1899157544,23432.939761515,19130,High
HKG,1992,"Hong Kong SAR, China",H,16560,26226.9697611752,26394.6951329343,20580,High
HKG,1993,"Hong Kong SAR, China",H,19560,30260.9495966357,30246.3789145294,22900,High
HKG,1994,"Hong Kong SAR, China",H,21820,33051.6397935824,32626.5422294653,24170,High
HKG,1995,"Hong Kong SAR, China",H,23570,34969.2398094986,33982.5180373164,24930,High
HKG,1996,"Hong Kong SAR, China",H,24140,35171.0124323861,34046.0932546284,24880,High
HKG,1997,"Hong Kong SAR, China",H,26080,37353.3644587992,36298.1370477618,26590,High
HKG,1998,"Hong Kong SAR, China",H,25110,35564.381059966,34711.2388421218,25610,High
HKG,1999,"Hong Kong SAR, China",H,25800,36031.7684824268,35450.9914531879,26390,High
HKG,2000,"Hong Kong SAR, China",H,26930,36776.8608074397,36457.6464414946,28450,High
HKG,2001,"Hong Kong SAR, China",H,26350,35192.3466218052,35098.3872211053,29470,High
HKG,2002,"Hong Kong SAR, China",H,25270,33233.4687001364,33323.8373204474,29800,High
HKG,2003,"Hong Kong SAR, China",H,26340,33970.0279695826,34211.1046378677,31980,High
HKG,2004,"Hong Kong SAR, China",H,28120,35315.9548508462,35574.6434669572,35270,High
HKG,2005,"Hong Kong SAR, China",H,28890,35179.9338696087,35640.2710710156,38280,High
HKG,2006,"Hong Kong SAR, China",H,30290,35781.3007831713,36403.7263014719,42730,High
HKG,2007,"Hong Kong SAR, China",H,32070,36884.7101041955,37460.1431762186,46710,High
HKG,2008,"Hong Kong SAR, China",H,33950,38308.864163246,38669.7472460226,49590,High
HKG,2009,"Hong Kong SAR, China",H,32350,36279.6681562001,36665.6895126031,47240,High
HKG,2010,"Hong Kong SAR, China",H,33620,37251.2411880116,37466.4596996505,50240,High
HKG,2011,"Hong Kong SAR, China",H,35690,38745.450051442,38762.5787590739,53710,High
HKG,2012,"Hong Kong SAR, China",H,36340,38729.8678488324,38841.7820277097,52900,High
HKG,2013,"Hong Kong SAR, China",H,38570,40508.6200552315,40626.5401243482,54530,High
HKG,2014,"Hong Kong SAR, China",H,40240,41582.5369455141,41741.240366577,55640,High
HKG,2015,"Hong Kong SAR, China",H,41180,42230.4638284354,42376.8923073864,57080,High
HKG,2016,"Hong Kong SAR, China",H,42970,43694.0805193218,43782.0552285855,58190,High
HKG,2017,"Hong Kong SAR, China",H,46380,46380,46380,61840,High
HKG,2018,"Hong Kong SAR, China",H,50050,48885.0431592266,48942.4467866289,63800,High
HKG,2019,"Hong Kong SAR, China",H,50480,48573.1476989052,48645.6910164778,64310,High
HKG,2020,"Hong Kong SAR, China",H,48550,46401.1270154978,46273.8573865257,61580,High
HKG,2021,"Hong Kong SAR, China",H,54380,49789.8796140358,50071.1915689771,70450,High
HKG,2022,"Hong Kong SAR, China",H,54000,46151.5862422529,47192.5303605326,73140,High
HKG,2023,"Hong Kong SAR, China",H,54910,45299.2805412983,46487.4184101773,77570,High
HND,1987,Honduras,LM,1100,2056.02636077048,2103.69259107866,,Lower-middle
HND,1988,Honduras,LM,1160,2094.29693162371,2137.78796445444,,Lower-middle
HND,1989,Honduras,LM,1060,1841.55129581404,1873.75460239267,,Lower-middle
HND,1990,Honduras,L,950,1590.89449927191,1614.46349716393,500,Low
HND,1991,Honduras,L,880,1425.46418476703,1440.01305797019,630,Low
HND,1992,Honduras,L,800,1267.00337010508,1275.10604506929,680,Low
HND,1993,Honduras,L,810,1253.13748329626,1252.53409615382,790,Low
HND,1994,Honduras,L,880,1332.97172403082,1315.82755095919,1020,Low
HND,1995,Honduras,L,920,1364.94275030712,1326.42836632716,1250,Low
HND,1996,Honduras,L,910,1325.83352582731,1283.42770761027,1530,Low
HND,1997,Honduras,L,970,1389.29307994767,1350.04574142366,1880,Low
HND,1998,Honduras,L,960,1359.68959846943,1327.0724527454,2080,Low
HND,1999,Honduras,LM,1010,1410.54597547485,1387.81013053177,2310,Lower-middle
HND,2000,Honduras,LM,1060,1447.58531213836,1435.02061745207,2510,Lower-middle
HND,2001,Honduras,LM,1050,1402.35157316491,1398.60746042355,2560,Lower-middle
HND,2002,Honduras,LM,1070,1407.19475699034,1411.02120826588,2610,Lower-middle
HND,2003,Honduras,LM,1130,1457.33225533897,1467.6745725433,2700,Lower-middle
HND,2004,Honduras,LM,1210,1519.64101598592,1530.77235401914,2850,Lower-middle
HND,2005,Honduras,LM,1290,1570.85893706456,1591.41397305677,3050,Lower-middle
HND,2006,Honduras,LM,1360,1606.55559805589,1634.50207230115,3270,Lower-middle
HND,2007,Honduras,LM,1490,1713.69560509047,1740.43072443298,3550,Lower-middle
HND,2008,Honduras,LM,1620,1827.99292914458,1845.21327064968,3690,Lower-middle
HND,2009,Honduras,LM,1670,1872.86076725979,1892.78829941413,3580,Lower-middle
HND,2010,Honduras,LM,1730,1916.85446922249,1927.92906842342,3580,Lower-middle
HND,2011,Honduras,LM,1860,2019.23611924018,2020.12878934933,3690,Lower-middle
HND,2012,Honduras,LM,1950,2078.24001940625,2084.24532069439,3740,Lower-middle
HND,2013,Honduras,LM,1990,2090.02213922506,2096.10616664384,3850,Lower-middle
HND,2014,Honduras,LM,1980,2046.05922346217,2053.86818901149,4100,Lower-middle
HND,2015,Honduras,LM,2030,2081.78342816231,2089.00173346271,4520,Lower-middle
HND,2016,Honduras,LM,2090,2125.21825192885,2129.49721730844,4820,Lower-middle
HND,2017,Honduras,LM,2210,2210,2210,5280,Lower-middle
HND,2018,Honduras,LM,2280,2226.93103702371,2229.54602744283,5190,Lower-middle
HND,2019,Honduras,LM,2330,2241.98562080921,2245.33399501572,5330,Lower-middle
HND,2020,Honduras,LM,2120,2026.16661736056,2020.60922058568,5000,Lower-middle
HND,2021,Honduras,LM,2440,2234.0438811741,2246.66619029614,5680,Lower-middle
HND,2022,Honduras,LM,2700,2307.57931211265,2359.62651802663,6260,Lower-middle
HND,2023,Honduras,LM,2880,2375.92292768055,2438.24012058479,6640,Lower-middle
HRV,1992,Croatia,LM,,,,,Lower-middle
HRV,1993,Croatia,LM,,,,,Lower-middle
HRV,1994,Croatia,LM,,,,,Lower-middle
HRV,1995,Croatia,UM,,,,,Upper-middle
HRV,1996,Croatia,UM,,,,,Upper-middle
HRV,1997,Croatia,UM,,,,,Upper-middle
HRV,1998,Croatia,UM,,,,,Upper-middle
HRV,1999,Croatia,UM,5250,7332.04591212173,7213.86453989288,9730,Upper-middle
HRV,2000,Croatia,UM,5310,7251.58302590065,7188.64101761368,10480,Upper-middle
HRV,2001,Croatia,UM,5360,7158.67088777517,7139.55808368594,11410,Upper-middle
HRV,2002,Croatia,UM,5650,7430.51437102378,7450.71946420767,12560,Upper-middle
HRV,2003,Croatia,UM,6700,8640.81956705405,8702.14127083194,13240,Upper-middle
HRV,2004,Croatia,UM,8570,10763.0772785118,10841.9165900364,14430,Upper-middle
HRV,2005,Croatia,UM,10200,12420.7450837663,12583.2732753326,15080,Upper-middle
HRV,2006,Croatia,UM,11240,13277.7095015796,13508.6788916654,17160,Upper-middle
HRV,2007,Croatia,UM,12510,14388.1422950884,14612.6096393668,19110,Upper-middle
HRV,2008,Croatia,H,13990,15786.1858510696,15934.8973187587,20310,High
HRV,2009,Croatia,H,13960,15655.7702460758,15822.3500957014,19590,High
HRV,2010,Croatia,H,13890,15390.2361719655,15479.1530406944,19440,High
HRV,2011,Croatia,H,13970,15165.9831106373,15172.6877350592,20500,High
HRV,2012,Croatia,H,13520,14409.1308012167,14450.7675568144,20900,High
HRV,2013,Croatia,H,13940,14640.6575983907,14683.2763633242,22010,High
HRV,2014,Croatia,H,13810,14270.7464020266,14325.2119647721,22380,High
HRV,2015,Croatia,H,13580,13926.4132780513,13974.7012514402,23710,High
HRV,2016,Croatia,UM,13080,13300.4089642246,13327.1883265045,25330,Upper-middle
HRV,2017,Croatia,H,13350,13350,13350,27800,High
HRV,2018,Croatia,H,14670,14328.5431197973,14345.3685186782,29470,High
HRV,2019,Croatia,H,15800,15203.1642956161,15225.8700091195,32960,High
HRV,2020,Croatia,H,15130,14460.3306229553,14420.6686355949,32110,High
HRV,2021,Croatia,H,17420,15949.6083647757,16039.7233749831,36750,High
HRV,2022,Croatia,H,19370,16554.744916897,16928.1354274725,41960,High
HRV,2023,Croatia,H,20750,17118.1947046429,17567.1814243522,47600,High
HTI,1987,Haiti,L,350,654.190205699699,669.356733525028,,Low
HTI,1988,Haiti,L,390,704.117071839005,718.739057014855,,Low
HTI,1989,Haiti,L,380,660.1787664239,671.723348027563,,Low
HTI,1990,Haiti,L,430,720.089089144127,730.7571618742,2190,Low
HTI,1991,Haiti,L,460,745.129005673676,752.734098484419,2270,Low
HTI,1992,Haiti,L,400,633.501685052541,637.553022534645,2150,Low
HTI,1993,Haiti,L,320,495.066660067659,494.828284900276,2040,Low
HTI,1994,Haiti,L,260,393.832554827288,388.767230965214,1810,Low
HTI,1995,Haiti,L,310,459.926361516528,446.948688653716,1990,Low
HTI,1996,Haiti,L,370,539.075169841875,521.833243753624,2070,Low
HTI,1997,Haiti,L,400,572.904362865018,556.71989337058,2130,Low
HTI,1998,Haiti,L,410,580.700766012985,566.770526693347,2150,Low
HTI,1999,Haiti,L,460,642.426879919237,632.071940638233,2200,Low
HTI,2000,Haiti,L,560,764.762051695738,758.124099786,2230,Low
HTI,2001,Haiti,L,650,868.122402435421,865.804618357436,2230,Low
HTI,2002,Haiti,L,740,973.200112311079,975.846443099766,2240,Low
HTI,2003,Haiti,L,690,889.875447950343,896.190668190155,2320,Low
HTI,2004,Haiti,L,680,854.013132950763,860.268760936376,2320,Low
HTI,2005,Haiti,L,710,864.581275438635,875.894512302565,2420,Low
HTI,2006,Haiti,L,800,945.032704738759,961.471807235968,2510,Low
HTI,2007,Haiti,L,900,1035.11815072579,1051.26688052999,2650,Low
HTI,2008,Haiti,L,1010,1139.67460397286,1150.41074281246,2730,Low
HTI,2009,Haiti,L,1160,1300.90927546189,1314.75115408407,2860,Low
HTI,2010,Haiti,L,1140,1263.12953463216,1270.4272474004,2700,Low
HTI,2011,Haiti,L,1260,1367.86962916271,1368.47434117212,2870,Low
HTI,2012,Haiti,L,1320,1406.80862852115,1410.87375554697,2840,Low
HTI,2013,Haiti,L,1410,1480.86995794339,1485.18075124011,3050,Low
HTI,2014,Haiti,L,1460,1508.71033649231,1514.46846260443,3090,Low
HTI,2015,Haiti,L,1430,1466.47798141483,1471.56279746388,3030,Low
HTI,2016,Haiti,L,1380,1403.25415677598,1406.07950233763,3260,Low
HTI,2017,Haiti,L,1370,1370,1370,3350,Low
HTI,2018,Haiti,L,1430,1396.71551883505,1398.35562247511,3210,Low
HTI,2019,Haiti,L,1410,1356.73807954549,1358.76434891509,3250,Low
HTI,2020,Haiti,LM,1340,1280.69022040715,1277.17752621925,3110,Lower-middle
HTI,2021,Haiti,LM,1450,1327.60804414034,1335.10900652844,3150,Lower-middle
HTI,2022,Haiti,LM,1620,1384.54758726759,1415.77591081598,3280,Lower-middle
HTI,2023,Haiti,LM,1760,1451.95290024923,1490.03562924626,3290,Lower-middle
HUN,1987,Hungary,UM,2520,4710.16948103783,4819.3684813802,,Upper-middle
HUN,1988,Hungary,UM,2840,5127.41662569942,5233.89467159535,,Upper-middle
HUN,1989,Hungary,UM,2910,5055.5795007725,5143.98669147423,,Upper-middle
HUN,1990,Hungary,UM,3020,5057.36988189596,5132.29448572113,8800,Upper-middle
HUN,1991,Hungary,UM,2910,4713.75088371825,4761.86136215144,8050,Upper-middle
HUN,1992,Hungary,UM,3320,5258.06398593609,5291.69008703755,8040,Upper-middle
HUN,1993,Hungary,UM,3670,5677.79575765097,5675.06189245004,8240,Upper-middle
HUN,1994,Hungary,UM,4040,6119.55200577787,6040.84466576718,8640,Upper-middle
HUN,1995,Hungary,UM,4260,6320.27838729164,6141.94004408009,8820,Upper-middle
HUN,1996,Hungary,UM,4380,6381.48444299301,6177.37731794831,8950,Upper-middle
HUN,1997,Hungary,UM,4410,6316.27060058683,6137.83682441065,9250,Upper-middle
HUN,1998,Hungary,UM,4420,6260.23752628633,6110.06275118194,9780,Upper-middle
HUN,1999,Hungary,UM,4500,6284.61078181863,6183.31246276533,10190,Upper-middle
HUN,2000,Hungary,UM,4630,6322.94339169869,6268.06175358782,11190,Upper-middle
HUN,2001,Hungary,UM,4790,6397.39431948564,6380.31403374172,12460,Upper-middle
HUN,2002,Hungary,UM,5300,6970.21702060637,6989.17047084967,13720,Upper-middle
HUN,2003,Hungary,UM,6630,8550.54234769677,8611.22337695758,14610,Upper-middle
HUN,2004,Hungary,UM,8650,10863.5494118001,10943.1246795583,15270,Upper-middle
HUN,2005,Hungary,UM,10380,12639.9347028916,12805.331039015,16030,Upper-middle
HUN,2006,Hungary,UM,11230,13265.8965927703,13496.6604940749,17230,Upper-middle
HUN,2007,Hungary,H,11770,13537.0451489361,13748.2346487089,17650,High
HUN,2008,Hungary,H,13250,14951.1767352875,15092.0221210545,19360,High
HUN,2009,Hungary,H,13400,15027.7450786115,15187.6426420056,19810,High
HUN,2010,Hungary,H,13250,14681.1108191896,14765.9307263643,20690,High
HUN,2011,Hungary,H,13260,14395.1994307123,14401.5633047162,21920,High
HUN,2012,Hungary,UM,13080,13940.1945917096,13980.4763049654,22270,Upper-middle
HUN,2013,Hungary,UM,13560,14241.557893413,14283.0148842666,23910,Upper-middle
HUN,2014,Hungary,H,13630,14084.7410180755,14138.496674862,24670,High
HUN,2015,Hungary,H,13310,13649.5258270149,13696.8537302407,25670,High
HUN,2016,Hungary,H,13230,13452.9365899611,13480.0230550195,27460,High
HUN,2017,Hungary,H,13310,13310,13310,28570,High
HUN,2018,Hungary,H,15180,14826.6724307105,14844.0827616589,31050,High
HUN,2019,Hungary,H,16840,16203.8789074795,16228.0791742767,34780,High
HUN,2020,Hungary,H,16330,15607.217387499,15564.409703851,34810,High
HUN,2021,Hungary,H,18070,16544.7430052524,16638.2205158407,37730,High
HUN,2022,Hungary,H,19200,16409.4528861344,16779.5663504116,43160,High
HUN,2023,Hungary,H,19840,16367.4690573549,16796.7652751396,45160,High
IDN,1987,Indonesia,L,500,934.557436713856,956.223905035755,,Low
IDN,1988,Indonesia,L,510,920.768478558699,939.889536096349,,Low
IDN,1989,Indonesia,L,520,903.40252247481,919.200370985086,,Low
IDN,1990,Indonesia,L,560,937.790441676073,951.683745696633,2890,Low
IDN,1991,Indonesia,L,600,971.907398704795,981.827084979678,3150,Low
IDN,1992,Indonesia,L,650,1029.44023821038,1036.0236616188,3370,Low
IDN,1993,Indonesia,LM,730,1129.37081827935,1128.82702492875,3650,Lower-middle
IDN,1994,Indonesia,LM,840,1272.38210021124,1256.01720773377,3990,Lower-middle
IDN,1995,Indonesia,LM,970,1439.12442151946,1398.51686449711,4320,Lower-middle
IDN,1996,Indonesia,LM,1070,1558.94711278596,1509.08532653075,4680,Lower-middle
IDN,1997,Indonesia,LM,1080,1546.84177973555,1503.14371210057,4890,Lower-middle
IDN,1998,Indonesia,L,640,906.459732312953,884.714968496932,4110,Low
IDN,1999,Indonesia,L,560,782.084897292985,769.478884255241,4050,Low
IDN,2000,Indonesia,L,570,778.41851690459,771.662030139321,4330,Low
IDN,2001,Indonesia,L,700,934.901048776608,932.4049736157,4670,Low
IDN,2002,Indonesia,L,780,1025.80552378735,1028.59489948354,4920,Low
IDN,2003,Indonesia,LM,880,1134.91361477725,1142.96780870628,5150,Lower-middle
IDN,2004,Indonesia,LM,1060,1331.25576607031,1341.00718616553,5440,Lower-middle
IDN,2005,Indonesia,LM,1200,1461.26412750192,1480.3850912156,5840,Lower-middle
IDN,2006,Indonesia,LM,1350,1594.74268924666,1622.4836747107,6300,Lower-middle
IDN,2007,Indonesia,LM,1570,1805.7061073772,1833.87666936898,6800,Lower-middle
IDN,2008,Indonesia,LM,1900,2143.94232430537,2164.13902113234,7300,Lower-middle
IDN,2009,Indonesia,LM,2110,2366.30911312464,2391.48701303223,7590,Lower-middle
IDN,2010,Indonesia,LM,2490,2758.94082564392,2774.88056669036,8130,Lower-middle
IDN,2011,Indonesia,LM,2960,3213.40801771556,3214.82861100753,8690,Lower-middle
IDN,2012,Indonesia,LM,3520,3751.48967605641,3762.33001479192,9260,Lower-middle
IDN,2013,Indonesia,LM,3670,3854.46294017889,3865.68323195121,9570,Lower-middle
IDN,2014,Indonesia,LM,3570,3689.10678169695,3703.18658321769,9730,Lower-middle
IDN,2015,Indonesia,LM,3390,3476.47577412326,3488.52998839339,9690,Lower-middle
IDN,2016,Indonesia,LM,3370,3426.78732488049,3433.6869006361,9930,Lower-middle
IDN,2017,Indonesia,LM,3490,3490,3490,10350,Lower-middle
IDN,2018,Indonesia,LM,3810,3721.3189697633,3725.68875638474,11030,Lower-middle
IDN,2019,Indonesia,UM,4020,3868.14686508714,3873.92388839621,11620,Upper-middle
IDN,2020,Indonesia,LM,3850,3679.59503624441,3669.50259398814,11410,Lower-middle
IDN,2021,Indonesia,LM,4130,3781.39394641353,3802.75875652585,12410,Lower-middle
IDN,2022,Indonesia,UM,4520,3863.05870027747,3950.18957832606,13900,Upper-middle
IDN,2023,Indonesia,UM,4810,3968.12127852203,4072.19964583778,15010,Upper-middle
IMN,1987,Isle of Man,H,7930,14822.0809462818,15165.7111338671,,High
IMN,1988,Isle of Man,H,10360,18704.2381134669,19092.658027369,,High
IMN,1989,Isle of Man,H,11430,19857.4823690136,20204.7312314606,,High
IMN,1990,Isle of Man,UM,12410,20782.1060378573,21089.9915787415,,Upper-middle
IMN,1991,Isle of Man,UM,13120,21252.3751183448,21469.2855915556,,Upper-middle
IMN,1992,Isle of Man,UM,14420,22837.7357461441,22983.7864623739,,Upper-middle
IMN,1993,Isle of Man,UM,13920,21535.3997129432,21525.030393162,,Upper-middle
IMN,1994,Isle of Man,UM,13740,20812.5357820267,20544.8528979309,,Upper-middle
IMN,1995,Isle of Man,UM,14170,21023.0856215781,20429.880381365,,Upper-middle
IMN,1996,Isle of Man,UM,15490,22568.3091374342,21846.4782317396,,Upper-middle
IMN,1997,Isle of Man,UM,17210,24649.2102122674,23952.8734122692,,Upper-middle
IMN,1998,Isle of Man,UM,18970,26868.0330030886,26223.5046131044,,Upper-middle
IMN,1999,Isle of Man,UM,21680,30277.8581666284,29789.8253761672,,Upper-middle
IMN,2000,Isle of Man,UM,22470,30686.0773242915,30419.7295039133,,Upper-middle
IMN,2001,Isle of Man,UM,23100,30851.7346096281,30769.3641293181,,Upper-middle
IMN,2002,Isle of Man,H,24130,31734.2144730626,31820.5063135099,,High
IMN,2003,Isle of Man,H,27590,35582.1211723912,35834.6384570527,,High
IMN,2004,Isle of Man,H,33670,42286.2090977238,42595.9546775409,,High
IMN,2005,Isle of Man,H,39430,48014.7037895006,48642.9867888593,,High
IMN,2006,Isle of Man,H,44860,52992.7089182259,53914.5315907569,,High
IMN,2007,Isle of Man,H,47950,55148.7948081127,56009.1632460144,,High
IMN,2008,Isle of Man,H,43640,49242.9700172034,49706.8562537976,,High
IMN,2009,Isle of Man,H,46790,52473.745688674,53032.0745686151,,High
IMN,2010,Isle of Man,H,72410,80230.8856164163,80694.4184072485,,High
IMN,2011,Isle of Man,H,74840,81247.1135289976,81283.0315026363,,High
IMN,2012,Isle of Man,H,82400,87818.9628713206,88072.7253462653,,High
IMN,2013,Isle of Man,H,87680,92087.0056116853,92355.0696941367,,High
IMN,2014,Isle of Man,H,88570,91524.9825363862,91874.2957074485,,High
IMN,2015,Isle of Man,H,83630,85763.3241858196,86060.6970293036,,High
IMN,2016,Isle of Man,H,78690,80015.9924613785,80177.098578948,,High
IMN,2017,Isle of Man,H,77890,77890,77890,,High
IMN,2018,Isle of Man,H,83430,81488.0949205649,81583.7829252437,,High
IMN,2019,Isle of Man,H,84470,81279.1954462464,81400.5847892607,,High
IMN,2020,Isle of Man,H,79280,75770.9855775213,75563.1599094492,,High
IMN,2021,Isle of Man,H,76440,69987.8337200607,70383.2637648512,,High
IMN,2022,Isle of Man,H,78440,67039.4523118948,68551.5200274107,,High
IMN,2023,Isle of Man,H,,,,,High
IND,1987,India,L,360,672.881354433976,688.481211625743,,Low
IND,1988,India,L,400,722.171355732313,737.168263604979,,Low
IND,1989,India,L,390,677.551891856108,689.400278238814,,Low
IND,1990,India,L,390,653.104057595836,662.779751467298,1200,Low
IND,1991,India,L,350,566.945982577797,572.732466238145,1220,Low
IND,1992,India,L,350,554.313974420973,557.858894717814,1290,Low
IND,1993,India,L,330,510.537493194774,510.291668803409,1360,Low
IND,1994,India,L,340,515.011802466454,508.38791741605,1450,Low
IND,1995,India,L,370,548.94436697134,533.454886457661,1560,Low
IND,1996,India,L,400,582.783967396622,564.144047301216,1680,Low
IND,1997,India,L,410,587.226971936644,570.637890704845,1740,Low
IND,1998,India,L,410,580.700766012985,566.770526693347,1840,Low
IND,1999,India,L,440,614.495276444488,604.590551914832,1990,Low
IND,2000,India,L,440,600.884469189508,595.668935546143,2070,Low
IND,2001,India,L,450,601.007817070676,599.403197324379,2180,Low
IND,2002,India,L,460,604.962231977157,606.607248413368,2260,Low
IND,2003,India,L,510,657.734026745905,662.401798227506,2440,Low
IND,2004,India,L,610,766.100016323478,771.71168260469,2660,Low
IND,2005,India,L,700,852.404074376119,863.557969875768,2920,Low
IND,2006,India,L,780,921.40688712029,937.435012055069,3200,Low
IND,2007,India,LM,910,1046.61946351163,1062.94762364699,3490,Lower-middle
IND,2008,India,LM,990,1117.1067900328,1127.63033206369,3610,Lower-middle
IND,2009,India,LM,1110,1244.83559979543,1258.08084571837,3860,Lower-middle
IND,2010,India,LM,1210,1340.69012009203,1348.43593803025,4160,Lower-middle
IND,2011,India,LM,1350,1465.57460267433,1466.2225083987,4420,Lower-middle
IND,2012,India,LM,1460,1556.0156042734,1560.51188113528,4760,Lower-middle
IND,2013,India,LM,1500,1575.3935722802,1579.97952259586,4950,Lower-middle
IND,2014,India,LM,1540,1591.37939602613,1597.45303589783,5130,Lower-middle
IND,2015,India,LM,1580,1620.3043431017,1625.92253146359,5360,Lower-middle
IND,2016,India,LM,1670,1698.14089986659,1701.55997746655,5730,Lower-middle
IND,2017,India,LM,1790,1790,1790,6080,Lower-middle
IND,2018,India,LM,1970,1924.14655391961,1926.40599739578,6640,Lower-middle
IND,2019,India,LM,2070,1991.80696784338,1994.78170372641,7080,Lower-middle
IND,2020,India,LM,1900,1815.90404386088,1810.92335807207,6870,Lower-middle
IND,2021,India,LM,2170,1986.83410743762,1998.05968563222,7960,Lower-middle
IND,2022,India,LM,2390,2042.63502072194,2088.70643632728,9080,Lower-middle
IND,2023,India,LM,2580,2128.43095604716,2184.25677469054,10180,Lower-middle
IRL,1987,Ireland,H,8220,15364.1242595758,15720.3209987878,,High
IRL,1988,Ireland,H,10420,18812.5638168267,19203.2332669097,,High
IRL,1989,Ireland,H,11100,19284.1692297508,19621.3925344893,,High
IRL,1990,Ireland,H,12560,21033.2999061633,21344.9068677673,12780,High
IRL,1991,Ireland,H,13130,21268.5735749899,21485.6493763053,13440,High
IRL,1992,Ireland,H,14440,22869.4108303967,23015.6641135007,13930,High
IRL,1993,Ireland,H,14600,22587.416365587,22576.5404985751,14640,High
IRL,1994,Ireland,H,15480,23448.1844181786,23146.6028282366,15820,High
IRL,1995,Ireland,H,16920,25103.0775382569,24394.7477807125,17320,High
IRL,1996,Ireland,H,18880,27507.4032611205,26627.5990326174,18830,High
IRL,1997,Ireland,H,20650,29576.1877329066,28740.6644952562,20450,High
IRL,1998,Ireland,H,21430,30352.2375991665,29624.1277732645,22480,High
IRL,1999,Ireland,H,22690,31688.4041421033,31177.635506699,23590,High
IRL,2000,Ireland,H,24130,32953.050548961,32667.0259425646,26340,High
IRL,2001,Ireland,H,24080,32160.5960779153,32074.7310923801,27830,High
IRL,2002,Ireland,H,24920,32773.171349719,32862.2883270894,29530,High
IRL,2003,Ireland,H,29980,38664.4433761613,38938.8351193346,31280,High
IRL,2004,Ireland,H,37840,47523.3190453777,47871.4263438713,33430,High
IRL,2005,Ireland,H,44640,54359.0255430714,55070.3253932204,35050,High
IRL,2006,Ireland,H,47950,56642.8977402794,57628.2164462059,38780,High
IRL,2007,Ireland,H,50540,58127.6348196458,59034.4757133174,40450,High
IRL,2008,Ireland,H,50940,57480.222105324,58021.7061770955,38230,High
IRL,2009,Ireland,H,46810,52496.1751589406,53054.7426919614,34660,High
IRL,2010,Ireland,H,44970,49827.1361161475,50115.0116803475,36330,High
IRL,2011,Ireland,H,42670,46323.0135526767,46343.4921728687,37140,High
IRL,2012,Ireland,H,41070,43770.9321010332,43897.4129850864,37860,High
IRL,2013,Ireland,H,44170,46390.0893917443,46525.1303420395,41160,High
IRL,2014,Ireland,H,47580,49167.4231577425,49355.0749662459,44450,High
IRL,2015,Ireland,H,52340,53675.1451379385,53861.2565169646,55630,High
IRL,2016,Ireland,H,52880,53771.0723263146,53879.3362924739,59480,High
IRL,2017,Ireland,H,54410,54410,54410,63120,High
IRL,2018,Ireland,H,59110,57734.1638589787,57801.9586325201,65460,High
IRL,2019,Ireland,H,62460,60100.6102471002,60190.3696689621,69420,High
IRL,2020,Ireland,H,64420,61568.7044765884,61399.8330142119,71520,High
IRL,2021,Ireland,H,74070,67817.8812617071,68201.0511128013,83550,High
IRL,2022,Ireland,H,75970,64928.444570814,66392.89873129,94800,High
IRL,2023,Ireland,H,79280,65403.8783703174,67119.3322083201,98760,High
IRN,1987,"Iran, Islamic Rep.",UM,3320,6205.46137978,6349.32672943741,,Upper-middle
IRN,1988,"Iran, Islamic Rep.",UM,2850,5145.47090959273,5252.32387818548,,Upper-middle
IRN,1989,"Iran, Islamic Rep.",UM,2440,4239.04260545873,4313.1709715454,,Upper-middle
IRN,1990,"Iran, Islamic Rep.",LM,2450,4102.83318233282,4163.61638742277,7560,Lower-middle
IRN,1991,"Iran, Islamic Rep.",LM,2460,3984.82033468966,4025.49104841668,8590,Lower-middle
IRN,1992,"Iran, Islamic Rep.",LM,2270,3595.12206267317,3618.11340288411,8890,Lower-middle
IRN,1993,"Iran, Islamic Rep.",LM,1590,2459.86246721118,2458.67804059824,8930,Lower-middle
IRN,1994,"Iran, Islamic Rep.",LM,1300,1969.16277413644,1943.83615482607,8920,Lower-middle
IRN,1995,"Iran, Islamic Rep.",LM,1270,1884.21444879352,1831.04785351684,9210,Lower-middle
IRN,1996,"Iran, Islamic Rep.",LM,1600,2331.13586958649,2256.57618920486,9880,Lower-middle
IRN,1997,"Iran, Islamic Rep.",LM,1790,2563.74702382096,2491.32152283335,10080,Lower-middle
IRN,1998,"Iran, Islamic Rep.",LM,1770,2506.92769717801,2446.78983474933,10280,Lower-middle
IRN,1999,"Iran, Islamic Rep.",LM,1730,2416.08370056583,2377.14012457423,10510,Lower-middle
IRN,2000,"Iran, Islamic Rep.",LM,1750,2389.88141154918,2369.13781183125,11200,Lower-middle
IRN,2001,"Iran, Islamic Rep.",LM,1780,2377.31980974623,2370.97264719421,11560,Lower-middle
IRN,2002,"Iran, Islamic Rep.",LM,1880,2472.4543393849,2479.17745003724,12590,Lower-middle
IRN,2003,"Iran, Islamic Rep.",LM,2180,2811.49054569818,2831.44298065875,13780,Lower-middle
IRN,2004,"Iran, Islamic Rep.",LM,2450,3076.95908195495,3099.497741609,14400,Lower-middle
IRN,2005,"Iran, Islamic Rep.",LM,2850,3470.50230281706,3515.91459163706,14990,Lower-middle
IRN,2006,"Iran, Islamic Rep.",LM,3330,3933.69863347508,4002.12639761972,15910,Lower-middle
IRN,2007,"Iran, Islamic Rep.",LM,4070,4681.03430383772,4754.06244861895,17430,Lower-middle
IRN,2008,"Iran, Islamic Rep.",LM,4720,5326.00408985335,5376.17693670771,17600,Lower-middle
IRN,2009,"Iran, Islamic Rep.",UM,5260,5898.95068011167,5961.71644007085,17610,Upper-middle
IRN,2010,"Iran, Islamic Rep.",UM,5910,6548.3294295404,6586.16230889157,18630,Upper-middle
IRN,2011,"Iran, Islamic Rep.",UM,6680,7251.88025619593,7255.08618970618,19290,Upper-middle
IRN,2012,"Iran, Islamic Rep.",UM,7310,7790.73566249215,7813.24784321844,17130,Upper-middle
IRN,2013,"Iran, Islamic Rep.",UM,7220,7582.89439457536,7604.96810209474,16310,Upper-middle
IRN,2014,"Iran, Islamic Rep.",UM,6660,6882.19920619095,6908.46572667503,16140,Upper-middle
IRN,2015,"Iran, Islamic Rep.",UM,5460,5599.27956540207,5618.69431758935,14280,Upper-middle
IRN,2016,"Iran, Islamic Rep.",UM,5530,5623.18513548637,5634.50699125152,15210,Upper-middle
IRN,2017,"Iran, Islamic Rep.",UM,5640,5640,5640,15750,Upper-middle
IRN,2018,"Iran, Islamic Rep.",UM,5390,5264.54310945517,5270.72503856003,15400,Upper-middle
IRN,2019,"Iran, Islamic Rep.",UM,4710,4532.08252103493,4538.85112297168,13940,Upper-middle
IRN,2020,"Iran, Islamic Rep.",LM,3980,3803.84110240332,3793.40787638254,15120,Lower-middle
IRN,2021,"Iran, Islamic Rep.",LM,4110,3763.08211132194,3784.34345988407,15880,Lower-middle
IRN,2022,"Iran, Islamic Rep.",LM,4390,3751.95302969427,3836.57793116182,17510,Lower-middle
IRN,2023,"Iran, Islamic Rep.",UM,5070,4182.6143206043,4292.3185456128,18880,Upper-middle
IRQ,1987,Iraq,UM,3480,6504.51975952844,6655.31837904885,,Upper-middle
IRQ,1988,Iraq,UM,3660,6607.86790495066,6745.08961198556,,Upper-middle
IRQ,1989,Iraq,UM,3650,6341.19078275588,6452.07952710685,,Upper-middle
IRQ,1990,Iraq,UM,7000,11722.3805209509,11896.0468212079,,Upper-middle
IRQ,1991,Iraq,LM,70,113.389196515559,114.546493247629,2650,Lower-middle
IRQ,1992,Iraq,LM,50,79.1877106315676,79.6941278168306,3510,Lower-middle
IRQ,1993,Iraq,LM,40,61.8833325084574,61.8535356125345,4510,Lower-middle
IRQ,1994,Iraq,LM,60,90.8844357293742,89.7155148381264,4560,Lower-middle
IRQ,1995,Iraq,LM,120,178.036010909624,173.01239560789,4600,Lower-middle
IRQ,1996,Iraq,LM,380,553.644769026791,535.936844936155,5030,Lower-middle
IRQ,1997,Iraq,LM,730,1045.55046222866,1016.01380540131,5940,Lower-middle
IRQ,1998,Iraq,LM,890,1260.5455652477,1230.30675306605,7860,Lower-middle
IRQ,1999,Iraq,LM,1240,1731.75941543447,1703.84610085089,9030,Lower-middle
IRQ,2000,Iraq,LM,1530,2089.43917695443,2071.30334405818,10560,Lower-middle
IRQ,2001,Iraq,LM,1660,2217.05105852738,2211.13179457438,10640,Lower-middle
IRQ,2002,Iraq,LM,1330,1749.12993158613,1753.88617476039,9340,Lower-middle
IRQ,2003,Iraq,LM,790,1018.84290417503,1026.07337372496,5970,Lower-middle
IRQ,2004,Iraq,LM,1310,1645.23118259632,1657.28246592155,9300,Lower-middle
IRQ,2005,Iraq,LM,1510,1838.75736043991,1862.8179064463,9550,Lower-middle
IRQ,2006,Iraq,LM,1880,2220.82685613608,2259.45874700453,10360,Lower-middle
IRQ,2007,Iraq,LM,2480,2852.32557088883,2896.82429301597,10960,Lower-middle
IRQ,2008,Iraq,LM,3470,3915.51571859981,3952.40126491012,11970,Lower-middle
IRQ,2009,Iraq,LM,4010,4497.10878845015,4544.95873092854,12010,Lower-middle
IRQ,2010,Iraq,LM,4390,4864.15671669752,4892.2593123577,12330,Lower-middle
IRQ,2011,Iraq,LM,4740,5145.79527161208,5148.07014059989,12900,Lower-middle
IRQ,2012,Iraq,UM,5980,6373.26939284584,6391.68565012945,14470,Upper-middle
IRQ,2013,Iraq,UM,6620,6952.73696566328,6972.9762930564,14600,Upper-middle
IRQ,2014,Iraq,UM,6440,6654.85929247293,6680.25815011819,13090,Upper-middle
IRQ,2015,Iraq,UM,5460,5599.27956540207,5618.69431758935,9250,Upper-middle
IRQ,2016,Iraq,UM,5060,5145.26524151195,5155.62484190465,8990,Upper-middle
IRQ,2017,Iraq,UM,4430,4430,4430,10110,Upper-middle
IRQ,2018,Iraq,UM,4820,4707.81035019924,4713.33853169932,11940,Upper-middle
IRQ,2019,Iraq,UM,5520,5311.48524758234,5319.41787660376,12190,Upper-middle
IRQ,2020,Iraq,UM,4720,4511.08794053861,4498.71486847377,10470,Upper-middle
IRQ,2021,Iraq,UM,4740,4339.90491670706,4364.42530409988,12610,Upper-middle
IRQ,2022,Iraq,UM,5510,4709.17111471877,4815.38596826916,14340,Upper-middle
IRQ,2023,Iraq,UM,5920,4883.84157356558,5011.93802564651,14710,Upper-middle
ISL,1987,Iceland,H,19480,36410.3577343718,37254.483340193,,High
ISL,1988,Iceland,H,23940,43221.9556405789,44119.520576758,,High
ISL,1989,Iceland,H,24680,42876.8735666891,43626.6637613691,,High
ISL,1990,Iceland,H,25300,42368.032454294,42995.7120823657,21170,High
ISL,1991,Iceland,H,25760,41727.2243177258,42153.1095151275,21740,High
ISL,1992,Iceland,H,27030,42808.8763674254,43082.6454977786,21300,High
ISL,1993,Iceland,H,26610,41167.8869512513,41148.0645662386,21830,High
ISL,1994,Iceland,H,26170,39640.7613839621,39130.9170552295,22750,High
ISL,1995,Iceland,H,25080,37209.5262801114,36159.590682049,23190,High
ISL,1996,Iceland,H,26780,39017.3866172038,37769.4439668164,24080,High
ISL,1997,Iceland,H,28120,40275.1767094108,39137.4085039518,26140,High
ISL,1998,Iceland,H,29080,41187.2640869698,40199.2363810794,27960,High
ISL,1999,Iceland,H,30280,42288.4476607707,41606.8225272298,28850,High
ISL,2000,Iceland,H,31750,43359.2770381065,42982.9288717955,28850,High
ISL,2001,Iceland,H,30780,41108.9346876343,40999.1786969875,30870,High
ISL,2002,Iceland,H,30750,40440.410072386,40550.375845024,32470,High
ISL,2003,Iceland,H,33410,43088.027124668,43393.8119191784,32140,High
ISL,2004,Iceland,H,41660,52320.8634098953,52704.1126185433,34050,High
ISL,2005,Iceland,H,51090,62213.3202283942,63027.3952585043,35840,High
ISL,2006,Iceland,H,54890,64841.0564538881,65968.9843739779,37310,High
ISL,2007,Iceland,H,63100,72573.2836786634,73705.4890682692,39560,High
ISL,2008,Iceland,H,52420,59150.2403368882,59707.4565725039,35660,High
ISL,2009,Iceland,H,43550,48840.1715054873,49359.8385865182,35010,High
ISL,2010,Iceland,H,37950,42048.9174028863,42291.8544200398,33700,High
ISL,2011,Iceland,H,39250,42610.2245592351,42629.0618182586,36170,High
ISL,2012,Iceland,H,42440,45231.0289351802,45361.7289283435,38330,High
ISL,2013,Iceland,H,49060,51525.8724373777,51675.863585702,44090,High
ISL,2014,Iceland,H,50120,51792.1657979415,51989.8351683112,45410,High
ISL,2015,Iceland,H,52540,53880.246953521,54067.0694956309,49110,High
ISL,2016,Iceland,H,58410,59394.2574618009,59513.8432837254,54530,High
ISL,2017,Iceland,H,62070,62070,62070,55910,High
ISL,2018,Iceland,H,72210,70529.2500804746,70612.0695796698,58160,High
ISL,2019,Iceland,H,74870,72041.8297982771,72149.4232647325,62220,High
ISL,2020,Iceland,H,65670,62763.3781896547,62591.2299603119,57640,High
ISL,2021,Iceland,H,66970,61317.1798041923,61663.6208049724,61710,High
ISL,2022,Iceland,H,73690,62979.8220405855,64400.3252271786,74740,High
ISL,2023,Iceland,H,82630,68167.5387202236,69955.4795708059,83100,High
ISR,1987,Israel,H,9010,16840.7250095837,17231.1547687443,,High
ISR,1988,Israel,H,11060,19968.0379859984,20382.7024886777,,High
ISR,1989,Israel,H,11610,20170.1986267934,20522.9159752632,,High
ISR,1990,Israel,H,12880,21569.1801585497,21888.7261510226,15330,High
ISR,1991,Israel,H,13680,22159.4886904693,22385.6575375366,16230,High
ISR,1992,Israel,H,15290,24215.6019111334,24370.4642863868,17230,High
ISR,1993,Israel,H,15690,24273.7371764424,24262.0493440166,17880,High
ISR,1994,Israel,H,16640,25205.2835089465,24881.1027817737,19090,High
ISR,1995,Israel,H,18080,26824.0923103833,26067.2009382554,20320,High
ISR,1996,Israel,H,19590,28541.8448032496,27628.954716577,21350,High
ISR,1997,Israel,H,20090,28774.1216248955,27961.2566445374,21890,High
ISR,1998,Israel,H,19860,28128.5785683363,27453.8113661704,22540,High
ISR,1999,Israel,H,19530,27275.2107930928,26835.5760884015,22840,High
ISR,2000,Israel,H,20380,27831.8760956413,27590.3020600691,24640,High
ISR,2001,Israel,H,20390,27232.3319779358,27159.6248743202,25270,High
ISR,2002,Israel,H,19590,25763.5002705054,25833.5565139519,25710,High
ISR,2003,Israel,H,19680,25380.7953850185,25560.9164492496,24260,High
ISR,2004,Israel,H,20990,26361.3759715243,26554.4724883155,25710,High
ISR,2005,Israel,H,22530,27435.2339938485,27794.2300875729,25810,High
ISR,2006,Israel,H,23380,27618.5807959902,28099.0135664712,26610,High
ISR,2007,Israel,H,25120,28891.2977180353,29342.0267099037,28610,High
ISR,2008,Israel,H,27350,30861.4855630273,31152.2116989313,27910,High
ISR,2009,Israel,H,28490,31950.7803947493,32290.7417067716,27790,High
ISR,2010,Israel,H,30820,34148.8177696168,34346.1120744565,29270,High
ISR,2011,Israel,H,32870,35684.0275480779,35699.802852641,31270,High
ISR,2012,Israel,H,33560,35767.0436160378,35870.3963910275,32050,High
ISR,2013,Israel,H,35530,37315.8224154103,37424.4482918873,34520,High
ISR,2014,Israel,H,37080,38317.109093928,38463.349721488,34960,High
ISR,2015,Israel,H,36980,37923.325701203,38054.8197553945,35920,High
ISR,2016,Israel,H,37310,37938.7047748638,38015.091472621,38220,High
ISR,2017,Israel,H,38700,38700,38700,39650,High
ISR,2018,Israel,H,42060,41081.0172882532,41129.2569799323,40540,High
ISR,2019,Israel,H,44280,42607.3490512583,42670.9825318867,41480,High
ISR,2020,Israel,H,43370,41450.3991485507,41336.7084418871,40910,High
ISR,2021,Israel,H,49680,45486.5983675119,45743.5968581608,45800,High
ISR,2022,Israel,H,55450,47390.8417987579,48459.7371942876,53570,High
ISR,2023,Israel,H,54280,44779.5474008682,45954.0533837994,54860,High
ITA,1987,Italy,H,12190,22784.5103070838,23312.7388047717,,High
ITA,1988,Italy,H,15990,28868.7999453992,29468.3013376091,,High
ITA,1989,Italy,H,17340,30124.9994994485,30651.7969863104,,High
ITA,1990,Italy,H,18710,31332.2485067131,31796.4337178286,18450,High
ITA,1991,Italy,H,20410,33061.0500126081,33398.4846740587,19320,High
ITA,1992,Italy,H,23010,36442.1844326474,36675.2376213054,19870,High
ITA,1993,Italy,H,21640,33478.8828870755,33462.7627663811,20200,High
ITA,1994,Italy,H,20910,31673.2258516869,31265.856921087,21040,High
ITA,1995,Italy,H,20720,30740.884550395,29873.473641629,22170,High
ITA,1996,Italy,H,21880,31878.2830165952,30858.6793873765,22880,High
ITA,1997,Italy,H,22370,32039.6764932261,31134.5600367497,23830,High
ITA,1998,Italy,H,22270,31541.9659978273,30785.3161694167,24940,High
ITA,1999,Italy,H,22050,30794.5928309113,30298.2310675501,25600,High
ITA,2000,Italy,H,21980,30016.9105290577,29756.3709166005,27050,High
ITA,2001,Italy,H,21260,28394.2804242724,28318.471055814,28050,High
ITA,2002,Italy,H,20830,27394.26802627,27468.7586618488,28700,High
ITA,2003,Italy,H,23440,30229.9717390667,30444.5061773583,29110,High
ITA,2004,Italy,H,28390,35655.0483006943,35916.2207690937,29530,High
ITA,2005,Italy,H,32480,39551.5490510519,40069.0898022356,30180,High
ITA,2006,Italy,H,34260,40471.0255804374,41175.0301448804,32580,High
ITA,2007,Italy,H,35880,41266.7102756013,41910.5063037956,34130,High
ITA,2008,Italy,H,37870,42732.1556954971,43134.7077527799,35100,High
ITA,2009,Italy,H,37830,42425.3430092442,42876.755309483,34480,High
ITA,2010,Italy,H,37720,41794.0754792325,42035.5401508274,34900,High
ITA,2011,Italy,H,37710,40938.3839013696,40956.4820679371,36300,High
ITA,2012,Italy,H,35970,38335.5351272015,38446.3098386549,36240,High
ITA,2013,Italy,H,35700,37494.3670202687,37603.5126377815,36400,High
ITA,2014,Italy,H,35370,36550.0579463925,36689.5544673417,36670,High
ITA,2015,Italy,H,33460,34313.5337469511,34432.5113308681,37130,High
ITA,2016,Italy,H,32400,32945.9671590883,33012.3013592313,40590,High
ITA,2017,Italy,H,31790,31790,31790,42370,High
ITA,2018,Italy,H,34120,33325.827624232,33364.9607264691,43850,High
ITA,2019,Italy,H,35030,33706.7623592046,33757.1029379401,47030,High
ITA,2020,Italy,H,32600,31157.0904367709,31071.6323542892,45000,High
ITA,2021,Italy,H,36760,33657.1528983442,33847.3152275763,50380,High
ITA,2022,Italy,H,39060,33382.9807152296,34135.9302941186,57790,High
ITA,2023,Italy,H,38770,31984.2124674219,32823.1144010667,59720,High
JAM,1987,Jamaica,LM,1190,2224.24669937898,2275.8128939851,,Lower-middle
JAM,1988,Jamaica,LM,1510,2726.19686788948,2782.8101951088,,Lower-middle
JAM,1989,Jamaica,LM,1720,2988.17757433976,3040.43199633528,,Lower-middle
JAM,1990,Jamaica,LM,1800,3014.32641967309,3058.98346831061,4630,Lower-middle
JAM,1991,Jamaica,LM,1760,2850.92836953406,2880.02611594039,4940,Lower-middle
JAM,1992,Jamaica,LM,1630,2581.5193665891,2598.02856682868,5230,Lower-middle
JAM,1993,Jamaica,LM,1860,2877.57496164327,2876.18940598285,6070,Lower-middle
JAM,1994,Jamaica,LM,1900,2878.00713143018,2840.99130320734,6050,Lower-middle
JAM,1995,Jamaica,LM,2330,3456.86587849519,3359.32401471986,6310,Lower-middle
JAM,1996,Jamaica,LM,2560,3729.81739133838,3610.52190272778,6520,Lower-middle
JAM,1997,Jamaica,LM,2800,4010.33054005513,3897.03925359406,6470,Lower-middle
JAM,1998,Jamaica,LM,2940,4164.04939531263,4064.15938653278,6330,Lower-middle
JAM,1999,Jamaica,LM,3170,4427.15915074779,4355.80011265913,6420,Lower-middle
JAM,2000,Jamaica,LM,3300,4506.63351892131,4467.51701659607,6570,Lower-middle
JAM,2001,Jamaica,LM,3300,4407.39065851829,4395.62344704544,6700,Lower-middle
JAM,2002,Jamaica,LM,3320,4366.24915253079,4378.121879853,6800,Lower-middle
JAM,2003,Jamaica,LM,3500,4513.86096786406,4545.89469371818,7160,Lower-middle
JAM,2004,Jamaica,LM,3730,4684.51321456815,4718.82717395983,7430,Lower-middle
JAM,2005,Jamaica,LM,3870,4712.57681119369,4774.24191917032,7660,Lower-middle
JAM,2006,Jamaica,LM,4170,4925.98297345078,5011.67179521749,8160,Lower-middle
JAM,2007,Jamaica,UM,4400,5060.57762577051,5139.52697147995,8460,Upper-middle
JAM,2008,Jamaica,UM,4660,5258.30064803318,5307.83570446143,8600,Upper-middle
JAM,2009,Jamaica,UM,4420,4956.91292891513,5009.65525952722,8130,Upper-middle
JAM,2010,Jamaica,UM,4490,4974.95755306877,5003.70029897177,8220,Upper-middle
JAM,2011,Jamaica,UM,4700,5102.37083894025,5104.62651072141,8510,Upper-middle
JAM,2012,Jamaica,UM,5100,5435.39697383173,5451.10314643147,8720,Upper-middle
JAM,2013,Jamaica,UM,5150,5408.85126482869,5424.59636091246,8900,Upper-middle
JAM,2014,Jamaica,UM,5060,5228.81801551444,5248.77426080715,9020,Upper-middle
JAM,2015,Jamaica,UM,4940,5066.01484488759,5083.58057305703,9200,Upper-middle
JAM,2016,Jamaica,UM,4990,5074.0856828349,5084.30196859767,9550,Upper-middle
JAM,2017,Jamaica,UM,5300,5300,5300,10190,Upper-middle
JAM,2018,Jamaica,UM,5610,5479.42242004518,5485.85667278697,10370,Upper-middle
JAM,2019,Jamaica,UM,5930,5705.99773879769,5714.51956671382,10560,Upper-middle
JAM,2020,Jamaica,UM,5360,5122.76088162859,5108.71010487699,9470,Upper-middle
JAM,2021,Jamaica,UM,5690,5209.71708355763,5239.15189458403,10160,Upper-middle
JAM,2022,Jamaica,UM,6340,5418.53808844229,5540.75263862549,11660,Upper-middle
JAM,2023,Jamaica,UM,6860,5659.31641801687,5807.75250944848,12480,Upper-middle
JOR,1987,Jordan,LM,2160,4037.28812660386,4130.88726975446,,Lower-middle
JOR,1988,Jordan,LM,2200,3971.94245652772,4054.42544982739,,Lower-middle
JOR,1989,Jordan,LM,1580,2744.95381828885,2792.95497337776,,Lower-middle
JOR,1990,Jordan,LM,1260,2110.02849377116,2141.28842781742,4090,Lower-middle
JOR,1991,Jordan,LM,1040,1684.63949108831,1701.83361396477,3850,Lower-middle
JOR,1992,Jordan,LM,1200,1900.50505515762,1912.65906760393,4350,Lower-middle
JOR,1993,Jordan,LM,1230,1902.91247463507,1901.99622008543,4460,Lower-middle
JOR,1994,Jordan,LM,1290,1954.01536818155,1928.88356901972,4590,Lower-middle
JOR,1995,Jordan,LM,1370,2032.5777912182,1975.22484985674,4820,Lower-middle
JOR,1996,Jordan,LM,1380,2010.60468751834,1946.29696318919,4840,Lower-middle
JOR,1997,Jordan,LM,1390,1990.84266095594,1934.60162946277,5020,Lower-middle
JOR,1998,Jordan,LM,1410,1997.04409775197,1949.1376649698,5170,Lower-middle
JOR,1999,Jordan,LM,1460,2039.00705365671,2006.14137680831,5300,Lower-middle
JOR,2000,Jordan,LM,1590,2171.37796820754,2152.53092617811,5710,Lower-middle
JOR,2001,Jordan,LM,1650,2203.69532925915,2197.81172352272,6060,Lower-middle
JOR,2002,Jordan,LM,1680,2209.42728200353,2215.43516811839,6300,Lower-middle
JOR,2003,Jordan,LM,1800,2321.41421204437,2337.88869962649,6580,Lower-middle
JOR,2004,Jordan,LM,2050,2574.59841551333,2593.45729399937,7240,Lower-middle
JOR,2005,Jordan,LM,2240,2727.69303800358,2763.38550360246,7900,Lower-middle
JOR,2006,Jordan,LM,2340,2764.22066136087,2812.30503616521,8290,Lower-middle
JOR,2007,Jordan,LM,2500,2875.32819646052,2920.18577924997,8700,Lower-middle
JOR,2008,Jordan,LM,2910,3283.61692827823,3314.5497639448,9150,Lower-middle
JOR,2009,Jordan,LM,3270,3667.21838858653,3706.23816711629,9430,Lower-middle
JOR,2010,Jordan,UM,3510,3889.10935663059,3911.57863015387,9340,Upper-middle
JOR,2011,Jordan,UM,3710,4027.61613031241,4029.39667122903,9550,Upper-middle
JOR,2012,Jordan,UM,3970,4231.08352668862,4243.30970418293,9620,Upper-middle
JOR,2013,Jordan,UM,4080,4285.07051660214,4297.54430146074,9720,Upper-middle
JOR,2014,Jordan,UM,3980,4112.7857118078,4128.48252134634,9040,Upper-middle
JOR,2015,Jordan,UM,3840,3937.95485918387,3951.60919039251,8870,Upper-middle
JOR,2016,Jordan,LM,3810,3874.20169370761,3882.00210427998,8680,Lower-middle
JOR,2017,Jordan,UM,3920,3920,3920,9220,Upper-middle
JOR,2018,Jordan,UM,4090,3994.80172869604,3999.49265449175,9000,Upper-middle
JOR,2019,Jordan,UM,4190,4031.72521510326,4037.74654039307,9430,Upper-middle
JOR,2020,Jordan,UM,4070,3889.8576097441,3879.18845650174,9550,Upper-middle
JOR,2021,Jordan,UM,4240,3882.10903941728,3904.04288805559,9140,Upper-middle
JOR,2022,Jordan,LM,4380,3743.4064396494,3827.83857368764,9820,Lower-middle
JOR,2023,Jordan,LM,4450,3671.13091256196,3767.41963076469,10330,Lower-middle
JPN,1987,Japan,H,18370,34335.6402248671,35131.6662710136,,High
JPN,1988,Japan,H,25200,45496.7954111357,46441.6006071137,,High
JPN,1989,Japan,H,27480,47741.3486877073,48576.2042205195,,High
JPN,1990,Japan,H,28390,47542.6261413995,48246.9670362989,20130,High
JPN,1991,Japan,H,29070,47088.9134672473,47569.5222672654,21360,High
JPN,1992,Japan,H,31030,49143.8932179509,49458.1757231251,21960,High
JPN,1993,Japan,H,34090,52740.0701303328,52714.6757257825,22430,High
JPN,1994,Japan,H,37630,56999.6886082725,56266.5803893116,23010,High
JPN,1995,Japan,H,42840,63558.8558947357,61765.4252320167,24060,High
JPN,1996,Japan,H,43940,64018.8188185189,61971.2235960385,25300,High
JPN,1997,Japan,H,40760,58378.9545759454,56729.7571344621,25960,High
JPN,1998,Japan,H,35010,49586.180044182,48396.6735110588,25820,High
JPN,1999,Japan,H,34320,47930.6315626701,47158.0630493569,26050,High
JPN,2000,Japan,H,36810,50269.4484337859,49833.1216305762,27680,High
JPN,2001,Japan,H,37380,49923.7160046708,49790.4255910784,28380,High
JPN,2002,Japan,H,35360,46503.1837450267,46629.6354432537,29040,High
JPN,2003,Japan,H,35660,45989.7948897235,46316.1727937115,29870,High
JPN,2004,Japan,H,39000,48980.1649780585,49338.9436419392,31430,High
JPN,2005,Japan,H,41280,50267.485986066,50925.2471378167,32880,High
JPN,2006,Japan,H,40590,47948.5968566828,48782.675819635,34530,High
JPN,2007,Japan,H,39310,45211.6605611452,45917.0011929265,36090,High
JPN,2008,Japan,H,39380,44436.0256479713,44854.6287643114,36220,High
JPN,2009,Japan,H,39230,43995.4059279051,44463.5239437224,34390,High
JPN,2010,Japan,H,43910,48652.6472506124,48933.7372222384,36280,High
JPN,2011,Japan,H,47470,51533.9454732966,51556.7277582863,37270,High
JPN,2012,Japan,H,50060,53352.1514725523,53506.3183353646,38640,High
JPN,2013,Japan,H,48850,51305.3173372585,51454.6664525385,40760,High
JPN,2014,Japan,H,44440,45922.6625710399,46097.9304644802,41030,High
JPN,2015,Japan,H,39380,40384.5474881929,40524.5754993899,42510,High
JPN,2016,Japan,H,38460,39108.0832388438,39186.8243912357,42010,High
JPN,2017,Japan,H,38930,38930,38930,42980,High
JPN,2018,Japan,H,41800,40827.0690121013,40875.0105031186,43750,High
JPN,2019,Japan,H,41970,40384.6079422157,40444.921790047,44350,High
JPN,2020,Japan,H,40930,39118.3960606452,39011.1016030999,43980,High
JPN,2021,Japan,H,43710,40020.515592672,40246.6308105919,46470,High
JPN,2022,Japan,H,42640,36442.6599512901,37264.6202698724,50100,High
JPN,2023,Japan,H,39360,32470.9466783009,33322.6149813254,53680,High
KAZ,1991,Kazakhstan,LM,,,,,Lower-middle
KAZ,1992,Kazakhstan,LM,,,,,Lower-middle
KAZ,1993,Kazakhstan,LM,1350,2088.56247216044,2087.55682692304,6460,Lower-middle
KAZ,1994,Kazakhstan,LM,1240,1878.27833840707,1854.12063998795,5830,Lower-middle
KAZ,1995,Kazakhstan,LM,1210,1795.19644333871,1744.54165571289,5560,Lower-middle
KAZ,1996,Kazakhstan,LM,1270,1850.33909648427,1791.15735018136,5780,Lower-middle
KAZ,1997,Kazakhstan,LM,1330,1904.90700652619,1851.09364545718,6090,Lower-middle
KAZ,1998,Kazakhstan,LM,1340,1897.90006453024,1852.37196529045,6200,Lower-middle
KAZ,1999,Kazakhstan,LM,1250,1745.72521717184,1717.58679521259,6410,Lower-middle
KAZ,2000,Kazakhstan,LM,1220,1666.08875548,1651.62750310521,6960,Lower-middle
KAZ,2001,Kazakhstan,LM,1290,1722.88907560261,1718.28916566322,8140,Lower-middle
KAZ,2002,Kazakhstan,LM,1450,1906.94616601495,1912.1315439117,9120,Lower-middle
KAZ,2003,Kazakhstan,LM,1720,2218.24024706462,2233.98253519865,9980,Lower-middle
KAZ,2004,Kazakhstan,LM,2180,2737.86563210686,2757.9204394725,11030,Lower-middle
KAZ,2005,Kazakhstan,LM,2780,3385.26189537945,3429.55879464948,11940,Lower-middle
KAZ,2006,Kazakhstan,UM,3670,4335.33753298906,4410.751915695,13240,Upper-middle
KAZ,2007,Kazakhstan,UM,4740,5451.62226048914,5536.67223745794,14530,Upper-middle
KAZ,2008,Kazakhstan,UM,5870,6623.6533914066,6686.0505547615,14770,Upper-middle
KAZ,2009,Kazakhstan,UM,6580,7379.29571770624,7457.81258092514,15520,Upper-middle
KAZ,2010,Kazakhstan,UM,7210,7988.74030236655,8034.89513487448,16200,Upper-middle
KAZ,2011,Kazakhstan,UM,8030,8717.45485887026,8721.30869810489,17260,Upper-middle
KAZ,2012,Kazakhstan,UM,9640,10273.9660446545,10303.6537905097,18480,Upper-middle
KAZ,2013,Kazakhstan,UM,11490,12067.5147636663,12102.6431430843,21230,Upper-middle
KAZ,2014,Kazakhstan,UM,11720,12111.0172217054,12157.2399874822,21500,Upper-middle
KAZ,2015,Kazakhstan,UM,11040,11321.6202201536,11360.8764223785,21070,Upper-middle
KAZ,2016,Kazakhstan,UM,8500,8643.23212506947,8660.63461584773,20770,Upper-middle
KAZ,2017,Kazakhstan,UM,7780,7780,7780,21360,Upper-middle
KAZ,2018,Kazakhstan,UM,7790,7608.68104316434,7617.61559376302,22010,Upper-middle
KAZ,2019,Kazakhstan,UM,8500,8178.91750080614,8191.13259984274,25110,Upper-middle
KAZ,2020,Kazakhstan,UM,8380,8009.09257239693,7987.1251266547,26480,Upper-middle
KAZ,2021,Kazakhstan,UM,8540,7819.15358410934,7863.33166603649,28900,Upper-middle
KAZ,2022,Kazakhstan,UM,9420,8050.88782225968,8232.47474067069,31830,Upper-middle
KAZ,2023,Kazakhstan,UM,10690,8818.96392253649,9050.27322536506,34600,Upper-middle
KEN,1987,Kenya,L,390,728.954800636808,745.854645927889,,Low
KEN,1988,Kenya,L,420,758.279923518928,774.026676785228,,Low
KEN,1989,Kenya,L,410,712.298142720524,724.754138661318,,Low
KEN,1990,Kenya,L,390,653.104057595836,662.779751467298,1690,Low
KEN,1991,Kenya,L,360,583.144439222877,589.096250987807,1710,Low
KEN,1992,Kenya,L,340,538.47643229466,541.920069154448,1680,Low
KEN,1993,Kenya,L,280,433.183327559202,432.974749287741,1660,Low
KEN,1994,Kenya,L,270,408.979960782184,403.719816771569,1700,Low
KEN,1995,Kenya,L,280,415.417358789122,403.695589751743,1780,Low
KEN,1996,Kenya,L,350,509.935971472044,493.626041388564,1850,Low
KEN,1997,Kenya,L,400,572.904362865018,556.71989337058,1850,Low
KEN,1998,Kenya,L,450,637.354499282545,622.065212224406,1880,Low
KEN,1999,Kenya,L,450,628.461078181863,618.331246276533,1890,Low
KEN,2000,Kenya,L,430,587.228003980656,582.131005192821,1890,Low
KEN,2001,Kenya,L,410,547.584899997727,546.122913117767,1940,Low
KEN,2002,Kenya,L,390,512.902761893677,514.297449741768,1930,Low
KEN,2003,Kenya,L,420,541.663316143687,545.507363246181,1960,Low
KEN,2004,Kenya,L,460,577.714766407869,581.946514751078,2050,Low
KEN,2005,Kenya,L,520,633.214455250832,641.500206193428,2190,Low
KEN,2006,Kenya,L,590,696.961619744835,709.085457836527,2320,Low
KEN,2007,Kenya,L,710,816.593207794787,829.332761306991,2470,Low
KEN,2008,Kenya,L,830,936.564278512347,945.387046073602,2460,Low
KEN,2009,Kenya,L,830,930.823016063249,940.727118870496,2170,Low
KEN,2010,Kenya,L,930,1030.44777825255,1036.40117551086,2310,Low
KEN,2011,Kenya,L,1010,1096.46692496376,1096.95165443162,2460,Low
KEN,2012,Kenya,L,1060,1129.70995926699,1132.97437945438,2530,Low
KEN,2013,Kenya,L,1130,1186.79649111775,1190.25124035555,2750,Low
KEN,2014,Kenya,LM,1250,1291.70405521602,1296.63395770928,2980,Lower-middle
KEN,2015,Kenya,LM,1320,1353.67198284446,1358.36565919743,3320,Lower-middle
KEN,2016,Kenya,LM,1490,1515.10774898277,1518.1583032486,3860,Lower-middle
KEN,2017,Kenya,LM,1540,1540,1540,4100,Lower-middle
KEN,2018,Kenya,LM,1720,1679.96551915824,1681.9382312288,4350,Lower-middle
KEN,2019,Kenya,LM,1880,1808.98410606065,1811.68579855345,4610,Lower-middle
KEN,2020,Kenya,LM,1910,1825.46143356541,1820.45453364087,4760,Lower-middle
KEN,2021,Kenya,LM,2070,1895.27493197966,1905.98320242337,5260,Lower-middle
KEN,2022,Kenya,LM,2170,1854.61003973498,1896.44057189548,5790,Lower-middle
KEN,2023,Kenya,LM,2110,1740.69353382151,1786.34953278955,6210,Lower-middle
KGZ,1991,Kyrgyz Republic,LM,,,,,Lower-middle
KGZ,1992,Kyrgyz Republic,LM,510,807.71464844199,812.880103731672,2070,Lower-middle
KGZ,1993,Kyrgyz Republic,LM,450,696.187490720146,695.852275641013,1790,Lower-middle
KGZ,1994,Kyrgyz Republic,L,370,560.454020331141,553.245674835113,1440,Low
KGZ,1995,Kyrgyz Republic,L,360,534.108032728871,519.03718682367,1370,Low
KGZ,1996,Kyrgyz Republic,L,390,568.214368211706,550.040446118685,1470,Low
KGZ,1997,Kyrgyz Republic,L,390,558.581753793393,542.801896036316,1600,Low
KGZ,1998,Kyrgyz Republic,L,360,509.883599426036,497.652169779525,1610,Low
KGZ,1999,Kyrgyz Republic,L,300,418.974052121242,412.220830851022,1640,Low
KGZ,2000,Kyrgyz Republic,L,280,382.381025847869,379.062049893,1750,Low
KGZ,2001,Kyrgyz Republic,L,280,373.960419510643,372.96198944628,1910,Low
KGZ,2002,Kyrgyz Republic,L,290,381.38923320299,382.426308782341,1930,Low
KGZ,2003,Kyrgyz Republic,L,340,438.489351163937,441.601198818337,2090,Low
KGZ,2004,Kyrgyz Republic,L,400,502.360666441625,506.040447609633,2240,Low
KGZ,2005,Kyrgyz Republic,L,450,547.97404781322,555.144409205851,2300,Low
KGZ,2006,Kyrgyz Republic,L,500,590.645440461725,600.91987952248,2470,Low
KGZ,2007,Kyrgyz Republic,L,610,701.580079936366,712.525330136992,2730,Low
KGZ,2008,Kyrgyz Republic,L,760,857.576929722149,865.655608452937,2910,Low
KGZ,2009,Kyrgyz Republic,L,860,964.467221463125,974.729303889912,2980,Low
KGZ,2010,Kyrgyz Republic,L,850,941.807109155557,947.248386219599,2880,Low
KGZ,2011,Kyrgyz Republic,L,870,944.481410612345,944.898949856942,2930,Low
KGZ,2012,Kyrgyz Republic,L,1030,1097.73703589151,1100.90906682832,3500,Low
KGZ,2013,Kyrgyz Republic,LM,1180,1239.30961019376,1242.91722444208,3770,Lower-middle
KGZ,2014,Kyrgyz Republic,LM,1230,1271.03679033256,1275.88781438593,4050,Lower-middle
KGZ,2015,Kyrgyz Republic,LM,1160,1189.59053037846,1193.7152762644,3990,Lower-middle
KGZ,2016,Kyrgyz Republic,LM,1090,1108.36741368538,1110.59902720871,4360,Lower-middle
KGZ,2017,Kyrgyz Republic,LM,1090,1090,1090,4710,Lower-middle
KGZ,2018,Kyrgyz Republic,LM,1200,1172.06896685458,1173.44527760149,4630,Lower-middle
KGZ,2019,Kyrgyz Republic,LM,1240,1193.15972952937,1194.94169691824,4860,Lower-middle
KGZ,2020,Kyrgyz Republic,LM,1210,1156.44415424824,1153.27224382484,5020,Lower-middle
KGZ,2021,Kyrgyz Republic,LM,1270,1162.80152831603,1169.3713367525,5350,Lower-middle
KGZ,2022,Kyrgyz Republic,LM,1540,1316.17486690869,1345.8610510226,6430,Lower-middle
KGZ,2023,Kyrgyz Republic,LM,1840,1517.95075935146,1557.76452148472,7200,Lower-middle
KHM,1987,Cambodia,L,160,299.058379748434,305.991649611441,,Low
KHM,1988,Cambodia,L,190,343.031393972849,350.154925212365,,Low
KHM,1989,Cambodia,L,170,295.343132347534,300.507813591278,,Low
KHM,1990,Cambodia,L,170,284.686384080236,288.903994229335,1100,Low
KHM,1991,Cambodia,L,170,275.373762966359,278.184340744242,1180,Low
KHM,1992,Cambodia,L,210,332.588384652584,334.715336830688,1220,Low
KHM,1993,Cambodia,L,290,448.654160686316,448.438133190875,1530,Low
KHM,1994,Cambodia,L,210,318.09552505281,314.004301933442,950,Low
KHM,1995,Cambodia,L,260,385.744690304185,374.860190483762,990,Low
KHM,1996,Cambodia,L,320,466.227173917297,451.315237840973,980,Low
KHM,1997,Cambodia,L,310,444.000881220389,431.4579173622,980,Low
KHM,1998,Cambodia,L,280,396.576132886917,387.062798717408,990,Low
KHM,1999,Cambodia,L,290,405.008250383867,398.480136489321,1100,Low
KHM,2000,Cambodia,L,290,396.037491056721,392.599980246321,1210,Low
KHM,2001,Cambodia,L,310,414.027607315355,412.922202601239,1310,Low
KHM,2002,Cambodia,L,320,420.843291810196,421.987651070169,1380,Low
KHM,2003,Cambodia,L,370,477.179588031343,480.566010478779,1540,Low
KHM,2004,Cambodia,L,430,540.037716424747,543.993481180355,1710,Low
KHM,2005,Cambodia,L,510,621.037254188316,629.163663766631,1960,Low
KHM,2006,Cambodia,L,580,685.1487109356,697.067060246077,2210,Low
KHM,2007,Cambodia,L,670,770.587956651418,782.609788838992,2480,Low
KHM,2008,Cambodia,L,780,880.144743662205,888.436019201698,2670,Low
KHM,2009,Cambodia,L,840,942.037751196541,952.061180543635,2750,Low
KHM,2010,Cambodia,L,910,1008.2876109783,1014.11297818804,2900,Low
KHM,2011,Cambodia,L,990,1074.75470862784,1075.22983949238,3120,Low
KHM,2012,Cambodia,L,1110,1182.99816489279,1186.4165671645,3450,Low
KHM,2013,Cambodia,L,1230,1291.82272926976,1295.58320852861,3730,Low
KHM,2014,Cambodia,L,1330,1374.37311474984,1379.61853100267,3940,Low
KHM,2015,Cambodia,LM,1430,1466.47798141483,1471.56279746388,4250,Lower-middle
KHM,2016,Cambodia,LM,1550,1576.11879927737,1579.29219465459,4560,Lower-middle
KHM,2017,Cambodia,LM,1690,1690,1690,4850,Lower-middle
KHM,2018,Cambodia,LM,1920,1875.31034696733,1877.51244416239,5390,Lower-middle
KHM,2019,Cambodia,LM,2100,2020.67373549328,2023.69158349056,5880,Lower-middle
KHM,2020,Cambodia,LM,2050,1959.26488942884,1953.89099160407,5750,Lower-middle
KHM,2021,Cambodia,LM,2120,1941.05451970864,1952.02144402779,5970,Lower-middle
KHM,2022,Cambodia,LM,2270,1940.0759401836,1983.8341466372,6650,Lower-middle
KHM,2023,Cambodia,LM,2390,1971.68604067935,2023.40065562418,7260,Lower-middle
KIR,1987,Kiribati,LM,480,897.175139245302,917.974948834324,,Lower-middle
KIR,1988,Kiribati,LM,600,1083.25703359847,1105.75239540747,,Lower-middle
KIR,1989,Kiribati,LM,590,1025.01440050027,1042.93888246385,,Lower-middle
KIR,1990,Kiribati,LM,610,1021.52173111144,1036.65550870526,1470,Lower-middle
KIR,1991,Kiribati,LM,830,1344.47190154163,1358.19413422189,1930,Lower-middle
KIR,1992,Kiribati,LM,1020,1615.42929688398,1625.76020746334,2100,Lower-middle
KIR,1993,Kiribati,LM,1080,1670.84997772835,1670.04546153843,2060,Lower-middle
KIR,1994,Kiribati,LM,1180,1787.39390267769,1764.40512514982,2120,Lower-middle
KIR,1995,Kiribati,LM,1290,1913.88711727846,1859.88325278482,2290,Lower-middle
KIR,1996,Kiribati,LM,1200,1748.35190218987,1692.43214190365,2010,Lower-middle
KIR,1997,Kiribati,LM,1440,2062.45570631407,2004.19161613409,2390,Lower-middle
KIR,1998,Kiribati,LM,1540,2181.16873087804,2128.84539294574,2640,Lower-middle
KIR,1999,Kiribati,LM,1340,1871.41743280821,1841.2530444679,2370,Lower-middle
KIR,2000,Kiribati,LM,1370,1870.93573361279,1854.69645840504,2560,Lower-middle
KIR,2001,Kiribati,LM,1340,1789.66772194379,1784.88952092148,2690,Lower-middle
KIR,2002,Kiribati,LM,1220,1604.46505002637,1608.82791970502,2560,Lower-middle
KIR,2003,Kiribati,LM,1200,1547.60947469625,1558.59246641766,2300,Lower-middle
KIR,2004,Kiribati,LM,1430,1795.93938252881,1809.09460020444,2290,Lower-middle
KIR,2005,Kiribati,LM,1620,1972.70657212759,1998.51987314106,2280,Lower-middle
KIR,2006,Kiribati,LM,1670,1972.75577114216,2007.07239760508,2410,Lower-middle
KIR,2007,Kiribati,LM,1790,2058.73498866573,2090.85301794298,2530,Lower-middle
KIR,2008,Kiribati,LM,1860,2098.80669642526,2118.57819963482,2490,Lower-middle
KIR,2009,Kiribati,LM,1850,2074.72599965905,2096.80140953062,2340,Lower-middle
KIR,2010,Kiribati,LM,2030,2249.25697833621,2262.25202826563,2480,Lower-middle
KIR,2011,Kiribati,LM,2110,2290.63882343913,2291.65147608983,2430,Lower-middle
KIR,2012,Kiribati,LM,2630,2802.95961591715,2811.05907355192,2790,Lower-middle
KIR,2013,Kiribati,LM,3040,3192.7976398212,3202.09183246095,3260,Lower-middle
KIR,2014,Kiribati,LM,3260,3368.76417600338,3381.62136170579,3730,Lower-middle
KIR,2015,Kiribati,LM,3490,3579.02668191451,3591.43647772653,4500,Lower-middle
KIR,2016,Kiribati,LM,2990,3040.38400634797,3046.5055883982,4130,Lower-middle
KIR,2017,Kiribati,LM,3130,3130,3130,4530,Lower-middle
KIR,2018,Kiribati,LM,3280,3203.6551760692,3207.41709211074,4620,Lower-middle
KIR,2019,Kiribati,LM,3610,3473.63437387178,3478.82219828615,5250,Lower-middle
KIR,2020,Kiribati,LM,3070,2934.118639291,2926.07089962171,4630,Lower-middle
KIR,2021,Kiribati,LM,3150,2884.11402692558,2900.40922107903,4730,Lower-middle
KIR,2022,Kiribati,LM,3610,3085.31900619506,3154.90804817635,5520,Lower-middle
KIR,2023,Kiribati,LM,3800,3134.89830735628,3217.12238132715,5910,Lower-middle
KNA,1987,St. Kitts and Nevis,UM,3660,6840.96043674543,6999.55898486172,,Upper-middle
KNA,1988,St. Kitts and Nevis,UM,4350,7853.6134935889,8016.70486670415,,Upper-middle
KNA,1989,St. Kitts and Nevis,UM,4610,8009.01082424784,8149.06482738701,,Upper-middle
KNA,1990,St. Kitts and Nevis,UM,5200,8708.05410127782,8837.0633528973,8780,Upper-middle
KNA,1991,St. Kitts and Nevis,UM,5260,8520.38819531203,8607.35077832184,8820,Upper-middle
KNA,1992,St. Kitts and Nevis,UM,5710,9043.23655412502,9101.06939668205,9190,Upper-middle
KNA,1993,St. Kitts and Nevis,UM,6180,9560.97487255667,9556.37125213657,9910,Upper-middle
KNA,1994,St. Kitts and Nevis,UM,6680,10118.4671778703,9988.32731864474,10530,Upper-middle
KNA,1995,St. Kitts and Nevis,UM,7260,10771.1786600322,10467.2499342773,11300,Upper-middle
KNA,1996,St. Kitts and Nevis,UM,7620,11102.0345789056,10746.9441010882,11860,Upper-middle
KNA,1997,St. Kitts and Nevis,UM,7980,11429.4420391571,11106.5618727431,12650,Upper-middle
KNA,1998,St. Kitts and Nevis,UM,7690,10891.6802210728,10630.403293346,12360,Upper-middle
KNA,1999,St. Kitts and Nevis,UM,8100,11312.2994072735,11129.9624329776,12710,Upper-middle
KNA,2000,St. Kitts and Nevis,UM,8890,12140.5975706698,12035.2200841028,14160,Upper-middle
KNA,2001,St. Kitts and Nevis,UM,9200,12287.2709267783,12254.4653675206,15010,Upper-middle
KNA,2002,St. Kitts and Nevis,UM,9190,12086.0932866741,12118.9578541714,15300,Upper-middle
KNA,2003,St. Kitts and Nevis,UM,9190,11852.1092270488,11936.2206386486,14710,Upper-middle
KNA,2004,St. Kitts and Nevis,UM,10390,13048.8183108212,13144.4006266602,15950,Upper-middle
KNA,2005,St. Kitts and Nevis,UM,11750,14308.2112484563,14495.4373514861,18250,Upper-middle
KNA,2006,St. Kitts and Nevis,UM,12650,14943.3296436816,15203.2729519188,19640,Upper-middle
KNA,2007,St. Kitts and Nevis,UM,13350,15354.2525690992,15593.7920611948,20340,Upper-middle
KNA,2008,St. Kitts and Nevis,UM,15980,18031.6833381052,18201.5481882604,23040,Upper-middle
KNA,2009,St. Kitts and Nevis,UM,15840,17764.1404511348,17953.1536902514,22360,Upper-middle
KNA,2010,St. Kitts and Nevis,UM,15970,17694.8935684873,17797.1255622671,22800,Upper-middle
KNA,2011,St. Kitts and Nevis,H,16760,18194.8372894976,18202.8809190832,23680,High
KNA,2012,St. Kitts and Nevis,H,17010,18128.6475538976,18181.0322589803,22780,High
KNA,2013,St. Kitts and Nevis,H,18460,19387.8435628617,19444.2813247464,24210,High
KNA,2014,St. Kitts and Nevis,H,18850,19478.8971526576,19553.2400822559,25110,High
KNA,2015,St. Kitts and Nevis,H,18670,19146.2544846257,19212.6415584969,25110,High
KNA,2016,St. Kitts and Nevis,H,19640,19970.9504631017,20011.1604535587,26630,High
KNA,2017,St. Kitts and Nevis,H,20420,20420,20420,28310,High
KNA,2018,St. Kitts and Nevis,H,21930,21419.5603692675,21444.7124481673,29540,High
KNA,2019,St. Kitts and Nevis,H,23670,22775.8796757743,22809.895133915,32010,High
KNA,2020,St. Kitts and Nevis,H,19340,18483.9916885629,18433.2935500599,26610,High
KNA,2021,St. Kitts and Nevis,H,19070,17460.334759832,17558.9853479293,26040,High
KNA,2022,St. Kitts and Nevis,H,21040,17982.0254543889,18387.6081256594,30890,High
KNA,2023,St. Kitts and Nevis,H,21840,18017.4155349108,18489.9875811013,33420,High
KOR,1987,"Korea, Rep.",UM,3630,6784.88699054259,6942.18555055958,,Upper-middle
KOR,1988,"Korea, Rep.",UM,4660,8413.29629428144,8588.01027099801,,Upper-middle
KOR,1989,"Korea, Rep.",UM,5550,9642.08461487538,9810.69626724466,,Upper-middle
KOR,1990,"Korea, Rep.",UM,6660,11153.0077527904,11318.2388327492,8560,Upper-middle
KOR,1991,"Korea, Rep.",UM,7810,12650.9946398074,12780.1158894855,9710,Upper-middle
KOR,1992,"Korea, Rep.",UM,8580,13588.611144377,13675.5123333681,10450,Upper-middle
KOR,1993,"Korea, Rep.",UM,9310,14403.3456413435,14396.4104138174,11330,Upper-middle
KOR,1994,"Korea, Rep.",UM,10440,15813.8918169111,15610.499581834,12520,Upper-middle
KOR,1995,"Korea, Rep.",H,12230,18144.8367785392,17632.8466523708,13870,High
KOR,1996,"Korea, Rep.",H,13790,20091.4772759985,19448.8660307094,15110,High
KOR,1997,"Korea, Rep.",H,14030,20094.6205274905,19526.9502599731,16160,High
KOR,1998,"Korea, Rep.",UM,10720,15183.200516242,14818.9757223236,15310,Upper-middle
KOR,1999,"Korea, Rep.",UM,10820,15110.9974798395,14867.4312993602,17240,Upper-middle
KOR,2000,"Korea, Rep.",UM,11460,15650.3091293449,15514.4681849064,19110,Upper-middle
KOR,2001,"Korea, Rep.",H,12390,16547.748563346,16503.5680329979,20310,High
KOR,2002,"Korea, Rep.",H,13320,17517.6020215994,17565.2359757958,22090,High
KOR,2003,"Korea, Rep.",H,14290,18429.4494945078,18560.2386209236,22840,High
KOR,2004,"Korea, Rep.",H,16790,21086.5889738872,21241.0477884143,24620,High
KOR,2005,"Korea, Rep.",H,19230,23416.7576432183,23723.17108673,26000,High
KOR,2006,"Korea, Rep.",H,21610,25527.6959367557,25971.7571929616,27890,High
KOR,2007,"Korea, Rep.",H,24390,28051.7018846688,28489.3324623627,30180,High
KOR,2008,"Korea, Rep.",H,24840,28029.2249135502,28293.2701499618,31220,High
KOR,2009,"Korea, Rep.",H,22960,25749.0318660388,26023.005601526,30690,High
KOR,2010,"Korea, Rep.",H,23250,25761.1944563138,25910.0293877714,33170,High
KOR,2011,"Korea, Rep.",H,24590,26695.1699850087,26706.9714677957,34150,High
KOR,2012,"Korea, Rep.",H,26780,28541.1629331792,28623.6357375362,35410,High
KOR,2013,"Korea, Rep.",H,28210,29627.901782683,29714.1482216195,36060,High
KOR,2014,"Korea, Rep.",H,29480,30463.5484382146,30579.8152586156,37200,High
KOR,2015,"Korea, Rep.",H,30130,30898.5885175026,31005.7252360746,39910,High
KOR,2016,"Korea, Rep.",H,30850,31369.848359811,31433.0091645767,41820,High
KOR,2017,"Korea, Rep.",H,31940,31940,31940,43320,High
KOR,2018,"Korea, Rep.",H,34610,33804.4224523643,33844.1175481564,45680,High
KOR,2019,"Korea, Rep.",H,35790,34438.0538063355,34489.486558632,46890,High
KOR,2020,"Korea, Rep.",H,35000,33450.8639658583,33359.1144908012,48280,High
KOR,2021,"Korea, Rep.",H,37450,34288.9112090041,34482.6429617174,52260,High
KOR,2022,"Korea, Rep.",H,38590,32981.2909831211,33725.1804928325,56180,High
KOR,2023,"Korea, Rep.",H,38020,31365.4825383384,32188.1560363311,58260,High
KWT,1987,Kuwait,H,14700,27475.9886393874,28112.9828080512,,High
KWT,1988,Kuwait,H,13830,24969.0746244447,25487.5927141422,,High
KWT,1989,Kuwait,H,16600,28839.3882174651,29343.7041506777,,High
KWT,1990,Kuwait,H,16460,27564.3404821217,27972.7043824403,43700,High
KWT,1991,Kuwait,H,12450,20167.0785231245,20372.9120133283,34880,High
KWT,1992,Kuwait,H,16200,25656.8182446279,25820.8974126531,45690,High
KWT,1993,Kuwait,H,18590,28760.2787833056,28746.4306759254,56230,High
KWT,1994,Kuwait,H,18550,28098.4380463315,27737.0466707874,60820,High
KWT,1995,Kuwait,H,19590,29064.3787809961,28244.273582988,67430,High
KWT,1996,Kuwait,H,19620,28585.5536008043,27671.2655201246,66270,High
KWT,1997,Kuwait,H,20550,29432.9616421903,28601.4845219136,69290,High
KWT,1998,Kuwait,H,19540,27675.3487021798,27011.453881922,71540,High
KWT,1999,Kuwait,H,17330,24202.7344108704,23812.6233288274,65970,High
KWT,2000,Kuwait,H,18810,25687.8110578515,25464.8469945976,69130,High
KWT,2001,Kuwait,H,19550,26110.4507194038,26040.7389059814,66780,High
KWT,2002,Kuwait,H,19640,25829.2570348508,25899.4920844316,64950,High
KWT,2003,Kuwait,H,23150,29855.9661160151,30067.8463313074,74650,High
KWT,2004,Kuwait,H,29080,36521.6204503062,36789.1405412203,85190,High
KWT,2005,Kuwait,H,35740,43521.3165974321,44090.8026333714,94280,High
KWT,2006,Kuwait,H,42460,50157.6108040096,51030.116169049,100620,High
KWT,2007,Kuwait,H,47510,54642.7370455356,55495.2105488664,101320,High
KWT,2008,Kuwait,H,51800,58450.6381047465,59001.2638392923,96920,High
KWT,2009,Kuwait,H,45410,50926.1122402797,51467.974057722,85350,High
KWT,2010,Kuwait,H,42850,47478.1583850772,47752.4627641292,80700,High
KWT,2011,Kuwait,H,44350,48146.8397248937,48168.1246277648,83780,High
KWT,2012,Kuwait,H,50830,54172.7898391896,54329.3280261003,88080,High
KWT,2013,Kuwait,H,53530,56220.5452827727,56384.2025630376,82970,High
KWT,2014,Kuwait,H,51350,53063.202588274,53265.7229826971,74910,High
KWT,2015,Kuwait,H,41830,42897.0447290785,43045.7844880518,50280,High
KWT,2016,Kuwait,H,34920,35508.4312714619,35579.9247982827,46750,High
KWT,2017,Kuwait,H,30650,30650,30650,53810,High
KWT,2018,Kuwait,H,32340,31587.258656731,31624.3502313602,58160,High
KWT,2019,Kuwait,H,35680,34332.2089916192,34383.4836661634,57980,High
KWT,2020,Kuwait,H,33150,31682.7468705201,31595.8470105732,47570,High
KWT,2021,Kuwait,H,35990,32952.1472473179,33138.3263068681,58890,High
KWT,2022,Kuwait,H,39120,33434.2602554988,34188.3664389636,62840,High
KWT,2023,Kuwait,H,42030,34673.625225838,35583.0667597842,63380,High
LAO,1987,Lao PDR,L,430,803.719395573916,822.352558330749,,Low
LAO,1988,Lao PDR,L,250,451.357097332695,460.730164753112,,Low
LAO,1989,Lao PDR,L,210,364.835634076366,371.215534436285,,Low
LAO,1990,Lao PDR,L,190,318.178899854382,322.892699432786,1010,Low
LAO,1991,Lao PDR,L,210,340.167589546678,343.639479742887,1060,Low
LAO,1992,Lao PDR,L,240,380.101011031524,382.531813520787,1110,Low
LAO,1993,Lao PDR,L,270,417.712494432088,417.511365384608,1180,Low
LAO,1994,Lao PDR,L,310,469.569584601767,463.530159996986,1260,Low
LAO,1995,Lao PDR,L,350,519.271698486403,504.619487189679,1340,Low
LAO,1996,Lao PDR,L,380,553.644769026791,535.936844936155,1430,Low
LAO,1997,Lao PDR,L,370,529.936535650142,514.965901367787,1490,Low
LAO,1998,Lao PDR,L,300,424.902999521697,414.710141482937,1530,Low
LAO,1999,Lao PDR,L,280,391.042448646492,384.73944212762,1660,Low
LAO,2000,Lao PDR,L,280,382.381025847869,379.062049893,1720,Low
LAO,2001,Lao PDR,L,300,400.671878047118,399.602131549586,1830,Low
LAO,2002,Lao PDR,L,310,407.691938941128,408.800536974226,1950,Low
LAO,2003,Lao PDR,L,330,425.592605541468,428.612928264857,2030,Low
LAO,2004,Lao PDR,L,380,477.242633119544,480.738425229151,2220,Low
LAO,2005,Lao PDR,L,450,547.97404781322,555.144409205851,2460,Low
LAO,2006,Lao PDR,L,500,590.645440461725,600.91987952248,2620,Low
LAO,2007,Lao PDR,L,600,690.078767150524,700.844587019993,2920,Low
LAO,2008,Lao PDR,L,740,835.009115782092,842.875197704175,3120,Low
LAO,2009,Lao PDR,L,880,986.89669172971,997.397427236189,3390,Low
LAO,2010,Lao PDR,LM,990,1096.9282800753,1103.2657674793,3530,Lower-middle
LAO,2011,Lao PDR,LM,1130,1226.74022297925,1227.28254406706,3820,Lower-middle
LAO,2012,Lao PDR,LM,1350,1438.78155189664,1442.93906817304,4500,Lower-middle
LAO,2013,Lao PDR,LM,1590,1669.91718661701,1674.77829395161,4940,Lower-middle
LAO,2014,Lao PDR,LM,1810,1870.38747195279,1877.52597076303,5540,Lower-middle
LAO,2015,Lao PDR,LM,1960,2009.99779270843,2016.96719092951,5820,Lower-middle
LAO,2016,Lao PDR,LM,2110,2145.55526869372,2149.87518111044,6450,Lower-middle
LAO,2017,Lao PDR,LM,2240,2240,2240,6760,Lower-middle
LAO,2018,Lao PDR,LM,2460,2402.7413820519,2405.56281908306,7160,Lower-middle
LAO,2019,Lao PDR,LM,2520,2424.80848259194,2428.42990018867,7300,Lower-middle
LAO,2020,Lao PDR,LM,2470,2360.67525701914,2354.20036549369,7440,Lower-middle
LAO,2021,Lao PDR,LM,2500,2288.97938644887,2301.91208022146,7620,Lower-middle
LAO,2022,Lao PDR,LM,2300,1965.71571031818,2010.05221905972,8110,Lower-middle
LAO,2023,Lao PDR,LM,2110,1740.69353382151,1786.34953278955,8610,Lower-middle
LBN,1987,Lebanon,LM,,,,,Lower-middle
LBN,1988,Lebanon,LM,,,,,Lower-middle
LBN,1989,Lebanon,LM,,,,,Lower-middle
LBN,1990,Lebanon,LM,1020,1708.11830448142,1733.42396537601,3650,Lower-middle
LBN,1991,Lebanon,LM,1350,2186.79164708579,2209.11094120427,4620,Lower-middle
LBN,1992,Lebanon,LM,1580,2502.33165595754,2518.33443901185,5500,Lower-middle
LBN,1993,Lebanon,LM,1880,2908.5166278975,2907.11617378912,6000,Lower-middle
LBN,1994,Lebanon,LM,2280,3453.60855771622,3409.1895638488,6580,Lower-middle
LBN,1995,Lebanon,LM,2820,4183.84625637616,4065.79129678541,7080,Lower-middle
LBN,1996,Lebanon,LM,3330,4851.67652857688,4696.49919378262,7780,Lower-middle
LBN,1997,Lebanon,UM,3560,5098.84882949866,4954.80705099816,7790,Upper-middle
LBN,1998,Lebanon,UM,3750,5311.28749402121,5183.87676853671,7930,Upper-middle
LBN,1999,Lebanon,UM,3950,5516.49168626302,5427.57427287179,7890,Upper-middle
LBN,2000,Lebanon,UM,4090,5585.49427042065,5537.01351450846,8090,Upper-middle
LBN,2001,Lebanon,UM,4040,5395.71462436785,5381.30870486776,8250,Upper-middle
LBN,2002,Lebanon,UM,3940,5181.63303041304,5195.72295380146,8200,Upper-middle
LBN,2003,Lebanon,UM,3670,4733.10564344603,4766.69529312735,7440,Upper-middle
LBN,2004,Lebanon,UM,4700,5902.7378306891,5945.97525941319,9240,Upper-middle
LBN,2005,Lebanon,UM,4910,5979.00572169535,6057.24233155717,9930,Upper-middle
LBN,2006,Lebanon,UM,4870,5752.8865900972,5852.95962654896,10380,Upper-middle
LBN,2007,Lebanon,UM,5320,6118.69840206798,6214.15533824393,11700,Upper-middle
LBN,2008,Lebanon,UM,5860,6612.36948443657,6674.66034938712,12600,Upper-middle
LBN,2009,Lebanon,UM,6620,7424.15465823941,7503.14882761769,13500,Upper-middle
LBN,2010,Lebanon,UM,7340,8132.78138964916,8179.76841747277,14510,Upper-middle
LBN,2011,Lebanon,UM,7720,8380.91550566356,8384.62056654666,14880,Upper-middle
LBN,2012,Lebanon,UM,8000,8526.11290012821,8550.75003361799,16050,Upper-middle
LBN,2013,Lebanon,UM,7880,8276.06756637865,8300.15909203692,16240,Upper-middle
LBN,2014,Lebanon,UM,7440,7688.22253664574,7717.56531628561,15950,Upper-middle
LBN,2015,Lebanon,UM,7360,7547.74681343575,7573.91761491898,16870,Upper-middle
LBN,2016,Lebanon,UM,7670,7799.2459293274,7814.94911806495,18640,Upper-middle
LBN,2017,Lebanon,UM,8260,8260,8260,20880,Upper-middle
LBN,2018,Lebanon,UM,8700,8497.50000969573,8507.47826261081,21540,Upper-middle
LBN,2019,Lebanon,UM,8630,8304.00682728905,8316.4087454874,21190,Upper-middle
LBN,2020,Lebanon,UM,6350,6068.94246237715,6052.29648618823,15740,Upper-middle
LBN,2021,Lebanon,LM,4770,4367.37266934444,4392.04824906254,10650,Lower-middle
LBN,2022,Lebanon,LM,4130,3529.74168852786,3609.35463683333,11710,Lower-middle
LBN,2023,Lebanon,LM,3700,3052.40098347849,3132.46126602907,12420,Lower-middle
LBR,1987,Liberia,L,380,710.263651902531,726.730167827174,,Low
LBR,1988,Liberia,L,410,740.22563962562,755.597470195104,,Low
LBR,1989,Liberia,L,430,747.044393584939,760.107999083821,,Low
LBR,1990,Liberia,L,250,418.656447176818,424.85881504314,1080,Low
LBR,1991,Liberia,L,250,404.961416126998,409.094618741532,1090,Low
LBR,1992,Liberia,L,150,237.563131894703,239.082383450492,680,Low
LBR,1993,Liberia,L,100,154.708331271144,154.633839031336,450,Low
LBR,1994,Liberia,L,80,121.179247639166,119.620686450835,360,Low
LBR,1995,Liberia,L,80,118.690673939749,115.341597071927,350,Low
LBR,1996,Liberia,L,100,145.695991849155,141.036011825304,390,Low
LBR,1997,Liberia,L,160,229.161745146007,222.687957348232,690,Low
LBR,1998,Liberia,L,180,254.941799713018,248.826084889762,830,Low
LBR,1999,Liberia,L,170,237.41862953537,233.591804148912,800,Low
LBR,2000,Liberia,L,190,259.472838968197,257.220676713107,850,Low
LBR,2001,Liberia,L,210,280.470314632982,279.72149208471,820,Low
LBR,2002,Liberia,L,250,328.783821726716,329.677852398569,830,Low
LBR,2003,Liberia,L,180,232.141421204437,233.788869962649,570,Low
LBR,2004,Liberia,L,210,263.739349881853,265.671234995057,610,Low
LBR,2005,Liberia,L,240,292.252825500384,296.07701824312,650,Low
LBR,2006,Liberia,L,270,318.948537849331,324.496734942139,700,Low
LBR,2007,Liberia,L,310,356.540696361104,362.103036626996,770,Low
LBR,2008,Liberia,L,370,417.504557891046,421.437598852088,830,Low
LBR,2009,Liberia,L,410,459.804140464978,464.696528598679,860,Low
LBR,2010,Liberia,L,440,487.523680033465,490.34034110191,890,Low
LBR,2011,Liberia,L,500,542.805408397899,543.045373481002,990,Low
LBR,2012,Liberia,L,540,575.512620758654,577.175627269215,1050,Low
LBR,2013,Liberia,L,610,640.660052727281,642.52500585565,1230,Low
LBR,2014,Liberia,L,620,640.685211387145,643.130443023801,1270,Low
LBR,2015,Liberia,L,620,635.815628305729,638.020233865458,1220,Low
LBR,2016,Liberia,L,610,620.279011328515,621.527895960837,1370,Low
LBR,2017,Liberia,L,620,620,620,1520,Low
LBR,2018,Liberia,L,620,605.568966208202,606.280060094104,1570,Low
LBR,2019,Liberia,L,600,577.33535299808,578.197595283017,1700,Low
LBR,2020,Liberia,L,570,544.771213158264,543.27700742162,1510,Low
LBR,2021,Liberia,L,630,576.822805385115,580.081844215807,1440,Low
LBR,2022,Liberia,L,680,581.168123050593,594.276308243744,1590,Low
LBR,2023,Liberia,L,720,593.980731920138,609.560030146197,1680,Low
LBY,1987,Libya,UM,6230,11644.5856614546,11914.5498567455,,Upper-middle
LBY,1988,Libya,UM,6570,11861.6645179032,12107.9887297118,,Upper-middle
LBY,1989,Libya,UM,6700,11639.9940395793,11843.5432415386,,Upper-middle
LBY,1990,Libya,UM,6460,10818.082595049,10978.3517807147,17090,Upper-middle
LBY,1991,Libya,UM,7260,11760.079524328,11880.1077282541,19990,Upper-middle
LBY,1992,Libya,UM,7320,11593.0808364615,11667.220312384,19480,Upper-middle
LBY,1993,Libya,UM,6800,10520.1665264378,10515.1010541309,18820,Upper-middle
LBY,1994,Libya,UM,6610,10012.4353361861,9883.65921800026,19230,Upper-middle
LBY,1995,Libya,UM,6050,8975.98221669353,8722.70827856445,19420,Upper-middle
LBY,1996,Libya,UM,5900,8596.06351910017,8321.12469769293,20120,Upper-middle
LBY,1997,Libya,UM,5810,8321.43587061439,8086.35645120768,20450,Upper-middle
LBY,1998,Libya,UM,5500,7789.88832456444,7603.01926052051,19980,Upper-middle
LBY,1999,Libya,UM,4990,6968.93506694999,6856.60648648866,17090,Upper-middle
LBY,2000,Libya,UM,5930,8098.28386884951,8027.99269951961,19120,Upper-middle
LBY,2001,Libya,UM,6130,8187.06204142944,8165.2035546632,18760,Upper-middle
LBY,2002,Libya,UM,5190,6825.55213904662,6844.1122157943,20320,Upper-middle
LBY,2003,Libya,UM,5160,6654.72074119387,6701.94760559594,23130,Upper-middle
LBY,2004,Libya,UM,5150,6467.89358043592,6515.27076297403,23780,Upper-middle
LBY,2005,Libya,UM,6760,8231.78791826081,8339.50268051456,26620,Upper-middle
LBY,2006,Libya,UM,8540,10088.2241230863,10263.711542244,28920,Upper-middle
LBY,2007,Libya,UM,10500,12076.3784251342,12264.7802728499,31310,Upper-middle
LBY,2008,Libya,UM,12020,13563.256177974,13691.0268600057,31060,Upper-middle
LBY,2009,Libya,UM,11140,12493.2149384875,12626.1447038763,29300,Upper-middle
LBY,2010,Libya,UM,11550,12797.4966008784,12871.4339539251,30220,Upper-middle
LBY,2011,Libya,UM,6080,6600.51376611845,6603.43174152898,15720,Upper-middle
LBY,2012,Libya,UM,13310,14185.3203375883,14226.3103684319,26270,Upper-middle
LBY,2013,Libya,UM,11960,12561.1380829808,12597.7033934977,21030,Upper-middle
LBY,2014,Libya,UM,9130,9434.6064192978,9470.61442710855,17690,Upper-middle
LBY,2015,Libya,UM,8370,8583.51098212734,8613.27315718368,18360,Upper-middle
LBY,2016,Libya,UM,7670,7799.2459293274,7814.94911806495,17220,Upper-middle
LBY,2017,Libya,UM,9760,9760,9760,18370,Upper-middle
LBY,2018,Libya,UM,11000,10743.9655295003,10756.581711347,19120,Upper-middle
LBY,2019,Libya,UM,10100,9718.47844213435,9732.99285393079,16620,Upper-middle
LBY,2020,Libya,UM,7000,6690.17279317166,6671.82289816025,11140,Upper-middle
LBY,2021,Libya,UM,6950,6363.36269432786,6399.31558301565,12450,Upper-middle
LBY,2022,Libya,UM,6010,5136.50061696185,5252.35384197779,12300,Upper-middle
LBY,2023,Libya,UM,6160,5081.83515087229,5215.1247023619,14530,Upper-middle
LCA,1987,St. Lucia,LM,2780,5196.13934812904,5316.6049119988,,Lower-middle
LCA,1988,St. Lucia,LM,3290,5939.85940089827,6063.20896815096,,Lower-middle
LCA,1989,St. Lucia,LM,3550,6167.4595284338,6275.31022499433,,Lower-middle
LCA,1990,St. Lucia,LM,3740,6263.1004497652,6355.88787304537,6240,Lower-middle
LCA,1991,St. Lucia,LM,3870,6268.80272164593,6332.78469811892,6390,Lower-middle
LCA,1992,St. Lucia,UM,4410,6984.35607770426,7029.02207344446,7020,Upper-middle
LCA,1993,St. Lucia,UM,4410,6822.63740905743,6819.35230128192,7050,Upper-middle
LCA,1994,St. Lucia,UM,4480,6786.03786779328,6698.75844124677,7230,Upper-middle
LCA,1995,St. Lucia,UM,4610,6839.55008577804,6646.55953126977,7350,Upper-middle
LCA,1996,St. Lucia,UM,4800,6993.40760875946,6769.72856761459,7640,Upper-middle
LCA,1997,St. Lucia,UM,4710,6745.94887273559,6555.37674443858,7600,Upper-middle
LCA,1998,St. Lucia,UM,4870,6897.59202556888,6732.12796340635,8040,Upper-middle
LCA,1999,St. Lucia,UM,5100,7122.55888606111,7007.75412446737,8290,Upper-middle
LCA,2000,St. Lucia,UM,5500,7511.05586486885,7445.86169432679,8870,Upper-middle
LCA,2001,St. Lucia,UM,5270,7038.46932436103,7019.67744422106,8630,Upper-middle
LCA,2002,St. Lucia,UM,5280,6943.91431486824,6962.79624265779,8830,Upper-middle
LCA,2003,St. Lucia,UM,5650,7286.66127669483,7338.37286271649,9210,Upper-middle
LCA,2004,St. Lucia,UM,6300,7912.1804964556,7970.13704985172,9920,Upper-middle
LCA,2005,St. Lucia,UM,6550,7976.06669594797,8080.43528955183,10130,Upper-middle
LCA,2006,St. Lucia,UM,7210,8517.10725145807,8665.26466271417,11250,Upper-middle
LCA,2007,St. Lucia,UM,7500,8625.98458938155,8760.55733774991,11580,Upper-middle
LCA,2008,St. Lucia,UM,8150,9196.38418057304,9283.01738012031,12320,Upper-middle
LCA,2009,St. Lucia,UM,8130,9117.57966336652,9214.59214026161,12190,Upper-middle
LCA,2010,St. Lucia,UM,8240,9129.98891699034,9182.73729699941,12380,Upper-middle
LCA,2011,St. Lucia,UM,8890,9651.08016131465,9655.34674049221,13300,Upper-middle
LCA,2012,St. Lucia,UM,9000,9591.87701264424,9619.59378782024,13130,Upper-middle
LCA,2013,St. Lucia,UM,8710,9147.78534304036,9174.4144278733,13180,Upper-middle
LCA,2014,St. Lucia,UM,9040,9341.60372732225,9377.25678215349,13530,Upper-middle
LCA,2015,St. Lucia,UM,9020,9250.09188277045,9282.16533784908,13160,Upper-middle
LCA,2016,St. Lucia,UM,9710,9873.62163934407,9893.5014258684,14400,Upper-middle
LCA,2017,St. Lucia,UM,10260,10260,10260,15180,Upper-middle
LCA,2018,St. Lucia,UM,11060,10802.5689778431,10815.2539752271,16570,Upper-middle
LCA,2019,St. Lucia,UM,11100,10680.7040304645,10696.6555127358,17590,Upper-middle
LCA,2020,St. Lucia,UM,8560,8181.12558707849,8158.6862868931,14560,Upper-middle
LCA,2021,St. Lucia,UM,9860,9027.73470015434,9078.74124439342,18450,Upper-middle
LCA,2022,St. Lucia,UM,11740,10033.6967126676,10260.0056746788,22480,Upper-middle
LCA,2023,St. Lucia,UM,12440,10262.6670903979,10531.8427430815,23850,Upper-middle
LIE,1994,Liechtenstein,H,61900,93762.4428608044,92556.5061413337,,High
LIE,1995,Liechtenstein,H,70290,104284.593390312,101342.010727322,,High
LIE,1996,Liechtenstein,H,79390,115668.047929044,111968.489788109,,High
LIE,1997,Liechtenstein,H,81680,116987.070897037,113682.202226273,,High
LIE,1998,Liechtenstein,H,79220,112202.718740363,109511.124694261,,High
LIE,1999,Liechtenstein,H,79990,111712.44809726,109911.814199244,,High
LIE,2000,Liechtenstein,H,80170,109483.88157937,108533.587642578,,High
LIE,2001,Liechtenstein,H,68970,92114.4647630323,91868.5300432498,,High
LIE,2002,Liechtenstein,H,65420,86036.150469447,86270.1004156577,,High
LIE,2003,Liechtenstein,H,68640,88523.2619526254,89151.4890790902,,High
LIE,2004,Liechtenstein,H,78690,98826.9021057287,99550.807056005,,High
LIE,2005,Liechtenstein,H,92620,112785.236241023,114261.055956991,,High
LIE,2006,Liechtenstein,H,103870,122700.683801519,124835.095772,,High
LIE,2007,Liechtenstein,H,112050,128872.20976536,130882.726625984,,High
LIE,2008,Liechtenstein,H,121890,137539.542057675,138835.213308327,,High
LIE,2009,Liechtenstein,H,116380,130517.087481254,131905.809751986,,High
LIE,2010,Liechtenstein,H,,,,,High
LIE,2011,Liechtenstein,H,,,,,High
LIE,2012,Liechtenstein,H,,,,,High
LIE,2013,Liechtenstein,H,,,,,High
LIE,2014,Liechtenstein,H,,,,,High
LIE,2015,Liechtenstein,H,,,,,High
LIE,2016,Liechtenstein,H,,,,,High
LIE,2017,Liechtenstein,H,,,,,High
LIE,2018,Liechtenstein,H,,,,,High
LIE,2019,Liechtenstein,H,,,,,High
LIE,2020,Liechtenstein,H,,,,,High
LIE,2021,Liechtenstein,H,,,,,High
LIE,2022,Liechtenstein,H,,,,,High
LIE,2023,Liechtenstein,H,,,,,High
LKA,1987,Sri Lanka,L,450,841.10169304247,860.601514532179,,Low
LKA,1988,Sri Lanka,L,480,866.605626878775,884.601916325975,,Low
LKA,1989,Sri Lanka,L,470,816.536895313771,830.815719928827,,Low
LKA,1990,Sri Lanka,L,490,820.566636466564,832.723277484554,2510,Low
LKA,1991,Sri Lanka,L,530,858.518202189235,867.280591732049,2700,Low
LKA,1992,Sri Lanka,L,580,918.577443326184,924.451882675235,2850,Low
LKA,1993,Sri Lanka,L,630,974.662487008204,974.193185897417,3070,Low
LKA,1994,Sri Lanka,L,670,1014.87619897801,1001.82324902574,3240,Low
LKA,1995,Sri Lanka,L,720,1068.21606545774,1038.07437364734,3420,Low
LKA,1996,Sri Lanka,L,760,1107.28953805358,1071.87368987231,3540,Low
LKA,1997,Sri Lanka,LM,810,1160.13133480166,1127.35778407543,3770,Lower-middle
LKA,1998,Sri Lanka,LM,810,1147.23809870858,1119.71738200393,3900,Lower-middle
LKA,1999,Sri Lanka,LM,830,1159.1615442021,1140.47763202116,4050,Lower-middle
LKA,2000,Sri Lanka,LM,860,1174.45600796131,1164.26201038564,4300,Lower-middle
LKA,2001,Sri Lanka,LM,810,1081.81407072722,1078.92575518388,4260,Lower-middle
LKA,2002,Sri Lanka,LM,820,1078.41093526363,1081.34335586731,4460,Lower-middle
LKA,2003,Sri Lanka,LM,910,1173.60385164465,1181.93262036673,4810,Lower-middle
LKA,2004,Sri Lanka,LM,1030,1293.57871608718,1303.05415259481,5170,Lower-middle
LKA,2005,Sri Lanka,LM,1170,1424.73252431437,1443.37546393521,5620,Lower-middle
LKA,2006,Sri Lanka,LM,1320,1559.30396281895,1586.42848193935,6190,Lower-middle
LKA,2007,Sri Lanka,LM,1500,1725.19691787631,1752.11146754998,6760,Lower-middle
LKA,2008,Sri Lanka,LM,1740,1963.39981278492,1981.89573514225,7170,Lower-middle
LKA,2009,Sri Lanka,LM,1950,2186.87335099197,2210.14202626201,7500,Lower-middle
LKA,2010,Sri Lanka,LM,2360,2614.89973836131,2630.00728409206,8150,Lower-middle
LKA,2011,Sri Lanka,LM,2830,3072.27861153211,3073.63681390247,8990,Lower-middle
LKA,2012,Sri Lanka,LM,3340,3559.65213580353,3569.93813903551,10070,Lower-middle
LKA,2013,Sri Lanka,LM,3630,3812.45244491808,3823.55044468198,11000,Lower-middle
LKA,2014,Sri Lanka,LM,3810,3937.11396029843,3952.14030309788,11460,Lower-middle
LKA,2015,Sri Lanka,LM,3920,4019.99558541687,4033.93438185902,11940,Lower-middle
LKA,2016,Sri Lanka,LM,4020,4087.74036973874,4095.97072420092,12750,Lower-middle
LKA,2017,Sri Lanka,LM,4220,4220,4220,13280,Lower-middle
LKA,2018,Sri Lanka,UM,4350,4248.75000484787,4253.73913130541,13820,Upper-middle
LKA,2019,Sri Lanka,LM,4220,4060.59198275316,4066.65642015722,13720,Lower-middle
LKA,2020,Sri Lanka,LM,3880,3708.26720535801,3698.09612069454,12590,Lower-middle
LKA,2021,Sri Lanka,LM,4010,3671.52293586399,3692.26697667522,13990,Lower-middle
LKA,2022,Sri Lanka,LM,3620,3093.86559623992,3163.64740565052,13830,Lower-middle
LKA,2023,Sri Lanka,LM,3530,2912.15553288623,2988.53737002232,14020,Lower-middle
LSO,1987,Lesotho,L,390,728.954800636808,745.854645927889,,Low
LSO,1988,Lesotho,L,460,830.49705909216,847.743503145726,,Low
LSO,1989,Lesotho,L,490,851.283146178187,866.169580351331,,Low
LSO,1990,Lesotho,L,510,854.059152240709,866.711982688005,1230,Low
LSO,1991,Lesotho,L,550,890.915115479395,900.008161231371,1270,Low
LSO,1992,Lesotho,L,620,981.927611831438,988.207184928699,1300,Low
LSO,1993,Lesotho,L,630,974.662487008204,974.193185897417,1300,Low
LSO,1994,Lesotho,L,660,999.728793023117,986.87066321939,1370,Low
LSO,1995,Lesotho,LM,670,994.034394245399,965.985875477386,1390,Lower-middle
LSO,1996,Lesotho,L,690,1005.30234375917,973.148481594597,1480,Low
LSO,1997,Lesotho,L,690,988.260025942156,960.341816064251,1530,Low
LSO,1998,Lesotho,L,620,878.132865678173,857.067625731403,1510,Low
LSO,1999,Lesotho,L,610,851.913905979858,838.182356063744,1570,Low
LSO,2000,Lesotho,L,590,805.731447322295,798.737890845964,1620,Low
LSO,2001,Lesotho,L,650,868.122402435421,865.804618357436,1950,Low
LSO,2002,Lesotho,L,600,789.081172144118,791.226845756567,2010,Low
LSO,2003,Lesotho,L,680,876.978702327874,883.202397636674,2120,Low
LSO,2004,Lesotho,L,820,1029.83936620533,1037.38291759975,2140,Low
LSO,2005,Lesotho,LM,1040,1266.42891050166,1283.00041238686,2180,Lower-middle
LSO,2006,Lesotho,LM,1160,1370.2974218712,1394.13412049215,2260,Lower-middle
LSO,2007,Lesotho,LM,1320,1518.17328773115,1541.85809144398,2690,Lower-middle
LSO,2008,Lesotho,LM,1310,1478.1918130737,1492.11690404388,2800,Lower-middle
LSO,2009,Lesotho,LM,1190,1334.55348086177,1348.75333910348,2680,Lower-middle
LSO,2010,Lesotho,LM,1270,1407.17062191477,1415.3005299987,2770,Lower-middle
LSO,2011,Lesotho,LM,1350,1465.57460267433,1466.2225083987,2730,Lower-middle
LSO,2012,Lesotho,LM,1490,1587.98852764888,1592.57719376135,2680,Lower-middle
LSO,2013,Lesotho,LM,1440,1512.37782938899,1516.78034169203,2920,Lower-middle
LSO,2014,Lesotho,LM,1330,1374.37311474984,1379.61853100267,3090,Lower-middle
LSO,2015,Lesotho,LM,1280,1312.65161972796,1317.20306346417,3390,Lower-middle
LSO,2016,Lesotho,LM,1240,1260.8950394219,1263.43375572367,3340,Lower-middle
LSO,2017,Lesotho,LM,1160,1160,1160,2970,Lower-middle
LSO,2018,Lesotho,LM,1250,1220.90517380686,1222.33883083489,3130,Lower-middle
LSO,2019,Lesotho,LM,1290,1241.27100894587,1243.12482985849,3030,Lower-middle
LSO,2020,Lesotho,LM,1170,1118.21459543012,1115.14754154964,3040,Lower-middle
LSO,2021,Lesotho,LM,1190,1089.55418794966,1095.71015018541,2970,Lower-middle
LSO,2022,Lesotho,LM,1270,1085.41693569743,1109.89839921993,3320,Lower-middle
LSO,2023,Lesotho,LM,1250,1031.21654847246,1058.26394122604,3500,Lower-middle
LTU,1991,Lithuania,UM,,,,,Upper-middle
LTU,1992,Lithuania,LM,,,,,Lower-middle
LTU,1993,Lithuania,LM,,,,,Lower-middle
LTU,1994,Lithuania,LM,,,,,Lower-middle
LTU,1995,Lithuania,LM,,,,,Lower-middle
LTU,1996,Lithuania,LM,,,,,Lower-middle
LTU,1997,Lithuania,LM,2610,3738.20096769424,3632.59730424304,7030,Lower-middle
LTU,1998,Lithuania,LM,2870,4064.9053620909,3967.39368685343,7670,Lower-middle
LTU,1999,Lithuania,LM,2990,4175.77471947504,4108.46761414852,7730,Lower-middle
LTU,2000,Lithuania,LM,3220,4397.38179725049,4359.2135737695,8320,Lower-middle
LTU,2001,Lithuania,UM,3460,4621.08232681009,4608.74458387189,9270,Upper-middle
LTU,2002,Lithuania,UM,3830,5036.96814885329,5050.66469874608,10190,Upper-middle
LTU,2003,Lithuania,UM,4700,6061.4704425603,6104.48716013584,11370,Upper-middle
LTU,2004,Lithuania,UM,6020,7560.52802994646,7615.90873652498,12310,Upper-middle
LTU,2005,Lithuania,UM,7580,9230.31840538712,9351.09915951189,13720,Upper-middle
LTU,2006,Lithuania,UM,8810,10407.1726609356,10588.2082771861,15210,Upper-middle
LTU,2007,Lithuania,UM,10590,12179.8902402067,12369.9069609029,17270,Upper-middle
LTU,2008,Lithuania,UM,12670,14296.7101310258,14431.3902093404,18800,Upper-middle
LTU,2009,Lithuania,UM,12480,13995.9894463486,14144.9089680769,17440,Upper-middle
LTU,2010,Lithuania,UM,12430,13772.5439609454,13852.114636129,18600,Upper-middle
LTU,2011,Lithuania,UM,13200,14330.0627817045,14336.3978598984,20920,Upper-middle
LTU,2012,Lithuania,H,14040,14963.328139725,15006.5663089996,22550,High
LTU,2013,Lithuania,H,15310,16079.5170610732,16126.3243272951,24350,High
LTU,2014,Lithuania,H,16020,16554.4791716485,16617.6608020021,25970,High
LTU,2015,Lithuania,H,15220,15608.2481658277,15662.3676765037,25990,High
LTU,2016,Lithuania,H,14890,15140.9089814452,15171.394050585,27690,High
LTU,2017,Lithuania,H,15260,15260,15260,30190,High
LTU,2018,Lithuania,H,17550,17141.5086402483,17161.6371849218,35390,High
LTU,2019,Lithuania,H,19200,18474.7312959386,18502.3230490565,39310,High
LTU,2020,Lithuania,H,19800,18923.6316149713,18871.7276262247,40160,High
LTU,2021,Lithuania,H,22050,20188.798188479,20302.8645475532,44340,High
LTU,2022,Lithuania,H,23760,20306.6979465913,20764.7133586343,48930,High
LTU,2023,Lithuania,H,25460,21003.8186592871,21554.7199548919,50750,High
LUX,1987,Luxembourg,H,19980,37344.9151710857,38210.7072452288,,High
LUX,1988,Luxembourg,H,25870,46706.4324319873,47676.357448652,,High
LUX,1989,Luxembourg,H,28540,49582.8999835213,50449.9588229122,,High
LUX,1990,Luxembourg,H,31330,52466.0259601988,53243.3067012063,29870,High
LUX,1991,Luxembourg,H,35170,56969.972020746,57551.4309645588,33340,High
LUX,1992,Luxembourg,H,38990,61750.5767504964,62145.4808715645,34090,High
LUX,1993,Luxembourg,H,40050,61960.686674093,61930.8525320501,35200,High
LUX,1994,Luxembourg,H,41330,62604.228811584,61799.0371376627,35470,High
LUX,1995,Luxembourg,H,45760,67891.0654935365,65975.393525142,37350,High
LUX,1996,Luxembourg,H,48560,70749.9736419499,68487.0873423676,38640,High
LUX,1997,Luxembourg,H,49360,70696.3983775433,68699.2348419296,41060,High
LUX,1998,Luxembourg,H,46350,65647.5134261021,64072.7168591138,41490,High
LUX,1999,Luxembourg,H,46520,64968.9096822672,63921.7101706318,45980,High
LUX,2000,Luxembourg,H,45690,62396.3895392469,61854.8037843256,48780,High
LUX,2001,Luxembourg,H,45000,60100.7817070676,59940.3197324379,50000,High
LUX,2002,Luxembourg,H,42520,55919.5523992798,56071.6091359487,49410,High
LUX,2003,Luxembourg,H,46050,59389.5135914685,59810.9858987777,48730,High
LUX,2004,Luxembourg,H,62680,78719.9164314027,79296.5381404295,58370,High
LUX,2005,Luxembourg,H,73180,89112.757375492,90278.8174792981,62650,High
LUX,2006,Luxembourg,H,71370,84308.7301715065,85775.3036030388,63150,High
LUX,2007,Luxembourg,H,85730,98600.754513024,100139.01074204,72370,High
LUX,2008,Luxembourg,H,86000,97041.5999422432,97955.7662196744,71210,High
LUX,2009,Luxembourg,H,70650,79232.1037167091,80075.1457207236,55430,High
LUX,2010,Luxembourg,H,77640,86025.7693586323,86522.7820071643,61390,High
LUX,2011,Luxembourg,H,79210,85991.2327983952,86029.2480668603,65490,High
LUX,2012,Luxembourg,H,87950,93733.9536957845,94004.8081820878,74230,High
LUX,2013,Luxembourg,H,85160,89440.3444102545,89700.7040961757,72410,High
LUX,2014,Luxembourg,H,86760,89654.5950644334,89996.7697366855,76490,High
LUX,2015,Luxembourg,H,73530,75405.6824989037,75667.1416066566,69410,High
LUX,2016,Luxembourg,H,73730,74972.4123036909,75123.3635560533,75120,High
LUX,2017,Luxembourg,H,75800,75800,75800,82300,High
LUX,2018,Luxembourg,H,80120,78255.1380203244,78347.0297011929,83480,High
LUX,2019,Luxembourg,H,79280,76285.244642813,76399.1755900627,83210,High
LUX,2020,Luxembourg,H,80090,76545.1341435884,76335.1851305221,84630,High
LUX,2021,Luxembourg,H,86850,79519.1438852338,79968.4256668934,92640,High
LUX,2022,Luxembourg,H,84190,71953.7415876903,73576.65057506,95070,High
LUX,2023,Luxembourg,H,88480,72993.6321670747,74908.1548157437,104460,High
LVA,1991,Latvia,UM,,,,,Upper-middle
LVA,1992,Latvia,LM,,,,,Lower-middle
LVA,1993,Latvia,LM,,,,,Lower-middle
LVA,1994,Latvia,LM,,,,,Lower-middle
LVA,1995,Latvia,LM,,,,,Lower-middle
LVA,1996,Latvia,LM,,,,,Lower-middle
LVA,1997,Latvia,LM,2640,3781.16879490912,3674.35129624583,6410,Lower-middle
LVA,1998,Latvia,LM,2790,3951.59789555178,3856.80431579132,6970,Lower-middle
LVA,1999,Latvia,LM,2910,4064.04830557605,3998.54205925491,7190,Lower-middle
LVA,2000,Latvia,LM,3240,4424.6947276682,4386.28943447614,7840,Lower-middle
LVA,2001,Latvia,UM,3520,4701.21670241951,4688.66501018181,8830,Upper-middle
LVA,2002,Latvia,UM,3850,5063.27085459142,5077.03892693797,9590,Upper-middle
LVA,2003,Latvia,UM,4530,5842.22576697834,5883.68656072667,10140,Upper-middle
LVA,2004,Latvia,UM,5610,7045.60834684379,7097.2172777251,11080,Upper-middle
LVA,2005,Latvia,UM,7120,8670.16715651138,8783.61820787924,12690,Upper-middle
LVA,2006,Latvia,UM,8590,10147.2886671324,10323.8035301962,13810,Upper-middle
LVA,2007,Latvia,UM,10730,12340.9086192085,12533.4373645409,15740,Upper-middle
LVA,2008,Latvia,UM,12830,14477.2526425463,14613.6334953305,17210,Upper-middle
LVA,2009,Latvia,H,13360,14982.8861380783,15142.306395313,16660,High
LVA,2010,Latvia,UM,12250,13573.1024554771,13651.5208602236,16540,Upper-middle
LVA,2011,Latvia,UM,12470,13537.5668854436,13543.5516146162,17660,Upper-middle
LVA,2012,Latvia,H,13430,14313.2120310902,14354.5716189362,19280,High
LVA,2013,Latvia,H,14340,15060.7625509987,15104.6042360164,20430,High
LVA,2014,Latvia,H,14810,15304.1096461994,15362.5191309395,21580,High
LVA,2015,Latvia,H,14580,14951.9223559638,15003.7661447716,22430,High
LVA,2016,Latvia,H,14300,14540.9669868816,14570.2441184262,24030,High
LVA,2017,Latvia,H,14360,14360,14360,25690,High
LVA,2018,Latvia,H,16010,15637.3534661182,15655.7157453332,29330,High
LVA,2019,Latvia,H,17010,16367.4572574956,16391.9018262735,31740,High
LVA,2020,Latvia,H,17350,16582.0711373612,16536.5896118686,32760,High
LVA,2021,Latvia,H,19310,17680.0767809311,17779.9689076305,36220,High
LVA,2022,Latvia,H,20630,17631.6152625496,18029.2944692183,39850,High
LVA,2023,Latvia,H,21000,17324.4380143373,17778.8342125974,41250,High
MAC,1987,"Macao SAR, China",UM,6540,12224.0112722172,12507.4086778677,,Upper-middle
MAC,1988,"Macao SAR, China",UM,7600,13721.2557589139,14006.1970084946,,Upper-middle
MAC,1989,"Macao SAR, China",UM,8270,14367.5747324359,14618.8212847051,,Upper-middle
MAC,1990,"Macao SAR, China",UM,9210,15423.303513994,15651.7987461893,28080,Upper-middle
MAC,1991,"Macao SAR, China",UM,10050,16279.4489283053,16445.6036734096,28690,Upper-middle
MAC,1992,"Macao SAR, China",UM,12280,19448.501731113,19572.8777918136,31600,Upper-middle
MAC,1993,"Macao SAR, China",UM,13800,21349.7497154178,21339.4697863244,32620,Upper-middle
MAC,1994,"Macao SAR, China",H,15260,23114.9414871708,22817.6459404968,33490,High
MAC,1995,"Macao SAR, China",H,16420,24361.2608261335,23673.8627990129,33830,High
MAC,1996,"Macao SAR, China",H,16580,24156.39544859,23383.7707606354,33200,High
MAC,1997,"Macao SAR, China",H,16670,23875.7893223996,23201.3015562189,33400,High
MAC,1998,"Macao SAR, China",H,15230,21570.9089423848,21053.4515159504,31610,High
MAC,1999,"Macao SAR, China",H,14330,20012.993889658,19690.4150203171,30280,High
MAC,2000,"Macao SAR, China",H,14620,19965.7521353423,19792.4541765559,31740,High
MAC,2001,"Macao SAR, China",H,15910,21248.9652657655,21192.2330431797,35960,High
MAC,2002,"Macao SAR, China",H,16670,21923.3052327374,21982.9191979366,39200,High
MAC,2003,"Macao SAR, China",H,18510,23871.8761471896,24041.2887944924,43480,High
MAC,2004,"Macao SAR, China",H,23050,28948.5334036987,29160.5807935051,53310,High
MAC,2005,"Macao SAR, China",H,24430,29748.9021957266,30138.1731486643,56360,High
MAC,2006,"Macao SAR, China",H,25920,30619.0596335358,31151.6865544454,59840,High
MAC,2007,"Macao SAR, China",H,33070,38034.8413827797,38628.2174879186,74100,High
MAC,2008,"Macao SAR, China",H,32190,36322.896536521,36665.0711001316,67320,High
MAC,2009,"Macao SAR, China",H,35520,39834.7391934537,40258.587062988,70610,High
MAC,2010,"Macao SAR, China",H,45370,50270.3394616325,50560.7756268038,88060,High
MAC,2011,"Macao SAR, China",H,54620,59296.0628133865,59322.2765990646,103650,High
MAC,2012,"Macao SAR, China",H,60370,64340.1794725925,64526.0974411898,112040,High
MAC,2013,"Macao SAR, China",H,67830,71239.2973385106,71446.6740117848,124420,High
MAC,2014,"Macao SAR, China",H,68530,70816.383123163,71086.6600974534,121990,High
MAC,2015,"Macao SAR, China",H,57990,59469.2714281439,59675.4731642869,97040,High
MAC,2016,"Macao SAR, China",H,59670,60675.4895179877,60797.655003251,97050,High
MAC,2017,"Macao SAR, China",H,66940,66940,66940,107460,High
MAC,2018,"Macao SAR, China",H,72850,71154.3535294637,71237.9070610572,114250,High
MAC,2019,"Macao SAR, China",H,71690,68981.9524273873,69084.9760097325,111260,High
MAC,2020,"Macao SAR, China",H,43910,41966.4981925954,41851.3919226024,67970,High
MAC,2021,"Macao SAR, China",H,46330,42419.3659896705,42659.034670664,73160,High
MAC,2022,"Macao SAR, China",H,45390,38792.9722136271,39667.9435752699,75690,High
MAC,2023,"Macao SAR, China",H,65040,53656.2594501191,55063.5893898731,113320,High
MAF,2010,St. Martin (French part),H,,,,,High
MAF,2011,St. Martin (French part),H,,,,,High
MAF,2012,St. Martin (French part),H,,,,,High
MAF,2013,St. Martin (French part),H,,,,,High
MAF,2014,St. Martin (French part),H,,,,,High
MAF,2015,St. Martin (French part),H,,,,,High
MAF,2016,St. Martin (French part),H,,,,,High
MAF,2017,St. Martin (French part),H,,,,,High
MAF,2018,St. Martin (French part),H,,,,,High
MAF,2019,St. Martin (French part),H,,,,,High
MAF,2020,St. Martin (French part),H,,,,,High
MAF,2021,St. Martin (French part),H,,,,,High
MAF,2022,St. Martin (French part),H,,,,,High
MAF,2023,St. Martin (French part),H,,,,,High
MAR,1987,Morocco,LM,880,1644.82108861639,1682.95407286293,,Lower-middle
MAR,1988,Morocco,LM,1100,1985.97122826386,2027.21272491369,,Lower-middle
MAR,1989,Morocco,LM,1130,1963.16317383949,1997.49311387144,,Lower-middle
MAR,1990,Morocco,LM,1180,1976.05843067458,2005.33360700362,2710,Lower-middle
MAR,1991,Morocco,LM,1260,2041.00553728007,2061.83687845732,2940,Lower-middle
MAR,1992,Morocco,LM,1300,2058.88047642076,2072.0473232376,2910,Lower-middle
MAR,1993,Morocco,LM,1250,1933.85414088929,1932.9229878917,2890,Lower-middle
MAR,1994,Morocco,LM,1380,2090.34202177561,2063.45684127691,3230,Lower-middle
MAR,1995,Morocco,LM,1330,1973.23245424833,1917.55405132078,3060,Lower-middle
MAR,1996,Morocco,LM,1550,2258.28787366191,2186.05818329221,3470,Lower-middle
MAR,1997,Morocco,LM,1490,2134.06875167219,2073.78160280541,3420,Lower-middle
MAR,1998,Morocco,LM,1540,2181.16873087804,2128.84539294574,3680,Lower-middle
MAR,1999,Morocco,LM,1550,2164.69926929308,2129.80762606361,3740,Lower-middle
MAR,2000,Morocco,LM,1580,2157.72150299869,2138.99299582479,3860,Lower-middle
MAR,2001,Morocco,LM,1580,2110.20522438149,2104.57122616115,4200,Lower-middle
MAR,2002,Morocco,LM,1550,2038.45969470564,2044.00268487113,4380,Lower-middle
MAR,2003,Morocco,LM,1740,2244.03373830956,2259.95907630561,4680,Lower-middle
MAR,2004,Morocco,LM,2060,2587.15743217437,2606.10830518961,4980,Lower-middle
MAR,2005,Morocco,LM,2300,2800.75624437868,2837.40475816324,5250,Lower-middle
MAR,2006,Morocco,LM,2490,2941.41429349939,2992.58100002195,5750,Lower-middle
MAR,2007,Morocco,LM,2630,3024.84526267646,3072.03543977097,6040,Lower-middle
MAR,2008,Morocco,LM,2970,3351.3203700984,3382.89099619108,6420,Lower-middle
MAR,2009,Morocco,LM,3150,3532.64156698703,3570.22942703863,6540,Lower-middle
MAR,2010,Morocco,LM,3190,3534.54668024262,3554.96747298885,6760,Lower-middle
MAR,2011,Morocco,LM,3260,3539.0912627543,3540.65583509613,7160,Lower-middle
MAR,2012,Morocco,LM,3230,3442.41808342676,3452.36532607327,7170,Lower-middle
MAR,2013,Morocco,LM,3350,3518.37897809245,3528.62093379742,7450,Lower-middle
MAR,2014,Morocco,LM,3330,3441.09960309547,3454.23286333751,7090,Lower-middle
MAR,2015,Morocco,LM,3300,3384.17995711114,3395.91414799356,7680,Lower-middle
MAR,2016,Morocco,LM,3150,3203.08014046692,3209.52929881416,7740,Lower-middle
MAR,2017,Morocco,LM,3160,3160,3160,7990,Lower-middle
MAR,2018,Morocco,LM,3380,3301.32758997374,3305.20419857753,7680,Lower-middle
MAR,2019,Morocco,LM,3510,3377.41181503877,3382.45593240565,7930,Lower-middle
MAR,2020,Morocco,LM,3260,3115.70904367709,3107.16323542892,7630,Lower-middle
MAR,2021,Morocco,LM,3630,3323.59806912376,3342.37634048155,8500,Lower-middle
MAR,2022,Morocco,LM,3700,3162.23831659881,3233.5622654439,9170,Lower-middle
MAR,2023,Morocco,LM,3780,3118.39884258072,3200.19015826753,9740,Lower-middle
MCO,1994,Monaco,H,,,,,High
MCO,1995,Monaco,H,,,,,High
MCO,1996,Monaco,H,,,,,High
MCO,1997,Monaco,H,,,,,High
MCO,1998,Monaco,H,,,,,High
MCO,1999,Monaco,H,,,,,High
MCO,2000,Monaco,H,,,,,High
MCO,2001,Monaco,H,,,,,High
MCO,2002,Monaco,H,,,,,High
MCO,2003,Monaco,H,,,,,High
MCO,2004,Monaco,H,,,,,High
MCO,2005,Monaco,H,,,,,High
MCO,2006,Monaco,H,,,,,High
MCO,2007,Monaco,H,,,,,High
MCO,2008,Monaco,H,,,,,High
MCO,2009,Monaco,H,,,,,High
MCO,2010,Monaco,H,,,,,High
MCO,2011,Monaco,H,,,,,High
MCO,2012,Monaco,H,,,,,High
MCO,2013,Monaco,H,,,,,High
MCO,2014,Monaco,H,,,,,High
MCO,2015,Monaco,H,,,,,High
MCO,2016,Monaco,H,,,,,High
MCO,2017,Monaco,H,,,,,High
MCO,2018,Monaco,H,,,,,High
MCO,2019,Monaco,H,,,,,High
MCO,2020,Monaco,H,,,,,High
MCO,2021,Monaco,H,,,,,High
MCO,2022,Monaco,H,,,,,High
MCO,2023,Monaco,H,,,,,High
MDA,1991,Moldova,LM,,,,,Lower-middle
MDA,1992,Moldova,LM,790,1251.16582797877,1259.16721950592,4360,Lower-middle
MDA,1993,Moldova,LM,800,1237.66665016915,1237.07071225069,4420,Lower-middle
MDA,1994,Moldova,LM,570,863.402139429055,852.297390962201,3100,Lower-middle
MDA,1995,Moldova,LM,590,875.34372030565,850.644278405459,3120,Lower-middle
MDA,1996,Moldova,L,600,874.175951094933,846.216070951824,3110,Low
MDA,1997,Moldova,L,630,902.324371512404,876.833832058664,3220,Low
MDA,1998,Moldova,L,580,821.479132408613,801.772940200345,3010,Low
MDA,1999,Moldova,L,510,712.255888606111,700.775412446737,2980,Low
MDA,2000,Moldova,L,490,669.16679523377,663.35858731275,3170,Low
MDA,2001,Moldova,L,500,667.786463411863,666.003552582643,3520,Low
MDA,2002,Moldova,L,590,775.929819275049,778.039731660624,3940,Low
MDA,2003,Moldova,L,710,915.66893919528,922.167209297116,4350,Low
MDA,2004,Moldova,L,910,1142.8705161547,1151.24201831192,4880,Low
MDA,2005,Moldova,LM,1120,1363.84651900179,1381.69275180123,5420,Lower-middle
MDA,2006,Moldova,LM,1280,1512.05232758201,1538.35489157755,5790,Lower-middle
MDA,2007,Moldova,LM,1440,1656.18904116126,1682.02700884798,6030,Lower-middle
MDA,2008,Moldova,LM,1870,2110.09060339529,2129.9684050092,6660,Lower-middle
MDA,2009,Moldova,LM,1950,2186.87335099197,2210.14202626201,6100,Lower-middle
MDA,2010,Moldova,LM,2380,2637.05990563556,2652.29548141488,6790,Lower-middle
MDA,2011,Moldova,LM,2730,2963.71752985253,2965.02773920627,7310,Lower-middle
MDA,2012,Moldova,LM,3140,3346.49931330032,3356.16938819506,7940,Lower-middle
MDA,2013,Moldova,LM,3620,3801.94982110288,3813.01724786468,9020,Lower-middle
MDA,2014,Moldova,LM,3730,3854.4449007646,3869.15572980448,9400,Lower-middle
MDA,2015,Moldova,LM,3290,3373.92486633201,3385.62349906025,9730,Lower-middle
MDA,2016,Moldova,LM,3170,3223.41715723179,3229.90726261615,10900,Lower-middle
MDA,2017,Moldova,LM,3300,3300,3300,11910,Lower-middle
MDA,2018,Moldova,LM,3850,3760.38793532512,3764.80359897145,12430,Lower-middle
MDA,2019,Moldova,LM,4490,4320.3928916023,4326.84533803458,14120,Lower-middle
MDA,2020,Moldova,UM,4360,4167.02191117549,4155.59254799696,13990,Upper-middle
MDA,2021,Moldova,UM,5270,4825.16854663422,4852.43066510683,15990,Upper-middle
MDA,2022,Moldova,UM,5540,4734.81088485336,4841.60404069168,16520,Upper-middle
MDA,2023,Moldova,UM,6250,5156.08274236231,5291.31970613018,18030,Upper-middle
MDG,1987,Madagascar,L,350,654.190205699699,669.356733525028,,Low
MDG,1988,Madagascar,L,330,595.791368479158,608.163817474108,,Low
MDG,1989,Madagascar,L,290,503.820637534029,512.630976126298,,Low
MDG,1990,Madagascar,L,300,502.387736612182,509.830578051768,1120,Low
MDG,1991,Madagascar,L,260,421.159872772078,425.458403491194,1040,Low
MDG,1992,Madagascar,L,280,443.451179536779,446.287115774251,1060,Low
MDG,1993,Madagascar,L,280,433.183327559202,432.974749287741,1070,Low
MDG,1994,Madagascar,L,270,408.979960782184,403.719816771569,1060,Low
MDG,1995,Madagascar,L,270,400.581024546653,389.277890117752,1060,Low
MDG,1996,Madagascar,L,280,407.948777177635,394.900833110851,1080,Low
MDG,1997,Madagascar,L,290,415.355663077138,403.621922693671,1120,Low
MDG,1998,Madagascar,L,290,410.739566204307,400.886470100173,1140,Low
MDG,1999,Madagascar,L,270,377.076646909118,370.99874776592,1180,Low
MDG,2000,Madagascar,L,280,382.381025847869,379.062049893,1220,Low
MDG,2001,Madagascar,L,290,387.31614877888,386.282060497933,1280,Low
MDG,2002,Madagascar,L,260,341.935174595784,342.864966494512,1090,Low
MDG,2003,Madagascar,L,320,412.695859918999,415.624657711376,1200,Low
MDG,2004,Madagascar,L,330,414.447549814341,417.483369277947,1260,Low
MDG,2005,Madagascar,L,320,389.670434000512,394.769357657494,1310,Low
MDG,2006,Madagascar,L,310,366.200173086269,372.570325303938,1380,Low
MDG,2007,Madagascar,L,360,414.047260290314,420.506752211996,1480,Low
MDG,2008,Madagascar,L,430,485.207999711216,489.778831098372,1560,Low
MDG,2009,Madagascar,L,450,504.663080998147,510.032775291233,1460,Low
MDG,2010,Madagascar,L,450,498.603763670589,501.484439763317,1440,Low
MDG,2011,Madagascar,L,460,499.380975726067,499.601743602521,1450,Low
MDG,2012,Madagascar,L,470,500.909132882532,502.356564475057,1420,Low
MDG,2013,Madagascar,L,490,514.628566944865,516.126644047981,1420,Low
MDG,2014,Madagascar,L,500,516.681622086407,518.653583083711,1460,Low
MDG,2015,Madagascar,L,470,481.989266618859,483.66049986575,1450,Low
MDG,2016,Madagascar,L,450,457.58287720956,458.50418554488,1510,Low
MDG,2017,Madagascar,L,450,450,450,1510,Low
MDG,2018,Madagascar,L,480,468.827586741833,469.378111040597,1500,Low
MDG,2019,Madagascar,L,500,481.112794165067,481.831329402514,1560,Low
MDG,2020,Madagascar,L,450,430.082536703893,428.902900596016,1450,Low
MDG,2021,Madagascar,L,470,430.328124652388,432.759471081634,1550,Low
MDG,2022,Madagascar,L,500,427.329502243083,436.967873708635,1680,Low
MDG,2023,Madagascar,L,510,420.736351776764,431.771688020223,1770,Low
MDV,1987,Maldives,L,670,1252.30696519657,1281.34003274791,,Low
MDV,1988,Maldives,L,820,1480.45127925124,1511.19494039021,,Low
MDV,1989,Maldives,L,820,1424.59628544105,1449.50827732264,,Low
MDV,1990,Maldives,L,920,1540.65572561069,1563.48043935875,4080,Low
MDV,1991,Maldives,L,900,1457.86109805719,1472.74062746952,4010,Low
MDV,1992,Maldives,L,990,1567.91667050504,1577.94373077325,4260,Low
MDV,1993,Maldives,LM,1090,1686.32081085546,1685.50884544156,4410,Lower-middle
MDV,1994,Maldives,LM,1250,1893.42574436196,1869.0732257943,4860,Lower-middle
MDV,1995,Maldives,LM,1530,2269.9591390977,2205.9080440006,5910,Lower-middle
MDV,1996,Maldives,LM,1640,2389.41426632615,2312.99059393498,6360,Lower-middle
MDV,1997,Maldives,LM,1740,2492.13397846283,2421.73153616202,6840,Lower-middle
MDV,1998,Maldives,LM,1830,2591.90829708235,2529.73186304592,7310,Lower-middle
MDV,1999,Maldives,LM,1950,2723.33133878807,2679.43540053164,7730,Lower-middle
MDV,2000,Maldives,LM,2050,2799.57536781475,2775.27572243089,8120,Lower-middle
MDV,2001,Maldives,LM,2240,2991.68335608514,2983.69591557024,8000,Lower-middle
MDV,2002,Maldives,LM,2650,3485.10851030319,3494.58523542484,8600,Lower-middle
MDV,2003,Maldives,LM,3470,4475.17073099665,4506.92988205774,9720,Lower-middle
MDV,2004,Maldives,LM,3890,4885.45748114481,4921.24335300368,10460,Lower-middle
MDV,2005,Maldives,LM,3660,4456.85558888085,4515.17452820759,9450,Lower-middle
MDV,2006,Maldives,LM,4710,5563.88004914944,5660.66526510176,11760,Lower-middle
MDV,2007,Maldives,LM,4570,5256.09994312982,5338.09960446894,10910,Lower-middle
MDV,2008,Maldives,LM,5500,6206.14883351555,6264.61295590941,12060,Lower-middle
MDV,2009,Maldives,LM,5490,6156.88958817739,6222.39985855304,10920,Lower-middle
MDV,2010,Maldives,UM,6000,6648.05018227452,6686.45919684423,11250,Upper-middle
MDV,2011,Maldives,UM,6720,7295.30468886776,7298.52981958466,12260,Upper-middle
MDV,2012,Maldives,UM,6810,7257.85360623414,7278.82596611732,12660,Upper-middle
MDV,2013,Maldives,UM,7050,7404.34978971694,7425.90375620055,13570,Upper-middle
MDV,2014,Maldives,UM,7720,7977.56424501413,8008.01132281249,15110,Upper-middle
MDV,2015,Maldives,UM,8210,8419.42952966135,8448.62277425066,16440,Upper-middle
MDV,2016,Maldives,UM,8720,8866.93930948304,8884.79221766967,17270,Upper-middle
MDV,2017,Maldives,UM,9400,9400,9400,18230,Upper-middle
MDV,2018,Maldives,UM,10220,9982.12070104487,9993.84228090604,19900,Upper-middle
MDV,2019,Maldives,UM,10730,10324.6805627823,10340.100328978,20820,Upper-middle
MDV,2020,Maldives,UM,7050,6737.95974169432,6719.47877600425,12320,Upper-middle
MDV,2021,Maldives,UM,9350,8560.78290531877,8609.15118002825,17110,Upper-middle
MDV,2022,Maldives,UM,10570,9033.74567741877,9237.50085020055,20250,Upper-middle
MDV,2023,Maldives,UM,11130,9181.95214759879,9422.78213267662,21950,Upper-middle
MEX,1987,Mexico,LM,2070,3869.06778799536,3958.76696684802,,Lower-middle
MEX,1988,Mexico,LM,2120,3827.50818538126,3906.99179710639,,Lower-middle
MEX,1989,Mexico,LM,2400,4169.55010372989,4242.46325070039,,Lower-middle
MEX,1990,Mexico,UM,2820,4722.44472415451,4792.40743368662,8360,Upper-middle
MEX,1991,Mexico,UM,3280,5313.09377958621,5367.3213978889,8890,Upper-middle
MEX,1992,Mexico,UM,3810,6034.10355012545,6072.69253964249,9280,Upper-middle
MEX,1993,Mexico,UM,4640,7178.46657098106,7175.010131054,8840,Upper-middle
MEX,1994,Mexico,UM,5540,8391.66289901222,8283.73253672033,9250,Upper-middle
MEX,1995,Mexico,UM,5110,7581.36679790148,7367.44451296931,8620,Upper-middle
MEX,1996,Mexico,UM,4900,7139.10360060862,6910.76457943989,9190,Upper-middle
MEX,1997,Mexico,UM,4930,7061.04627231135,6861.5726857924,9930,Upper-middle
MEX,1998,Mexico,UM,5340,7563.2733914862,7381.84051839628,10500,Upper-middle
MEX,1999,Mexico,UM,5850,8169.99401636421,8038.30620159493,10800,Upper-middle
MEX,2000,Mexico,UM,6570,8972.29764221606,8894.42024213218,11470,Upper-middle
MEX,2001,Mexico,UM,7100,9482.56778044845,9457.25044667353,11530,Upper-middle
MEX,2002,Mexico,UM,7490,9850.3632989324,9877.14845786114,11620,Upper-middle
MEX,2003,Mexico,UM,7780,10033.6680942807,10104.8744906078,11930,Upper-middle
MEX,2004,Mexico,UM,8240,10348.6297286975,10424.4332207584,12540,Upper-middle
MEX,2005,Mexico,UM,8490,10338.4437020761,10473.7245203504,13070,Upper-middle
MEX,2006,Mexico,UM,9140,10796.9986516403,10984.8153976709,14320,Upper-middle
MEX,2007,Mexico,UM,9720,11179.2760278385,11353.6823097239,14790,Upper-middle
MEX,2008,Mexico,UM,10260,11577.288551249,11686.3507141146,15470,Upper-middle
MEX,2009,Mexico,UM,9230,10351.2005280287,10461.3389243068,14960,Upper-middle
MEX,2010,Mexico,UM,9470,10492.8392043566,10553.4614323525,15730,Upper-middle
MEX,2011,Mexico,UM,9760,10595.561571927,10600.2456903492,17010,Upper-middle
MEX,2012,Mexico,UM,10500,11190.5231814183,11222.8594191236,17630,Upper-middle
MEX,2013,Mexico,UM,10710,11248.3101060806,11281.0537913344,17640,Upper-middle
MEX,2014,Mexico,UM,10950,11315.3275236923,11358.5134695333,18370,Upper-middle
MEX,2015,Mexico,UM,10580,10849.8860443139,10887.506571446,18590,Upper-middle
MEX,2016,Mexico,UM,9740,9904.12716449137,9924.0683715714,19580,Upper-middle
MEX,2017,Mexico,UM,9270,9270,9270,19970,Upper-middle
MEX,2018,Mexico,UM,9560,9337.48276927485,9348.44737822521,20380,Upper-middle
MEX,2019,Mexico,UM,9860,9487.54430093512,9501.71381581758,20370,Upper-middle
MEX,2020,Mexico,UM,8920,8525.1916164416,8501.80860736992,18730,Upper-middle
MEX,2021,Mexico,UM,9880,9046.04653524594,9097.15654103519,20250,Upper-middle
MEX,2022,Mexico,UM,10730,9170.49111813655,9377.33056978731,22600,Upper-middle
MEX,2023,Mexico,UM,12020,9916.17833011119,10176.2660588296,24620,Upper-middle
MHL,1991,Marshall Islands,LM,2240,3628.4542884979,3665.48778392413,2660,Lower-middle
MHL,1992,Marshall Islands,LM,2500,3959.38553157838,3984.70639084153,2880,Lower-middle
MHL,1993,Marshall Islands,LM,2690,4161.65411119376,4159.65026994294,3090,Lower-middle
MHL,1994,Marshall Islands,LM,2890,4377.60032096486,4321.29729803642,3310,Lower-middle
MHL,1995,Marshall Islands,LM,3210,4762.46329183243,4628.08158251106,3630,Lower-middle
MHL,1996,Marshall Islands,LM,2790,4064.91817259144,3934.90472992598,3150,Lower-middle
MHL,1997,Marshall Islands,LM,2630,3766.84618583749,3660.43329891156,2980,Lower-middle
MHL,1998,Marshall Islands,LM,2690,3809.96356237788,3718.56760196367,3060,Lower-middle
MHL,1999,Marshall Islands,LM,2810,3924.3902882023,3861.1351156379,3110,Lower-middle
MHL,2000,Marshall Islands,LM,2940,4015.00077140262,3980.1515238765,3250,Lower-middle
MHL,2001,Marshall Islands,LM,3100,4140.27607315355,4129.22202601239,3490,Lower-middle
MHL,2002,Marshall Islands,LM,3100,4076.91938941128,4088.00536974226,3540,Lower-middle
MHL,2003,Marshall Islands,LM,3200,4126.95859918999,4156.24657711376,3560,Lower-middle
MHL,2004,Marshall Islands,LM,3400,4270.06566475381,4301.34380468188,3660,Lower-middle
MHL,2005,Marshall Islands,LM,3610,4395.96958356827,4453.4918160736,3920,Lower-middle
MHL,2006,Marshall Islands,LM,3540,4181.76971846901,4254.51274701916,3940,Lower-middle
MHL,2007,Marshall Islands,LM,3730,4289.98966911909,4356.91718264095,4220,Lower-middle
MHL,2008,Marshall Islands,LM,3630,4096.05823012026,4134.64455090021,4030,Lower-middle
MHL,2009,Marshall Islands,LM,3730,4183.09620471797,4227.60500408066,4110,Lower-middle
MHL,2010,Marshall Islands,LM,3820,4232.59194938144,4257.04568865749,4260,Lower-middle
MHL,2011,Marshall Islands,LM,3860,4190.45775283178,4192.31028327333,4280,Lower-middle
MHL,2012,Marshall Islands,UM,3860,4113.84947431186,4125.73689122068,4160,Upper-middle
MHL,2013,Marshall Islands,UM,4350,4568.64135961258,4581.940615528,4580,Upper-middle
MHL,2014,Marshall Islands,UM,4560,4712.13639342804,4730.12067772344,4810,Upper-middle
MHL,2015,Marshall Islands,UM,4980,5107.03520800408,5124.74316879029,5440,Upper-middle
MHL,2016,Marshall Islands,UM,5060,5145.26524151195,5155.62484190465,5530,Upper-middle
MHL,2017,Marshall Islands,UM,5310,5310,5310,5770,Upper-middle
MHL,2018,Marshall Islands,UM,6040,5899.41379983474,5906.34123059417,6370,Upper-middle
MHL,2019,Marshall Islands,UM,6770,6514.26723299501,6523.99620011004,7340,Upper-middle
MHL,2020,Marshall Islands,UM,6610,6317.43459469496,6300.10705097704,7290,Upper-middle
MHL,2021,Marshall Islands,UM,6720,6152.77659077456,6187.53967163527,7410,Upper-middle
MHL,2022,Marshall Islands,UM,7580,6478.31525400513,6624.43296542291,8490,Upper-middle
MHL,2023,Marshall Islands,UM,7980,6583.28644544819,6755.95700078701,9070,Upper-middle
MKD,1992,North Macedonia,LM,1710,2708.21970359961,2725.53917133561,4880,Lower-middle
MKD,1993,North Macedonia,LM,1440,2227.79997030447,2226.72728205124,4730,Lower-middle
MKD,1994,North Macedonia,LM,1390,2105.4894277305,2078.40942708326,4820,Lower-middle
MKD,1995,North Macedonia,LM,1780,2640.86749515942,2566.35053485037,4870,Lower-middle
MKD,1996,North Macedonia,LM,2160,3147.03342394176,3046.37785542656,4970,Lower-middle
MKD,1997,North Macedonia,LM,2220,3179.61921390085,3089.79540820672,5150,Lower-middle
MKD,1998,North Macedonia,LM,2010,2846.85009679537,2778.55794793568,5370,Lower-middle
MKD,1999,North Macedonia,LM,1910,2667.46813183857,2624.47262308484,5620,Lower-middle
MKD,2000,North Macedonia,LM,1920,2622.04132009967,2599.28262783771,6040,Lower-middle
MKD,2001,North Macedonia,LM,1820,2430.74272681918,2424.25293140082,6010,Lower-middle
MKD,2002,North Macedonia,LM,1850,2433.0002807777,2439.61610774941,6320,Lower-middle
MKD,2003,North Macedonia,LM,2120,2734.11007196337,2753.51335733787,6530,Lower-middle
MKD,2004,North Macedonia,LM,2610,3277.9033485316,3301.91392065286,7180,Lower-middle
MKD,2005,North Macedonia,LM,3070,3738.40072619241,3787.31852502658,7830,Lower-middle
MKD,2006,North Macedonia,LM,3430,4051.82772156743,4122.31037352422,8850,Lower-middle
MKD,2007,North Macedonia,LM,3730,4289.98966911909,4356.91718264095,9190,Lower-middle
MKD,2008,North Macedonia,UM,4540,5122.89376439284,5171.15323996886,10790,Upper-middle
MKD,2009,North Macedonia,UM,4860,5450.36127477999,5508.35397314532,11450,Upper-middle
MKD,2010,North Macedonia,UM,5010,5551.12190219922,5583.19342936493,11830,Upper-middle
MKD,2011,North Macedonia,UM,5140,5580.0395983304,5582.5064393847,12200,Upper-middle
MKD,2012,North Macedonia,UM,5090,5424.73933270657,5440.41470888945,12450,Upper-middle
MKD,2013,North Macedonia,UM,5400,5671.41686020872,5687.9262813451,13340,Upper-middle
MKD,2014,North Macedonia,UM,5630,5817.83506469295,5840.03934552258,14210,Upper-middle
MKD,2015,North Macedonia,UM,5550,5691.57538241419,5711.31015798918,14560,Upper-middle
MKD,2016,North Macedonia,UM,5440,5531.66856004446,5542.80615414255,15800,Upper-middle
MKD,2017,North Macedonia,UM,5390,5390,5390,16480,Upper-middle
MKD,2018,North Macedonia,UM,6050,5909.18104122519,5916.11994124085,17690,Upper-middle
MKD,2019,North Macedonia,UM,6520,6273.71083591247,6283.08053540878,19290,Upper-middle
MKD,2020,North Macedonia,UM,6460,6174.07374912699,6157.13941744503,19210,Upper-middle
MKD,2021,North Macedonia,UM,7050,6454.92186978581,6491.39206622451,21170,Upper-middle
MKD,2022,North Macedonia,UM,7570,6469.76866396027,6615.69360794874,23170,Upper-middle
MKD,2023,North Macedonia,UM,7940,6550.28751589707,6722.09255466778,24070,Upper-middle
MLI,1987,Mali,L,210,392.514123419819,401.614040115017,,Low
MLI,1988,Mali,L,260,469.411381226003,479.159371343237,,Low
MLI,1989,Mali,L,260,451.701261237405,459.600185492543,,Low
MLI,1990,Mali,L,270,452.148962950964,458.847520246591,780,Low
MLI,1991,Mali,L,290,469.755242707317,474.549757740178,830,Low
MLI,1992,Mali,L,300,475.126263789406,478.164766900983,800,Low
MLI,1993,Mali,L,300,464.124993813431,463.901517094008,840,Low
MLI,1994,Mali,L,270,408.979960782184,403.719816771569,890,Low
MLI,1995,Mali,L,260,385.744690304185,374.860190483762,910,Low
MLI,1996,Mali,L,240,349.670380437973,338.486428380729,890,Low
MLI,1997,Mali,L,270,386.710444933887,375.785928025142,980,Low
MLI,1998,Mali,L,260,368.249266252137,359.415455951879,980,Low
MLI,1999,Mali,L,290,405.008250383867,398.480136489321,1140,Low
MLI,2000,Mali,L,280,382.381025847869,379.062049893,1130,Low
MLI,2001,Mali,L,290,387.31614877888,386.282060497933,1250,Low
MLI,2002,Mali,L,280,368.237880333922,369.239194686398,1250,Low
MLI,2003,Mali,L,330,425.592605541468,428.612928264857,1390,Low
MLI,2004,Mali,L,500,627.950833052032,632.550559512041,1850,Low
MLI,2005,Mali,L,550,669.74605843838,678.509833473818,1860,Low
MLI,2006,Mali,L,590,696.961619744835,709.085457836527,1920,Low
MLI,2007,Mali,L,630,724.58270550805,735.886816370992,1910,Low
MLI,2008,Mali,L,720,812.441301842036,820.094786955414,1970,Low
MLI,2009,Mali,L,770,863.534605263496,872.722748831665,1940,Low
MLI,2010,Mali,L,810,897.48677460706,902.671991573971,2020,Low
MLI,2011,Mali,L,830,901.056977940513,901.455319978462,1990,Low
MLI,2012,Mali,L,830,884.584213388302,887.140315987867,1940,Low
MLI,2013,Mali,L,880,924.230895737717,926.921319922905,2010,Low
MLI,2014,Mali,L,900,930.026919755533,933.576449550679,2120,Low
MLI,2015,Mali,L,890,912.703079342095,915.867755064931,2290,Low
MLI,2016,Mali,L,870,884.660229271817,886.441425386767,2480,Low
MLI,2017,Mali,L,860,860,860,2540,Low
MLI,2018,Mali,L,930,908.353449312302,909.420090141156,2620,Low
MLI,2019,Mali,L,960,923.736564796928,925.116152452827,2720,Low
MLI,2020,Mali,L,930,888.837242521378,886.399327898433,2630,Low
MLI,2021,Mali,L,960,878.968084396366,883.934238805039,2700,Low
MLI,2022,Mali,L,1000,854.659004486165,873.93574741727,2910,Low
MLI,2023,Mali,L,1010,833.222971165749,855.077264510637,3060,Low
MLT,1987,Malta,UM,4930,9214.73632599862,9428.36770365254,,Upper-middle
MLT,1988,Malta,UM,6260,11301.9817172107,11536.6833254179,,Upper-middle
MLT,1989,Malta,H,6910,12004.8296736557,12214.7587759749,,High
MLT,1990,Malta,UM,7600,12727.1559941753,12915.7079773114,10790,Upper-middle
MLT,1991,Malta,UM,7940,12861.5745761934,12992.8450912311,11400,Upper-middle
MLT,1992,Malta,UM,8720,13810.3367341454,13898.6558912553,11940,Upper-middle
MLT,1993,Malta,UM,8570,13258.503989937,13252.1200049855,12530,Upper-middle
MLT,1994,Malta,UM,8600,13026.7691212103,12859.2237934648,13170,Upper-middle
MLT,1995,Malta,UM,9320,13827.4635139808,13437.2960588795,14270,Upper-middle
MLT,1996,Malta,UM,10080,14686.1559783949,14216.4299919906,14900,Upper-middle
MLT,1997,Malta,UM,10610,15196.2882249946,14766.9951716546,15740,Upper-middle
MLT,1998,Malta,H,10350,14659.1534834985,14307.4998811613,16210,High
MLT,1999,Malta,UM,10800,15083.0658763647,14839.9499106368,17300,Upper-middle
MLT,2000,Malta,H,11480,15677.6220597626,15541.544045613,17720,High
MLT,2001,Malta,UM,11030,14731.3693828657,14692.0383699731,18720,Upper-middle
MLT,2002,Malta,H,10770,14164.0070399869,14202.5218813304,19860,High
MLT,2003,Malta,H,12210,15746.9264050343,15858.6783457997,20920,High
MLT,2004,Malta,H,14200,17833.8036586777,17964.435890142,21680,High
MLT,2005,Malta,H,15380,18728.5352341496,18973.6022524133,21270,High
MLT,2006,Malta,H,16330,19290.4800854799,19626.0432652042,22360,High
MLT,2007,Malta,H,17990,20690.8617017299,21013.6568674828,24370,High
MLT,2008,Malta,H,20290,22895.0472421874,23110.7267046185,25980,High
MLT,2009,Malta,H,20050,22485.5439422508,22724.7936546427,24990,High
MLT,2010,Malta,H,21390,23700.2988998087,23837.2270367497,27210,High
MLT,2011,Malta,H,22030,23916.0062940114,23926.5791555729,28210,High
MLT,2012,Malta,H,22450,23926.4043259848,23995.5422818405,29230,High
MLT,2013,Malta,H,23330,24502.6213608647,24573.9481747743,30650,High
MLT,2014,Malta,H,24590,25410.4021742095,25507.3832160569,32580,High
MLT,2015,Malta,H,25470,26119.7162144305,26210.2828331503,35710,High
MLT,2016,Malta,H,23820,24221.3869669594,24270.1548881756,36440,High
MLT,2017,Malta,H,26690,26690,26690,42380,High
MLT,2018,Malta,H,29030,28354.3017564905,28387.5970073094,43750,High
MLT,2019,Malta,H,29830,28703.1892998879,28746.057112154,46550,High
MLT,2020,Malta,H,26910,25718.9356948928,25648.3934556418,42430,High
MLT,2021,Malta,H,32440,29701.7965185605,29869.6111529536,49500,High
MLT,2022,Malta,H,34840,29776.319716298,30447.9214400177,55320,High
MLT,2023,Malta,H,35720,29468.0440891491,30240.9503844752,58950,High
MMR,1987,Myanmar,L,40,74.7645949371085,76.4979124028604,,Low
MMR,1988,Myanmar,L,40,72.2171355732313,73.7168263604979,,Low
MMR,1989,Myanmar,L,50,86.8656271610395,88.3846510562582,,Low
MMR,1990,Myanmar,L,50,83.7312894353636,84.9717630086279,440,Low
MMR,1991,Myanmar,L,50,80.9922832253996,81.8189237483065,440,Low
MMR,1992,Myanmar,L,60,95.0252527578811,95.6329533801967,490,Low
MMR,1993,Myanmar,L,70,108.2958318898,108.243687321935,530,Low
MMR,1994,Myanmar,L,80,121.179247639166,119.620686450835,570,Low
MMR,1995,Myanmar,L,110,163.199676667155,158.594695973899,620,Low
MMR,1996,Myanmar,L,130,189.404789403902,183.346815372895,660,Low
MMR,1997,Myanmar,L,130,186.193917931131,180.933965345439,700,Low
MMR,1998,Myanmar,L,130,184.124633126069,179.707727975939,740,Low
MMR,1999,Myanmar,L,150,209.487026060621,206.110415425511,820,Low
MMR,2000,Myanmar,L,190,259.472838968197,257.220676713107,950,Low
MMR,2001,Myanmar,L,190,253.758856096508,253.081349981404,1070,Low
MMR,2002,Myanmar,L,170,223.572998774167,224.180939631027,1200,Low
MMR,2003,Myanmar,L,190,245.038166826906,246.77714051613,1380,Low
MMR,2004,Myanmar,L,230,288.857383203935,290.973257375539,1600,Low
MMR,2005,Myanmar,L,280,340.961629750448,345.423187950307,1860,Low
MMR,2006,Myanmar,L,300,354.387264277035,360.551927713488,2150,Low
MMR,2007,Myanmar,L,360,414.047260290314,420.506752211996,2460,Low
MMR,2008,Myanmar,L,490,552.911441531385,558.120063344657,2750,Low
MMR,2009,Myanmar,L,660,740.172518797282,748.048070427142,3040,Low
MMR,2010,Myanmar,L,880,975.047360066929,980.68068220382,3350,Low
MMR,2011,Myanmar,L,1040,1129.03524946763,1129.53437684048,3580,Low
MMR,2012,Myanmar,L,1170,1246.94401164375,1250.54719241663,3690,Low
MMR,2013,Myanmar,L,1260,1323.33060071537,1327.18279898052,4010,Low
MMR,2014,Myanmar,LM,1260,1302.03768765775,1307.00702937095,4180,Lower-middle
MMR,2015,Myanmar,LM,1230,1261.37616583233,1265.7498187976,4300,Lower-middle
MMR,2016,Myanmar,LM,1230,1250.72653103946,1253.24477382267,4340,Lower-middle
MMR,2017,Myanmar,LM,1230,1230,1230,4560,Lower-middle
MMR,2018,Myanmar,LM,1310,1279.50862214959,1281.01109471496,5430,Lower-middle
MMR,2019,Myanmar,LM,1380,1327.87131189558,1329.85446915094,5900,Lower-middle
MMR,2020,Myanmar,LM,1320,1261.57544099809,1258.11517508165,5630,Lower-middle
MMR,2021,Myanmar,LM,1240,1135.33377567864,1141.74839178984,5100,Lower-middle
MMR,2022,Myanmar,LM,1280,1093.96352574229,1118.63775669411,5610,Lower-middle
MMR,2023,Myanmar,LM,1220,1006.46735130912,1032.86560663661,5800,Lower-middle
MNE,2006,Montenegro,UM,4320,5103.1766055893,5191.94775907423,10610,Upper-middle
MNE,2007,Montenegro,UM,5120,5888.67214635114,5980.54047590394,12600,Upper-middle
MNE,2008,Montenegro,UM,6450,7278.11999566824,7346.68246647558,14010,Upper-middle
MNE,2009,Montenegro,UM,6710,7525.08727443903,7605.15538267594,13000,Upper-middle
MNE,2010,Montenegro,UM,6910,7656.33779325282,7700.57217503227,13520,Upper-middle
MNE,2011,Montenegro,UM,7230,7848.96620543362,7852.43610053528,14460,Upper-middle
MNE,2012,Montenegro,UM,6980,7439.03350536186,7460.5294043317,14030,Upper-middle
MNE,2013,Montenegro,UM,7260,7624.90488983617,7647.10088936397,14980,Upper-middle
MNE,2014,Montenegro,UM,7280,7522.88441757809,7551.59616969883,15480,Upper-middle
MNE,2015,Montenegro,UM,7150,7332.38990707414,7357.81398731939,16450,Upper-middle
MNE,2016,Montenegro,UM,7020,7138.29288446914,7152.66529450012,18190,Upper-middle
MNE,2017,Montenegro,UM,7240,7240,7240,19760,Upper-middle
MNE,2018,Montenegro,UM,8250,8057.97414712526,8067.43628351025,21340,Upper-middle
MNE,2019,Montenegro,UM,8970,8631.1635273213,8644.0540494811,23970,Upper-middle
MNE,2020,Montenegro,UM,7770,7426.09180042055,7405.72341695788,20960,Upper-middle
MNE,2021,Montenegro,UM,9210,8432.60005967764,8480.24410353584,24180,Upper-middle
MNE,2022,Montenegro,UM,10410,8897.00023670098,9097.67113061378,28610,Upper-middle
MNE,2023,Montenegro,UM,11550,9528.44090788554,9778.35881692857,32170,Upper-middle
MNG,1989,Mongolia,LM,1600,2779.70006915326,2828.30883380026,,Lower-middle
MNG,1990,Mongolia,LM,1490,2495.19242517384,2532.15853765711,3420,Lower-middle
MNG,1991,Mongolia,LM,1230,1992.41016734483,2012.74552420834,3180,Lower-middle
MNG,1992,Mongolia,LM,830,1314.51599648402,1322.92252175939,2890,Lower-middle
MNG,1993,Mongolia,L,540,835.424988864175,835.022730769215,2830,Low
MNG,1994,Mongolia,L,440,666.485862015411,657.913775479593,2960,Low
MNG,1995,Mongolia,L,480,712.144043638495,692.04958243156,3170,Low
MNG,1996,Mongolia,L,570,830.467153540186,803.905267404232,3270,Low
MNG,1997,Mongolia,L,590,845.033935225902,821.161842721606,3410,Low
MNG,1998,Mongolia,L,530,750.661965821664,732.654583286522,3560,Low
MNG,1999,Mongolia,L,480,670.358483393987,659.553329361635,3660,Low
MNG,2000,Mongolia,L,470,641.853864816066,636.282726606107,3720,Low
MNG,2001,Mongolia,L,480,641.075004875388,639.363410479337,3880,Low
MNG,2002,Mongolia,L,530,697.021702060637,698.917047084967,4070,Low
MNG,2003,Mongolia,L,610,786.701482970593,792.284503762311,4370,Low
MNG,2004,Mongolia,L,760,954.485266239088,961.476850458303,4910,Low
MNG,2005,Mongolia,L,890,1083.77089456392,1097.95227598491,5300,Low
MNG,2006,Mongolia,L,1110,1311.23287782503,1334.04213253991,5900,Low
MNG,2007,Mongolia,LM,1400,1610.18379001789,1635.30403637998,6520,Lower-middle
MNG,2008,Mongolia,LM,1790,2019.81934763506,2038.84676201415,7070,Lower-middle
MNG,2009,Mongolia,LM,1780,1996.222853726,2017.46297781865,6820,Lower-middle
MNG,2010,Mongolia,LM,1990,2204.93664378772,2217.67563362,6920,Lower-middle
MNG,2011,Mongolia,LM,2570,2790.0197991652,2791.25321969235,8130,Lower-middle
MNG,2012,Mongolia,LM,3630,3868.72372843318,3879.90282775417,9370,Lower-middle
MNG,2013,Mongolia,LM,4310,4526.63086435177,4539.80782825877,9850,Lower-middle
MNG,2014,Mongolia,UM,4180,4319.45836064237,4335.94395457982,10010,Upper-middle
MNG,2015,Mongolia,LM,3770,3866.16922373,3879.57464785931,9590,Lower-middle
MNG,2016,Mongolia,LM,3460,3518.3039003224,3525.38773774507,9650,Lower-middle
MNG,2017,Mongolia,LM,3200,3200,3200,9540,Lower-middle
MNG,2018,Mongolia,LM,3650,3565.04310751603,3569.22938603787,11160,Lower-middle
MNG,2019,Mongolia,LM,3800,3656.45723565451,3661.91810345911,12100,Lower-middle
MNG,2020,Mongolia,LM,3690,3526.67680097192,3517.00378488733,12400,Lower-middle
MNG,2021,Mongolia,LM,3690,3378.53357439853,3397.62223040687,12630,Lower-middle
MNG,2022,Mongolia,LM,4340,3709.22007946996,3792.88114379095,14830,Lower-middle
MNG,2023,Mongolia,UM,4870,4017.61967284871,4122.99631501663,16030,Upper-middle
MNP,1992,Northern Mariana Islands,LM,,,,,Lower-middle
MNP,1993,Northern Mariana Islands,LM,,,,,Lower-middle
MNP,1994,Northern Mariana Islands,LM,,,,,Lower-middle
MNP,1995,Northern Mariana Islands,H,,,,,High
MNP,1996,Northern Mariana Islands,H,,,,,High
MNP,1997,Northern Mariana Islands,H,,,,,High
MNP,1998,Northern Mariana Islands,H,,,,,High
MNP,1999,Northern Mariana Islands,H,,,,,High
MNP,2000,Northern Mariana Islands,H,,,,,High
MNP,2001,Northern Mariana Islands,H,,,,,High
MNP,2002,Northern Mariana Islands,UM,,,,,Upper-middle
MNP,2003,Northern Mariana Islands,UM,,,,,Upper-middle
MNP,2004,Northern Mariana Islands,UM,,,,,Upper-middle
MNP,2005,Northern Mariana Islands,UM,,,,,Upper-middle
MNP,2006,Northern Mariana Islands,UM,,,,,Upper-middle
MNP,2007,Northern Mariana Islands,H,,,,,High
MNP,2008,Northern Mariana Islands,H,,,,,High
MNP,2009,Northern Mariana Islands,H,,,,,High
MNP,2010,Northern Mariana Islands,H,,,,,High
MNP,2011,Northern Mariana Islands,H,,,,,High
MNP,2012,Northern Mariana Islands,H,,,,,High
MNP,2013,Northern Mariana Islands,H,,,,,High
MNP,2014,Northern Mariana Islands,H,,,,,High
MNP,2015,Northern Mariana Islands,H,,,,,High
MNP,2016,Northern Mariana Islands,H,,,,,High
MNP,2017,Northern Mariana Islands,H,,,,,High
MNP,2018,Northern Mariana Islands,H,,,,,High
MNP,2019,Northern Mariana Islands,H,,,,,High
MNP,2020,Northern Mariana Islands,H,,,,,High
MNP,2021,Northern Mariana Islands,H,,,,,High
MNP,2022,Northern Mariana Islands,H,,,,,High
MNP,2023,Northern Mariana Islands,H,,,,,High
MOZ,1987,Mozambique,L,,,,,Low
MOZ,1988,Mozambique,L,,,,,Low
MOZ,1989,Mozambique,L,,,,,Low
MOZ,1990,Mozambique,L,,,,,Low
MOZ,1991,Mozambique,L,,,,,Low
MOZ,1992,Mozambique,L,,,,,Low
MOZ,1993,Mozambique,L,230,355.82916192363,355.657829772073,310,Low
MOZ,1994,Mozambique,L,200,302.948119097914,299.051716127088,310,Low
MOZ,1995,Mozambique,L,190,281.890350606904,273.936293045826,310,Low
MOZ,1996,Mozambique,L,220,320.531182068142,310.279226015669,340,Low
MOZ,1997,Mozambique,L,250,358.065226790636,347.949933356613,380,Low
MOZ,1998,Mozambique,L,290,410.739566204307,400.886470100173,410,Low
MOZ,1999,Mozambique,L,330,460.871457333366,453.442913936124,460,Low
MOZ,2000,Mozambique,L,330,450.663351892131,446.751701659607,460,Low
MOZ,2001,Mozambique,L,330,440.739065851829,439.562344704544,510,Low
MOZ,2002,Mozambique,L,300,394.540586072059,395.613422878283,520,Low
MOZ,2003,Mozambique,L,330,425.592605541468,428.612928264857,600,Low
MOZ,2004,Mozambique,L,380,477.242633119544,480.738425229151,660,Low
MOZ,2005,Mozambique,L,420,511.442444625672,518.134781925461,690,Low
MOZ,2006,Mozambique,L,450,531.580896415552,540.827891570232,750,Low
MOZ,2007,Mozambique,L,480,552.063013720419,560.675669615994,810,Low
MOZ,2008,Mozambique,L,530,598.047069411499,603.68088484218,870,Low
MOZ,2009,Mozambique,L,570,639.239902597653,646.041515368895,930,Low
MOZ,2010,Mozambique,L,550,609.404600041831,612.925426377388,970,Low
MOZ,2011,Mozambique,L,570,618.798165573605,619.071725768342,1050,Low
MOZ,2012,Mozambique,L,630,671.431390885097,673.371565147417,1070,Low
MOZ,2013,Mozambique,L,690,724.681043248892,726.790580394096,1110,Low
MOZ,2014,Mozambique,L,710,733.687903362699,736.488087978869,1150,Low
MOZ,2015,Mozambique,L,670,687.091082201353,689.473478532027,1290,Low
MOZ,2016,Mozambique,L,550,559.267961033907,560.394004554853,1350,Low
MOZ,2017,Mozambique,L,480,480,480,1250,Low
MOZ,2018,Mozambique,L,470,459.060345351379,459.599400393917,1300,Low
MOZ,2019,Mozambique,L,500,481.112794165067,481.831329402514,1360,Low
MOZ,2020,Mozambique,L,480,458.754705817486,457.496427302417,1380,Low
MOZ,2021,Mozambique,L,490,448.639959743979,451.174767723405,1430,Low
MOZ,2022,Mozambique,L,500,427.329502243083,436.967873708635,1460,Low
MOZ,2023,Mozambique,L,540,445.485548940103,457.170022609647,1530,Low
MRT,1987,Mauritania,L,690,1289.68926266512,1319.58898894934,,Low
MRT,1988,Mauritania,L,770,1390.1798597847,1419.04890743959,,Low
MRT,1989,Mauritania,L,800,1389.85003457663,1414.15441690013,,Low
MRT,1990,Mauritania,L,760,1272.71559941753,1291.57079773114,2000,Low
MRT,1991,Mauritania,L,840,1360.67035818671,1374.55791897155,2050,Low
MRT,1992,Mauritania,L,940,1488.72895987347,1498.24960295641,2050,Low
MRT,1993,Mauritania,L,980,1516.14164645721,1515.41162250709,2120,Low
MRT,1994,Mauritania,L,870,1317.82431807593,1300.87496515283,2030,Low
MRT,1995,Mauritania,L,900,1335.27008182218,1297.59296705917,2220,Low
MRT,1996,Mauritania,L,970,1413.25112093681,1368.04931470545,2460,Low
MRT,1997,Mauritania,L,880,1260.38959830304,1224.78376541528,2340,Low
MRT,1998,Mauritania,L,840,1189.72839866075,1161.18839615222,2390,Low
MRT,1999,Mauritania,L,820,1145.19574246473,1126.73693765946,2450,Low
MRT,2000,Mauritania,L,730,996.921960246229,988.268915792464,2320,Low
MRT,2001,Mauritania,L,660,881.478131703659,879.124689409089,2240,Low
MRT,2002,Mauritania,L,660,867.98928935853,870.349530332223,2370,Low
MRT,2003,Mauritania,L,730,941.462430440218,948.143750404077,2520,Low
MRT,2004,Mauritania,L,820,1029.83936620533,1037.38291759975,2640,Low
MRT,2005,Mauritania,L,960,1169.01130200154,1184.30807297248,2870,Low
MRT,2006,Mauritania,L,1180,1393.92323948967,1418.17091567305,3280,Low
MRT,2007,Mauritania,L,1260,1449.1654110161,1471.77363274198,3230,Low
MRT,2008,Mauritania,L,1430,1613.59869671404,1628.79936853645,3220,Low
MRT,2009,Mauritania,L,1500,1682.21026999382,1700.10925097078,3190,Low
MRT,2010,Mauritania,LM,1550,1717.41296375425,1727.33529251809,3140,Lower-middle
MRT,2011,Mauritania,L,1640,1780.40173954511,1781.18882501768,3190,Low
MRT,2012,Mauritania,LM,1800,1918.37540252885,1923.91875756405,3360,Lower-middle
MRT,2013,Mauritania,LM,1890,1984.99590107305,1990.77419847078,3720,Lower-middle
MRT,2014,Mauritania,LM,1780,1839.38657462761,1846.40675577801,3720,Lower-middle
MRT,2015,Mauritania,LM,1680,1722.85525089294,1728.82902079672,3860,Lower-middle
MRT,2016,Mauritania,LM,1540,1565.95029089494,1569.10321275359,4600,Lower-middle
MRT,2017,Mauritania,LM,1550,1550,1550,5280,Lower-middle
MRT,2018,Mauritania,LM,1680,1640.89655359642,1642.82338864209,5400,Lower-middle
MRT,2019,Mauritania,LM,1720,1655.02801192783,1657.49977314465,5540,Lower-middle
MRT,2020,Mauritania,LM,1720,1643.87102917932,1639.36219783366,5670,Lower-middle
MRT,2021,Mauritania,LM,1810,1657.22107578898,1666.58434608033,5740,Lower-middle
MRT,2022,Mauritania,LM,2010,1717.86459901719,1756.61085230871,6450,Lower-middle
MRT,2023,Mauritania,LM,2140,1765.44273098485,1811.74786737897,6970,Lower-middle
MUS,1987,Mauritius,LM,1640,3065.34839242145,3136.41440851728,,Lower-middle
MUS,1988,Mauritius,LM,2090,3773.34533370133,3851.70417733602,,Lower-middle
MUS,1989,Mauritius,LM,2250,3908.95322224678,3977.30929753162,,Lower-middle
MUS,1990,Mauritius,LM,2460,4119.57944021989,4180.61074002449,4970,Lower-middle
MUS,1991,Mauritius,LM,2650,4292.59101094618,4336.40295866024,5360,Lower-middle
MUS,1992,Mauritius,UM,3030,4798.775264273,4829.46414569993,5770,Upper-middle
MUS,1993,Mauritius,UM,3160,4888.78326816814,4886.42931339022,6120,Upper-middle
MUS,1994,Mauritius,UM,3280,4968.34915320579,4904.44814448424,6370,Upper-middle
MUS,1995,Mauritius,UM,3520,5222.38965334896,5075.03027116477,6740,Upper-middle
MUS,1996,Mauritius,UM,3840,5594.72608700757,5415.78285409167,7140,Upper-middle
MUS,1997,Mauritius,UM,3950,5657.43058329205,5497.60894703448,7620,Upper-middle
MUS,1998,Mauritius,UM,3830,5424.59496056033,5294.46613959883,8070,Upper-middle
MUS,1999,Mauritius,UM,3710,5181.31244456602,5097.79760819097,8310,Upper-middle
MUS,2000,Mauritius,UM,3960,5407.96022270557,5361.02041991529,9110,Upper-middle
MUS,2001,Mauritius,UM,4030,5382.35889509961,5367.9886338161,9610,Upper-middle
MUS,2002,Mauritius,UM,4010,5273.69250049652,5288.03275247305,9850,Upper-middle
MUS,2003,Mauritius,UM,4470,5764.84529324352,5805.75693740579,10480,Upper-middle
MUS,2004,Mauritius,UM,5240,6580.92473038529,6629.12986368619,11190,Upper-middle
MUS,2005,Mauritius,UM,5670,6904.47300244657,6994.81955599372,11690,Upper-middle
MUS,2006,Mauritius,UM,5910,6981.42910625758,7102.87297595572,12460,Upper-middle
MUS,2007,Mauritius,UM,6460,7429.84805965397,7545.76005358192,13730,Upper-middle
MUS,2008,Mauritius,UM,7390,8338.8072508509,8417.36177166737,14570,Upper-middle
MUS,2009,Mauritius,UM,7720,8657.77552290154,8749.89561166293,14820,Upper-middle
MUS,2010,Mauritius,UM,8200,9085.66858244184,9138.16090235378,15800,Upper-middle
MUS,2011,Mauritius,UM,8530,9260.26026726816,9264.35407158588,16590,Upper-middle
MUS,2012,Mauritius,UM,9690,10327.2542502803,10357.0959782198,17890,Upper-middle
MUS,2013,Mauritius,UM,10360,10880.7182725486,10912.3919027287,19200,Upper-middle
MUS,2014,Mauritius,UM,10710,11067.3203450908,11109.5597496531,20090,Upper-middle
MUS,2015,Mauritius,UM,10650,10921.6716797678,10959.5411139792,21180,Upper-middle
MUS,2016,Mauritius,UM,10650,10829.4614272929,10851.2657245622,22860,Upper-middle
MUS,2017,Mauritius,UM,11020,11020,11020,24170,Upper-middle
MUS,2018,Mauritius,UM,12180,11896.500013574,11910.4695676551,24770,Upper-middle
MUS,2019,Mauritius,H,12700,12220.2649717927,12238.5157668239,25750,High
MUS,2020,Mauritius,UM,10760,10283.7513220753,10255.5449120292,23500,Upper-middle
MUS,2021,Mauritius,UM,10890,9970.79420737128,10027.1290214447,25360,Upper-middle
MUS,2022,Mauritius,UM,11830,10110.6160230713,10338.6598919463,29890,Upper-middle
MUS,2023,Mauritius,UM,12570,10369.9136114391,10641.902192969,33230,Upper-middle
MWI,1987,Malawi,L,230,429.896420888374,439.862996316447,,Low
MWI,1988,Malawi,L,240,433.302813439388,442.300958162988,,Low
MWI,1989,Malawi,L,240,416.955010372989,424.246325070039,,Low
MWI,1990,Malawi,L,270,452.148962950964,458.847520246591,670,Low
MWI,1991,Malawi,L,310,502.152155997477,507.2773272395,730,Low
MWI,1992,Malawi,L,290,459.288721663092,462.225941337617,670,Low
MWI,1993,Malawi,L,310,479.595826940545,479.364900997142,750,Low
MWI,1994,Malawi,L,230,348.390336962601,343.909473546151,690,Low
MWI,1995,Malawi,L,230,341.235687576779,331.607091581789,830,Low
MWI,1996,Malawi,L,250,364.239979622889,352.59002956326,880,Low
MWI,1997,Malawi,L,290,415.355663077138,403.621922693671,920,Low
MWI,1998,Malawi,L,290,410.739566204307,400.886470100173,930,Low
MWI,1999,Malawi,L,260,363.110845171743,357.258053404219,950,Low
MWI,2000,Malawi,L,230,314.098699803606,311.372398126393,970,Low
MWI,2001,Malawi,L,210,280.470314632982,279.72149208471,920,Low
MWI,2002,Malawi,L,250,328.783821726716,329.677852398569,920,Low
MWI,2003,Malawi,L,320,412.695859918999,415.624657711376,970,Low
MWI,2004,Malawi,L,440,552.596733085788,556.644492370596,1020,Low
MWI,2005,Malawi,L,430,523.619645688188,530.471324352258,1060,Low
MWI,2006,Malawi,L,440,519.767987606318,528.809493979783,1120,Low
MWI,2007,Malawi,L,480,552.063013720419,560.675669615994,1230,Low
MWI,2008,Malawi,L,530,598.047069411499,603.68088484218,1310,Low
MWI,2009,Malawi,L,590,661.669372864237,668.709638715172,1380,Low
MWI,2010,Malawi,L,650,720.205436413073,724.366412991458,1440,Low
MWI,2011,Malawi,L,710,770.783679925017,771.124430343022,1500,Low
MWI,2012,Malawi,L,650,692.746673135417,694.748440231462,1440,Low
MWI,2013,Malawi,L,590,619.654805096878,621.458612221039,1530,Low
MWI,2014,Malawi,L,530,547.682519411592,549.772798068733,1480,Low
MWI,2015,Malawi,L,510,523.009629735358,524.823095599005,1370,Low
MWI,2016,Malawi,L,490,498.256910739299,499.260113148869,1410,Low
MWI,2017,Malawi,L,480,480,480,1350,Low
MWI,2018,Malawi,L,490,478.594828132288,479.156821687276,1320,Low
MWI,2019,Malawi,L,540,519.601817698272,520.377835754715,1420,Low
MWI,2020,Malawi,L,560,535.213823453733,533.74583185282,1470,Low
MWI,2021,Malawi,L,600,549.355052747729,552.458899253149,1640,Low
MWI,2022,Malawi,L,610,521.341992736561,533.100805924535,1720,Low
MWI,2023,Malawi,L,620,511.483408042341,524.898914848114,1800,Low
MYS,1987,Malaysia,LM,1990,3719.53859812115,3805.7711420423,,Lower-middle
MYS,1988,Malaysia,LM,2170,3917.7796048478,3999.13783005701,,Lower-middle
MYS,1989,Malaysia,LM,2290,3978.44572397561,4048.01701837663,,Lower-middle
MYS,1990,Malaysia,LM,2420,4052.5944086716,4112.63332961759,6590,Lower-middle
MYS,1991,Malaysia,LM,2590,4195.4002710757,4238.22025016228,7200,Lower-middle
MYS,1992,Malaysia,UM,2900,4592.88721663092,4622.25941337617,7790,Upper-middle
MYS,1993,Malaysia,UM,3260,5043.49159943928,5041.06315242156,8590,Upper-middle
MYS,1994,Malaysia,UM,3630,5498.50836162714,5427.78864770665,9330,Upper-middle
MYS,1995,Malaysia,UM,4080,6053.22437092721,5882.42145066826,10220,Upper-middle
MYS,1996,Malaysia,UM,4540,6614.59802995166,6403.0349368688,11160,Upper-middle
MYS,1997,Malaysia,UM,4660,6674.33582737746,6485.78675776726,11800,Upper-middle
MYS,1998,Malaysia,UM,3670,5197.98002748209,5073.2873974746,10780,Upper-middle
MYS,1999,Malaysia,UM,3420,4776.30419418216,4699.31747170165,11150,Upper-middle
MYS,2000,Malaysia,UM,3490,4766.10635788951,4724.73769330918,11970,Upper-middle
MYS,2001,Malaysia,UM,3570,4767.9953487607,4755.26536544007,12120,Upper-middle
MYS,2002,Malaysia,UM,3810,5010.66544311515,5024.2904705542,12760,Upper-middle
MYS,2003,Malaysia,UM,4170,5377.94292456946,5416.10882080137,13610,Upper-middle
MYS,2004,Malaysia,UM,4720,5927.85586401118,5971.27728179367,14620,Upper-middle
MYS,2005,Malaysia,UM,5240,6380.85335675838,6464.34823164146,15650,Upper-middle
MYS,2006,Malaysia,UM,5790,6839.67420054677,6958.65220487032,16920,Upper-middle
MYS,2007,Malaysia,UM,6560,7544.86118751239,7662.56748475192,18230,Upper-middle
MYS,2008,Malaysia,UM,7420,8372.65897176098,8451.53238779052,18900,Upper-middle
MYS,2009,Malaysia,UM,7500,8411.05134996912,8500.54625485388,18550,Upper-middle
MYS,2010,Malaysia,UM,8130,9008.10799698197,9060.15221172393,19550,Upper-middle
MYS,2011,Malaysia,UM,8890,9651.08016131465,9655.34674049221,20820,Upper-middle
MYS,2012,Malaysia,UM,9980,10636.3258429099,10667.0606669384,21800,Upper-middle
MYS,2013,Malaysia,UM,10590,11122.2786202982,11154.6554295268,22390,Upper-middle
MYS,2014,Malaysia,UM,10840,11201.6575668333,11244.4096812548,23500,Upper-middle
MYS,2015,Malaysia,UM,10350,10614.018956394,10650.8216459798,23860,Upper-middle
MYS,2016,Malaysia,UM,9800,9965.13821478598,9985.20226297738,24590,Upper-middle
MYS,2017,Malaysia,UM,9560,9560,9560,25670,Upper-middle
MYS,2018,Malaysia,UM,10200,9962.58621826396,9974.28485961268,26930,Upper-middle
MYS,2019,Malaysia,UM,10750,10343.9250745489,10359.3735821541,28180,Upper-middle
MYS,2020,Malaysia,UM,10110,9662.52099128079,9636.01850005716,26920,Upper-middle
MYS,2021,Malaysia,UM,10520,9632.02525817685,9686.44603357189,29010,Upper-middle
MYS,2022,Malaysia,UM,11620,9931.13763212924,10155.1333849887,33330,Upper-middle
MYS,2023,Malaysia,UM,11700,9652.18689370224,9905.35048987569,35350,Upper-middle
MYT,1990,Mayotte,H,,,,,High
MYT,1991,Mayotte,UM,,,,,Upper-middle
MYT,1992,Mayotte,UM,,,,,Upper-middle
MYT,1993,Mayotte,UM,,,,,Upper-middle
MYT,1994,Mayotte,UM,,,,,Upper-middle
MYT,1995,Mayotte,UM,,,,,Upper-middle
MYT,1996,Mayotte,UM,,,,,Upper-middle
MYT,1997,Mayotte,UM,,,,,Upper-middle
MYT,1998,Mayotte,UM,,,,,Upper-middle
MYT,1999,Mayotte,UM,,,,,Upper-middle
MYT,2000,Mayotte,UM,,,,,Upper-middle
MYT,2001,Mayotte,UM,,,,,Upper-middle
MYT,2002,Mayotte,UM,,,,,Upper-middle
MYT,2003,Mayotte,UM,,,,,Upper-middle
MYT,2004,Mayotte,UM,,,,,Upper-middle
MYT,2005,Mayotte,UM,,,,,Upper-middle
MYT,2006,Mayotte,UM,,,,,Upper-middle
MYT,2007,Mayotte,UM,,,,,Upper-middle
MYT,2008,Mayotte,UM,,,,,Upper-middle
MYT,2009,Mayotte,UM,,,,,Upper-middle
MYT,2010,Mayotte,UM,,,,,Upper-middle
NAM,1989,Namibia,LM,1990,3457.25196100937,3517.70911203908,,Lower-middle
NAM,1990,Namibia,LM,2090,3499.9678983982,3551.81969376065,3940,Lower-middle
NAM,1991,Namibia,LM,2240,3628.4542884979,3665.48778392413,4340,Lower-middle
NAM,1992,Namibia,LM,2390,3785.17256818893,3809.3793096445,4500,Lower-middle
NAM,1993,Namibia,LM,2270,3511.87911985496,3510.18814601133,4370,Lower-middle
NAM,1994,Namibia,LM,2320,3514.1981815358,3468.99990707422,4400,Lower-middle
NAM,1995,Namibia,LM,2500,3709.08356061716,3604.42490849771,4650,Lower-middle
NAM,1996,Namibia,LM,2530,3686.10859378363,3568.21109918019,4640,Lower-middle
NAM,1997,Namibia,LM,2520,3609.29748604961,3507.33532823466,4780,Lower-middle
NAM,1998,Namibia,LM,2370,3356.7336962214,3276.2101177152,4900,Lower-middle
NAM,1999,Namibia,LM,2230,3114.37378743456,3064.17484265926,4880,Lower-middle
NAM,2000,Namibia,LM,2210,3018.07881115639,2991.88260808404,5150,Lower-middle
NAM,2001,Namibia,LM,2060,2751.28022925687,2743.93463664049,5180,Lower-middle
NAM,2002,Namibia,LM,1970,2590.81651520652,2597.86147690073,5510,Lower-middle
NAM,2003,Namibia,LM,2240,2888.871019433,2909.37260397963,5960,Lower-middle
NAM,2004,Namibia,LM,2840,3566.76073173554,3592.88717802839,6560,Lower-middle
NAM,2005,Namibia,LM,3480,4237.66596975556,4293.11676452525,6660,Lower-middle
NAM,2006,Namibia,LM,3990,4713.35061488456,4795.34063858939,7310,Lower-middle
NAM,2007,Namibia,LM,4200,4830.55137005367,4905.91210913995,7630,Lower-middle
NAM,2008,Namibia,UM,4310,4863.36390408219,4909.1785163581,7890,Upper-middle
NAM,2009,Namibia,UM,4260,4777.47716678246,4828.310272757,7830,Upper-middle
NAM,2010,Namibia,UM,4520,5008.19780398014,5037.13259495599,8090,Upper-middle
NAM,2011,Namibia,UM,5160,5601.75181466632,5604.22825432394,8630,Upper-middle
NAM,2012,Namibia,UM,5730,6106.82836471683,6124.47471157889,8990,Upper-middle
NAM,2013,Namibia,UM,5900,6196.54805096878,6214.58612221039,9670,Upper-middle
NAM,2014,Namibia,UM,5690,5879.83685934332,5902.27777549263,10310,Upper-middle
NAM,2015,Namibia,UM,5180,5312.13702358658,5330.55614745656,10450,Upper-middle
NAM,2016,Namibia,UM,4580,4657.17683915508,4666.55371065678,10000,Upper-middle
NAM,2017,Namibia,UM,4430,4430,4430,9710,Upper-middle
NAM,2018,Namibia,UM,4670,4561.30172934242,4566.65787199914,9490,Upper-middle
NAM,2019,Namibia,UM,4870,4686.03861516775,4693.03714838049,9370,Upper-middle
NAM,2020,Namibia,UM,4240,4052.33323472112,4041.21844117135,9320,Upper-middle
NAM,2021,Namibia,UM,4140,3790.54986395933,3811.96640484673,9340,Upper-middle
NAM,2022,Namibia,UM,4280,3657.94053920079,3740.44499894592,10190,Upper-middle
NAM,2023,Namibia,UM,4290,3539.13519435749,3631.96184628775,10710,Upper-middle
NCL,1987,New Caledonia,UM,7820,14616.4783102047,14955.3418747592,,Upper-middle
NCL,1988,New Caledonia,UM,12880,23253.9176545805,23736.8180880803,,Upper-middle
NCL,1989,New Caledonia,UM,14100,24496.1068594131,24924.4715978648,,Upper-middle
NCL,1990,New Caledonia,UM,14290,23930.4025206269,24284.9298678659,,Upper-middle
NCL,1991,New Caledonia,UM,14700,23811.7312682675,24054.7635820021,,Upper-middle
NCL,1992,New Caledonia,UM,15530,24595.7029221649,24752.9960999076,,Upper-middle
NCL,1993,New Caledonia,UM,15360,23763.1996832476,23751.7576752132,,Upper-middle
NCL,1994,New Caledonia,UM,15810,23948.0488146901,23640.0381598463,,Upper-middle
NCL,1995,New Caledonia,H,17140,25429.4768915913,24711.9371726603,,High
NCL,1996,New Caledonia,H,17580,25613.3553670815,24794.1308788884,,High
NCL,1997,New Caledonia,H,17110,24505.9841215512,23813.6934389266,,High
NCL,1998,New Caledonia,H,13920,19715.4991778067,19242.5505648083,,High
NCL,1999,New Caledonia,H,13070,18253.3028707488,17959.0875307429,,High
NCL,2000,New Caledonia,H,12630,17248.1155587807,17098.406036245,,High
NCL,2001,New Caledonia,H,,,,,High
NCL,2002,New Caledonia,H,,,,,High
NCL,2003,New Caledonia,H,,,,,High
NCL,2004,New Caledonia,H,,,,,High
NCL,2005,New Caledonia,H,,,,,High
NCL,2006,New Caledonia,H,,,,,High
NCL,2007,New Caledonia,H,,,,,High
NCL,2008,New Caledonia,H,,,,,High
NCL,2009,New Caledonia,H,,,,,High
NCL,2010,New Caledonia,H,,,,,High
NCL,2011,New Caledonia,H,,,,,High
NCL,2012,New Caledonia,H,,,,,High
NCL,2013,New Caledonia,H,,,,,High
NCL,2014,New Caledonia,H,,,,,High
NCL,2015,New Caledonia,H,,,,,High
NCL,2016,New Caledonia,H,,,,,High
NCL,2017,New Caledonia,H,,,,,High
NCL,2018,New Caledonia,H,,,,,High
NCL,2019,New Caledonia,H,35130,33802.9849180376,33853.4692038207,,High
NCL,2020,New Caledonia,H,34890,33345.7326791085,33254.2715595444,,High
NCL,2021,New Caledonia,H,35420,32430.2599472076,32613.4903525776,,High
NCL,2022,New Caledonia,H,36980,31605.2899858984,32318.1439394907,,High
NCL,2023,New Caledonia,H,36710,30284.7675955392,31079.0954259262,,High
NER,1987,Niger,L,260,485.969867091205,497.236430618592,,Low
NER,1988,Niger,L,320,577.73708458585,589.734610883984,,Low
NER,1989,Niger,L,310,538.566888398445,547.984836548801,,Low
NER,1990,Niger,L,330,552.6265102734,560.813635856944,740,Low
NER,1991,Niger,L,350,566.945982577797,572.732466238145,740,Low
NER,1992,Niger,L,410,649.339227178854,653.491848098011,750,Low
NER,1993,Niger,L,380,587.891658830345,587.608588319077,750,Low
NER,1994,Niger,L,290,439.274772691975,433.624988384277,750,Low
NER,1995,Niger,L,260,385.744690304185,374.860190483762,760,Low
NER,1996,Niger,L,230,335.100781253058,324.382827198199,760,Low
NER,1997,Niger,L,230,329.420008647385,320.113938688084,760,Low
NER,1998,Niger,L,250,354.085832934747,345.591784569114,830,Low
NER,1999,Niger,L,240,335.179241696993,329.776664680818,810,Low
NER,2000,Niger,L,220,300.442234594754,297.834467773071,800,Low
NER,2001,Niger,L,220,293.82604390122,293.041563136363,850,Low
NER,2002,Niger,L,220,289.32976311951,290.116510110741,870,Low
NER,2003,Niger,L,240,309.52189493925,311.718493283532,880,Low
NER,2004,Niger,L,280,351.652466509138,354.228313326743,880,Low
NER,2005,Niger,L,330,401.847635063028,407.105900084291,940,Low
NER,2006,Niger,L,350,413.451808323207,420.643915665736,990,Low
NER,2007,Niger,L,380,437.049885861998,443.868238445995,1010,Low
NER,2008,Niger,L,440,496.491906681244,501.169036472753,1070,Low
NER,2009,Niger,L,480,538.307286398023,544.034960310648,1050,Low
NER,2010,Niger,L,510,565.084265493334,568.34903173176,1120,Low
NER,2011,Niger,L,520,564.517624733815,564.767188420242,1130,Low
NER,2012,Niger,L,550,586.170261883814,587.864064811237,1200,Low
NER,2013,Niger,L,570,598.649557466476,600.392218586427,1180,Low
NER,2014,Niger,L,590,609.684314061961,612.011228038779,1210,Low
NER,2015,Niger,L,560,574.285083630981,576.276340265575,1230,Low
NER,2016,Niger,L,530,538.930944269038,540.016040752858,1230,Low
NER,2017,Niger,L,520,520,520,1250,Low
NER,2018,Niger,L,580,566.500000646382,567.165217507388,1330,Low
NER,2019,Niger,L,610,586.957608881382,587.834221871067,1480,Low
NER,2020,Niger,L,560,535.213823453733,533.74583185282,1430,Low
NER,2021,Niger,L,600,549.355052747729,552.458899253149,1610,Low
NER,2022,Niger,L,600,512.795402691699,524.361448450362,1680,Low
NER,2023,Niger,L,640,527.9828728179,541.83113790773,1850,Low
NGA,1987,Nigeria,L,,,,,Low
NGA,1988,Nigeria,L,,,,,Low
NGA,1989,Nigeria,L,,,,,Low
NGA,1990,Nigeria,L,,,,,Low
NGA,1991,Nigeria,L,,,,,Low
NGA,1992,Nigeria,L,,,,,Low
NGA,1993,Nigeria,L,,,,,Low
NGA,1994,Nigeria,L,,,,,Low
NGA,1995,Nigeria,L,,,,,Low
NGA,1996,Nigeria,L,,,,,Low
NGA,1997,Nigeria,L,,,,,Low
NGA,1998,Nigeria,L,,,,,Low
NGA,1999,Nigeria,L,,,,,Low
NGA,2000,Nigeria,L,,,,,Low
NGA,2001,Nigeria,L,,,,,Low
NGA,2002,Nigeria,L,,,,,Low
NGA,2003,Nigeria,L,,,,,Low
NGA,2004,Nigeria,L,,,,,Low
NGA,2005,Nigeria,L,,,,,Low
NGA,2006,Nigeria,L,,,,,Low
NGA,2007,Nigeria,L,,,,,Low
NGA,2008,Nigeria,LM,1890,2132.65841733534,2152.74881575796,5430,Lower-middle
NGA,2009,Nigeria,LM,1960,2198.08808612526,2221.47608793515,5720,Lower-middle
NGA,2010,Nigeria,LM,2050,2271.41714561046,2284.54022558845,6060,Lower-middle
NGA,2011,Nigeria,LM,2100,2279.78271527118,2280.79056862021,6330,Lower-middle
NGA,2012,Nigeria,LM,2360,2515.20330553782,2522.47125991731,6440,Lower-middle
NGA,2013,Nigeria,LM,2600,2730.68219195235,2738.63117249949,6760,Lower-middle
NGA,2014,Nigeria,LM,2870,2965.75251077598,2977.0715669005,7220,Lower-middle
NGA,2015,Nigeria,LM,2760,2830.40505503841,2840.21910559462,7170,Lower-middle
NGA,2016,Nigeria,LM,2370,2409.93648663702,2414.78871053637,6990,Lower-middle
NGA,2017,Nigeria,LM,2020,2020,2020,6930,Lower-middle
NGA,2018,Nigeria,LM,1950,1904.6120711387,1906.84857610242,7020,Lower-middle
NGA,2019,Nigeria,LM,2260,2174.6298296261,2177.87760889936,7450,Lower-middle
NGA,2020,Nigeria,LM,2460,2351.11786731461,2344.66918992489,7360,Lower-middle
NGA,2021,Nigeria,LM,2860,2618.59241809751,2633.38741977335,7480,Lower-middle
NGA,2022,Nigeria,LM,2930,2504.15088314446,2560.6317399326,8140,Lower-middle
NGA,2023,Nigeria,LM,2590,2136.68068843494,2192.72288622035,8510,Lower-middle
NIC,1987,Nicaragua,LM,860,1607.43879114783,1644.7051166615,,Lower-middle
NIC,1988,Nicaragua,LM,680,1227.69130474493,1253.18604812847,,Lower-middle
NIC,1989,Nicaragua,LM,360,625.432515559484,636.369487605059,,Lower-middle
NIC,1990,Nicaragua,LM,310,519.133994499254,526.824930653493,1970,Lower-middle
NIC,1991,Nicaragua,L,220,356.366046191758,360.003264492548,1790,Low
NIC,1992,Nicaragua,L,240,380.101011031524,382.531813520787,1750,Low
NIC,1993,Nicaragua,L,290,448.654160686316,448.438133190875,1770,Low
NIC,1994,Nicaragua,L,450,681.633267970307,672.866361285948,1810,Low
NIC,1995,Nicaragua,L,620,919.852723033056,893.897377307432,1990,Low
NIC,1996,Nicaragua,L,880,1282.12472827257,1241.11690406267,2150,Low
NIC,1997,Nicaragua,L,880,1260.38959830304,1224.78376541528,2270,Low
NIC,1998,Nicaragua,L,890,1260.5455652477,1230.30675306605,2400,Low
NIC,1999,Nicaragua,L,930,1298.81956157585,1277.88457563817,2560,Low
NIC,2000,Nicaragua,L,970,1324.67712525869,1313.17924427218,2700,Low
NIC,2001,Nicaragua,L,980,1308.86146828725,1305.36696306198,2780,Low
NIC,2002,Nicaragua,L,980,1288.83258116873,1292.33718140239,2830,Low
NIC,2003,Nicaragua,L,1020,1315.46805349181,1324.80359645501,2930,Low
NIC,2004,Nicaragua,L,1100,1381.49183271447,1391.61123092649,3150,Low
NIC,2005,Nicaragua,LM,1180,1436.90972537689,1455.71200636201,3370,Lower-middle
NIC,2006,Nicaragua,LM,1220,1441.17487472661,1466.24450603485,3540,Lower-middle
NIC,2007,Nicaragua,LM,1310,1506.67197494531,1530.17734832698,3790,Lower-middle
NIC,2008,Nicaragua,LM,1420,1602.31478974401,1617.40916316207,3940,Lower-middle
NIC,2009,Nicaragua,LM,1410,1581.27765379419,1598.10269591253,3760,Lower-middle
NIC,2010,Nicaragua,LM,1490,1650.93246193151,1660.47070054965,3930,Lower-middle
NIC,2011,Nicaragua,LM,1600,1736.97730687328,1737.7451951392,4210,Lower-middle
NIC,2012,Nicaragua,LM,1700,1811.79899127724,1817.03438214382,4330,Lower-middle
NIC,2013,Nicaragua,LM,1760,1848.46179147543,1853.84263984581,4480,Lower-middle
NIC,2014,Nicaragua,LM,1850,1911.72200171971,1919.01825740973,4880,Lower-middle
NIC,2015,Nicaragua,LM,1910,1958.72233881281,1965.51394626294,5240,Lower-middle
NIC,2016,Nicaragua,LM,1980,2013.36465972207,2017.41841639747,5600,Lower-middle
NIC,2017,Nicaragua,LM,2050,2050,2050,5900,Lower-middle
NIC,2018,Nicaragua,LM,1990,1943.68103670052,1945.96341868914,5640,Lower-middle
NIC,2019,Nicaragua,LM,1930,1857.09538547716,1859.8689314937,5760,Lower-middle
NIC,2020,Nicaragua,LM,1810,1729.8875365201,1725.14277795286,5880,Lower-middle
NIC,2021,Nicaragua,LM,2060,1886.11901443387,1896.77555410248,6750,Lower-middle
NIC,2022,Nicaragua,LM,2150,1837.51685964526,1878.96185694713,7200,Lower-middle
NIC,2023,Nicaragua,LM,2360,1946.93684351601,1998.00232103476,7940,Lower-middle
NLD,1987,Netherlands,H,14420,26952.6364748276,27577.4974212312,,High
NLD,1988,Netherlands,H,18190,32840.7424019269,33522.7267874364,,High
NLD,1989,Netherlands,H,19140,33252.1620772459,33833.6444243356,,High
NLD,1990,Netherlands,H,19910,33341.7994531618,33835.7560300356,18650,High
NLD,1991,Netherlands,H,20840,33757.5836483465,34102.1274182941,19680,High
NLD,1992,Netherlands,H,23050,36505.5346011527,36738.9929235589,20240,High
NLD,1993,Netherlands,H,23550,36433.8120143543,36416.2690918797,20980,High
NLD,1994,Netherlands,H,24860,37656.4512038707,37172.128314597,22080,High
NLD,1995,Netherlands,H,27120,40236.138465575,39100.8014073831,23320,High
NLD,1996,Netherlands,H,29260,42630.6472150629,41267.1370600839,24540,High
NLD,1997,Netherlands,H,29410,42122.7932796505,40932.8301600719,25950,High
NLD,1998,Netherlands,H,27840,39430.9983556134,38485.1011296166,27220,High
NLD,1999,Netherlands,H,28150,39313.7318907099,38680.0546281876,29130,High
NLD,2000,Netherlands,H,28140,38429.2930977108,38095.7360142465,31640,High
NLD,2001,Netherlands,H,26900,35926.9117315582,35830.9911289462,32420,High
NLD,2002,Netherlands,H,26440,34772.1769858175,34866.7296696727,33570,High
NLD,2003,Netherlands,H,30410,39219.0034379274,39497.3307531342,33860,High
NLD,2004,Netherlands,H,36800,46217.1813126295,46555.7211800862,35450,High
NLD,2005,Netherlands,H,42280,51485.2060923176,52158.9013804964,37250,High
NLD,2006,Netherlands,H,45500,53748.7350820169,54683.7090365457,40910,High
NLD,2007,Netherlands,H,48840,56172.4116460526,57048.7493834274,43640,High
NLD,2008,Netherlands,H,51930,58597.3288953568,59149.3365091592,44410,High
NLD,2009,Netherlands,H,52780,59191.372033516,59821.177510825,43340,High
NLD,2010,Netherlands,H,54000,59832.4516404707,60178.1327715981,45060,High
NLD,2011,Netherlands,H,54270,58916.099027508,58942.1448376279,46940,High
NLD,2012,Netherlands,H,52070,55494.3373387095,55654.6942813111,47220,High
NLD,2013,Netherlands,H,52460,55096.7645345462,55257.1505035859,49340,High
NLD,2014,Netherlands,H,52220,53962.2286107044,54168.1802172627,49300,High
NLD,2015,Netherlands,H,49670,50937.0358999122,51113.6532517698,50180,High
NLD,2016,Netherlands,H,46960,47751.3153639132,47847.4590070834,51590,High
NLD,2017,Netherlands,H,46710,46710,46710,55010,High
NLD,2018,Netherlands,H,51290,50096.181091643,50155.0069068171,58460,High
NLD,2019,Netherlands,H,52940,50940.2226461973,51016.3011571382,60990,High
NLD,2020,Netherlands,H,51490,49210.9995886298,49076.023003753,60640,High
NLD,2021,Netherlands,H,59560,54532.6449027579,54840.753399196,69410,High
NLD,2022,Netherlands,H,62110,53082.8707686357,54280.1492720867,77470,High
NLD,2023,Netherlands,H,62550,51602.076085562,52955.5276189508,81050,High
NOR,1987,Norway,H,20830,38933.6628134992,39836.2878837895,,High
NOR,1988,Norway,H,23970,43276.1184922588,44174.8081965284,,High
NOR,1989,Norway,H,25080,43571.7985839774,44333.7409698191,,High
NOR,1990,Norway,H,26500,44377.5834007427,45035.0343945728,17940,High
NOR,1991,Norway,H,27820,45064.1063866123,45524.0491735577,18960,High
NOR,1992,Norway,H,30780,48747.954664793,49059.7050840409,20190,High
NOR,1993,Norway,H,30210,46737.3868770125,46714.8827713666,21100,High
NOR,1994,Norway,H,30850,46729.7473708533,46128.7272126033,22640,High
NOR,1995,Norway,H,32690,48499.97663863,47131.460103516,24060,High
NOR,1996,Norway,H,35790,52144.5954828127,50476.7886322763,26520,High
NOR,1997,Norway,H,37910,54297.0109905321,52763.1278941967,28310,High
NOR,1998,Norway,H,36110,51144.1577090949,49917.2773631629,27880,High
NOR,1999,Norway,H,35570,49676.3567798419,48875.6498445695,30310,High
NOR,2000,Norway,H,36600,49982.6626644,49548.8250931564,36490,High
NOR,2001,Norway,H,38280,51125.7316388122,50989.2319857272,37850,High
NOR,2002,Norway,H,39930,52513.352006191,52656.1465850995,38160,High
NOR,2003,Norway,H,44830,57816.1106255273,58226.4168912531,38900,High
NOR,2004,Norway,H,54290,68182.9014527896,68682.3397518174,42750,High
NOR,2005,Norway,H,64050,77994.9728054149,79015.5542436328,48490,High
NOR,2006,Norway,H,70300,83044.7489289185,84489.3350608607,54400,High
NOR,2007,Norway,H,78750,90572.8381885063,91985.852046374,56010,High
NOR,2008,Norway,H,87850,99129.1227316984,100062.954213935,61800,High
NOR,2009,Norway,H,88130,98835.4607297038,99887.0855253697,55960,High
NOR,2010,Norway,H,88940,98546.2638685826,99115.6134945543,58840,High
NOR,2011,Norway,H,90920,98703.735463074,98747.3707137853,63060,High
NOR,2012,Norway,H,99750,106309.970223474,106617.164481674,66330,High
NOR,2013,Norway,H,104830,110099.005454756,110419.502235816,68090,High
NOR,2014,Norway,H,105070,108575.476065238,108989.863949211,68420,High
NOR,2015,Norway,H,93440,95823.5682401409,96155.8236328844,63250,High
NOR,2016,Norway,H,81870,83249.5781269927,83417.1948234651,61860,High
NOR,2017,Norway,H,76230,76230,76230,66940,High
NOR,2018,Norway,H,80970,79085.353538513,79178.2201061606,73090,High
NOR,2019,Norway,H,82430,79316.2552460529,79434.7129652985,73110,High
NOR,2020,Norway,H,78610,75130.6404673178,74924.5711463396,69890,High
NOR,2021,Norway,H,81770,74867.9377719696,75290.9403198834,88780,High
NOR,2022,Norway,H,94290,80585.7975330005,82403.4016239744,125610,High
NOR,2023,Norway,H,101640,83850.2799893928,86049.5575889714,108980,High
NPL,1987,Nepal,L,170,317.749528482711,325.116127712157,,Low
NPL,1988,Nepal,L,200,361.085677866156,368.58413180249,,Low
NPL,1989,Nepal,L,200,347.462508644158,353.538604225033,,Low
NPL,1990,Nepal,L,200,334.925157741455,339.887052034512,830,Low
NPL,1991,Nepal,L,200,323.969132901598,327.275694993226,890,Low
NPL,1992,Nepal,L,190,300.913300399957,302.837685703956,920,Low
NPL,1993,Nepal,L,190,293.945829415173,293.804294159539,950,Low
NPL,1994,Nepal,L,190,287.800713143018,284.099130320734,1030,Low
NPL,1995,Nepal,L,200,296.726684849373,288.353992679817,1060,Low
NPL,1996,Nepal,L,210,305.961582883226,296.175624833138,1110,Low
NPL,1997,Nepal,L,210,300.774790504135,292.277944019555,1160,Low
NPL,1998,Nepal,L,200,283.268666347798,276.473427655291,1190,Low
NPL,1999,Nepal,L,210,293.281836484869,288.554581595715,1240,Low
NPL,2000,Nepal,L,220,300.442234594754,297.834467773071,1320,Low
NPL,2001,Nepal,L,230,307.181773169457,306.361634188016,1390,Low
NPL,2002,Nepal,L,230,302.481115988578,303.303624206684,1390,Low
NPL,2003,Nepal,L,250,322.418640561718,324.706763837013,1450,Low
NPL,2004,Nepal,L,280,351.652466509138,354.228313326743,1540,Low
NPL,2005,Nepal,L,300,365.31603187548,370.096272803901,1630,Low
NPL,2006,Nepal,L,330,389.825990704738,396.607120484837,1730,Low
NPL,2007,Nepal,L,370,425.548573076156,432.187495328995,1830,Low
NPL,2008,Nepal,L,430,485.207999711216,489.778831098372,1960,Low
NPL,2009,Nepal,L,480,538.307286398023,544.034960310648,2050,Low
NPL,2010,Nepal,L,530,587.244432767583,590.637229054574,2160,Low
NPL,2011,Nepal,L,620,673.078706413395,673.376263116442,2260,Low
NPL,2012,Nepal,L,750,799.32308438702,801.632815651687,2480,Low
NPL,2013,Nepal,L,840,882.220400476912,884.788532653682,2680,Low
NPL,2014,Nepal,L,860,888.692389988621,892.084162903982,2940,Low
NPL,2015,Nepal,L,870,892.192897783846,895.286457198303,3000,Low
NPL,2016,Nepal,L,860,874.491720889382,876.25244348577,3010,Low
NPL,2017,Nepal,L,970,970,970,3640,Low
NPL,2018,Nepal,L,1120,1093.93103573094,1095.21559242806,3980,Low
NPL,2019,Nepal,LM,1240,1193.15972952937,1194.94169691824,4300,Lower-middle
NPL,2020,Nepal,LM,1190,1137.32937483918,1134.20989268724,4290,Lower-middle
NPL,2021,Nepal,LM,1250,1144.48969322444,1150.95604011073,4570,Lower-middle
NPL,2022,Nepal,LM,1380,1179.42942619091,1206.03133143583,5130,Lower-middle
NPL,2023,Nepal,LM,1430,1179.7117314525,1210.65394876258,5460,Lower-middle
NRU,2015,Nauru,H,12220,12531.7209320903,12575.1729965095,13670,High
NRU,2016,Nauru,UM,11680,11876.8177906837,11900.7308603649,14080,Upper-middle
NRU,2017,Nauru,UM,11300,11300,11300,13480,Upper-middle
NRU,2018,Nauru,UM,12740,12443.4655314395,12458.0773638692,12950,Upper-middle
NRU,2019,Nauru,H,15840,15241.6533191493,15264.4165154716,14920,High
NRU,2020,Nauru,H,17180,16419.5955123842,16374.559627199,16250,High
NRU,2021,Nauru,H,19460,17817.415544118,17918.0836324438,18210,High
NRU,2022,Nauru,H,22570,19289.6537312528,19724.7298192078,21730,High
NRU,2023,Nauru,H,22720,18743.3919850355,19235.0053957244,22510,High
NZL,1987,New Zealand,H,10010,18709.8398830114,19143.6025788158,,High
NZL,1988,New Zealand,H,12550,22658.1262861013,23128.6542706062,,High
NZL,1989,New Zealand,H,13570,23575.3312115061,23987.5942966685,,High
NZL,1990,New Zealand,H,13640,22841.8957579672,23180.2969487537,14190,High
NZL,1991,New Zealand,H,12160,19697.3232804172,19898.3622555881,13530,High
NZL,1992,New Zealand,H,12050,19084.2382622078,19206.2848038562,13910,High
NZL,1993,New Zealand,H,12360,19121.9497451133,19112.7425042731,14750,High
NZL,1994,New Zealand,H,13400,20297.5239795602,20036.4649805149,15950,High
NZL,1995,New Zealand,H,15280,22669.9187224921,22030.245040738,16740,High
NZL,1996,New Zealand,H,16730,24374.9394363637,23595.3247783733,17020,High
NZL,1997,New Zealand,H,17170,24591.9197759809,23897.2014229322,17960,High
NZL,1998,New Zealand,H,15790,22364.0612081586,21827.5771133853,18440,High
NZL,1999,New Zealand,H,15040,21004.5658130116,20666.0043199979,19350,High
NZL,2000,New Zealand,H,14070,19214.6465488554,19047.8680071233,20280,High
NZL,2001,New Zealand,H,13800,18430.9063901674,18381.698051281,21370,High
NZL,2002,New Zealand,H,14170,18635.4670154702,18686.1406739509,22130,High
NZL,2003,New Zealand,H,16990,21911.5708125744,22067.0716703634,22860,High
NZL,2004,New Zealand,H,21530,27039.5628712205,27237.6270925885,23710,High
NZL,2005,New Zealand,H,25450,30990.9767041032,31396.5004761976,24020,High
NZL,2006,New Zealand,H,26380,31162.4534387606,31704.5328436061,25870,High
NZL,2007,New Zealand,H,28150,32376.1954921454,32881.2918743547,27240,High
NZL,2008,New Zealand,H,28680,32362.2451900411,32667.109013724,27730,High
NZL,2009,New Zealand,H,29770,33386.2664918107,33741.5016009333,29490,High
NZL,2010,New Zealand,H,29750,32963.2488204445,33153.693517686,29750,High
NZL,2011,New Zealand,H,32250,35010.9488416645,35026.4265895246,31260,High
NZL,2012,New Zealand,H,36780,39198.8040583394,39312.0732795587,31680,High
NZL,2013,New Zealand,H,39970,41978.9873893597,42101.187678771,34830,High
NZL,2014,New Zealand,H,41720,43111.9145468898,43276.4549725048,35830,High
NZL,2015,New Zealand,H,40670,41707.4541987,41852.0692117874,36260,High
NZL,2016,New Zealand,H,39460,40124.9340770872,40205.7225813354,38680,High
NZL,2017,New Zealand,H,38840,38840,38840,40640,High
NZL,2018,New Zealand,H,41660,40690.327632635,40738.1085540651,40970,High
NZL,2019,New Zealand,H,43130,41500.7896246787,41562.7704742609,44120,High
NZL,2020,New Zealand,H,41850,39997.675913462,39887.9697554295,44620,High
NZL,2021,New Zealand,H,45800,41934.1023597433,42171.0293096571,46940,High
NZL,2022,New Zealand,H,49160,42015.0366605399,42962.681343033,52260,High
NZL,2023,New Zealand,H,49020,40440.188164896,41500.8787191202,52810,High
OMN,1987,Oman,UM,5820,10878.2485633493,11130.4462546162,,Upper-middle
OMN,1988,Oman,UM,5500,9929.8561413193,10136.0636245685,,Upper-middle
OMN,1989,Oman,UM,5880,10215.3977541382,10394.034964216,,Upper-middle
OMN,1990,Oman,UM,6110,10231.9635690014,10383.5494396543,26290,Upper-middle
OMN,1991,Oman,UM,6710,10869.1644088486,10980.0995670227,27710,Upper-middle
OMN,1992,Oman,UM,7610,12052.3695581246,12129.4462537216,28940,Upper-middle
OMN,1993,Oman,UM,7370,11402.0040146833,11396.5139366095,30150,Upper-middle
OMN,1994,Oman,UM,7270,11012.1641292092,10870.5298812196,31010,Upper-middle
OMN,1995,Oman,UM,7460,11067.9053448816,10755.6039269572,32750,Upper-middle
OMN,1996,Oman,UM,7680,11189.4521740151,10831.5657081833,33690,Upper-middle
OMN,1997,Oman,UM,8000,11458.0872573004,11134.3978674116,35710,Upper-middle
OMN,1998,Oman,UM,7460,10565.9212547729,10312.4588515424,35520,Upper-middle
OMN,1999,Oman,UM,7270,10153.1378630714,9989.48480095643,35430,Upper-middle
OMN,2000,Oman,UM,8070,11020.7674235439,10925.1097951304,37960,Upper-middle
OMN,2001,Oman,UM,8940,11940.0219658041,11908.1435201777,39890,Upper-middle
OMN,2002,Oman,UM,9210,12112.3959924122,12145.3320823633,39770,Upper-middle
OMN,2003,Oman,UM,9640,12432.4627800599,12520.6928135552,40040,Upper-middle
OMN,2004,Oman,UM,11050,13877.7134104499,13979.3673652161,41560,Upper-middle
OMN,2005,Oman,UM,12590,15331.0961377076,15531.706915337,42420,Upper-middle
OMN,2006,Oman,UM,14850,17542.1695817132,17847.3204218177,45370,Upper-middle
OMN,2007,Oman,H,17290,19885.7698067209,20196.0048492928,47820,High
OMN,2008,Oman,H,21190,23910.5988694899,24135.8451883128,50750,High
OMN,2009,Oman,H,22010,24683.632028376,24946.2697425779,52220,High
OMN,2010,Oman,H,22510,24941.2682671666,25085.3660868273,52600,High
OMN,2011,Oman,H,20820,22602.4172056885,22612.4093517489,49600,High
OMN,2012,Oman,H,21960,23404.1799108519,23471.8088422814,47410,High
OMN,2013,Oman,H,22920,24072.0137844414,24142.0871052648,45320,High
OMN,2014,Oman,H,22060,22795.9931664523,22882.9960856533,42190,High
OMN,2015,Oman,H,20560,21084.4666418803,21157.5742068932,35030,High
OMN,2016,Oman,H,18550,18862.5830494163,18900.56142635,32420,High
OMN,2017,Oman,H,16640,16640,16640,32400,High
OMN,2018,Oman,H,17250,16848.4913985346,16868.2758655214,35720,High
OMN,2019,Oman,H,17860,17185.3490075762,17211.0150862578,34750,High
OMN,2020,Oman,H,17190,16429.1529020887,16384.0908027678,32740,High
OMN,2021,Oman,H,17910,16398.2483245197,16490.8981427065,36070,High
OMN,2022,Oman,H,19270,16469.2790164484,16840.7418527308,38990,High
OMN,2023,Oman,H,19950,16458.2161136205,16889.8925019675,39640,High
PAK,1987,Pakistan,L,350,654.190205699699,669.356733525028,,Low
PAK,1988,Pakistan,L,370,668.008504052389,681.880643834606,,Low
PAK,1989,Pakistan,L,370,642.805640991692,654.046417816311,,Low
PAK,1990,Pakistan,L,370,619.611541821691,628.791046263847,1870,Low
PAK,1991,Pakistan,L,370,599.342895867957,605.460035737468,1960,Low
PAK,1992,Pakistan,L,400,633.501685052541,637.553022534645,2100,Low
PAK,1993,Pakistan,L,400,618.833325084574,618.535356125345,2120,Low
PAK,1994,Pakistan,L,400,605.896238195828,598.103432254176,2180,Low
PAK,1995,Pakistan,L,430,637.962372426152,619.961084261606,2270,Low
PAK,1996,Pakistan,L,440,641.062364136284,620.558452031337,2350,Low
PAK,1997,Pakistan,L,430,615.872190079895,598.473885373374,2350,Low
PAK,1998,Pakistan,L,410,580.700766012985,566.770526693347,2360,Low
PAK,1999,Pakistan,L,410,572.597871232364,563.36846882973,2430,Low
PAK,2000,Pakistan,L,470,641.853864816066,636.282726606107,2510,Low
PAK,2001,Pakistan,L,530,707.853651216574,705.963765737602,2580,Low
PAK,2002,Pakistan,L,600,789.081172144118,791.226845756567,2620,Low
PAK,2003,Pakistan,L,640,825.391719837999,831.249315422752,2770,Low
PAK,2004,Pakistan,L,740,929.367232917007,936.174828077821,3000,Low
PAK,2005,Pakistan,L,830,1010.70768818883,1023.93302142412,3240,Low
PAK,2006,Pakistan,L,890,1051.34888402187,1069.63738555002,3460,Low
PAK,2007,Pakistan,L,940,1081.12340186915,1097.98985299799,3600,Low
PAK,2008,Pakistan,LM,1000,1128.39069700283,1139.02053743807,3650,Lower-middle
PAK,2009,Pakistan,LM,1020,1143.9029835958,1156.07429066013,3690,Lower-middle
PAK,2010,Pakistan,LM,1000,1108.00836371242,1114.4098661407,3720,Lower-middle
PAK,2011,Pakistan,LM,1020,1107.32303313171,1107.81256190124,3830,Lower-middle
PAK,2012,Pakistan,LM,1110,1182.99816489279,1186.4165671645,3990,Lower-middle
PAK,2013,Pakistan,LM,1210,1270.81748163936,1274.51681489399,4110,Lower-middle
PAK,2014,Pakistan,LM,1250,1291.70405521602,1296.63395770928,4250,Lower-middle
PAK,2015,Pakistan,LM,1280,1312.65161972796,1317.20306346417,4410,Lower-middle
PAK,2016,Pakistan,LM,1360,1382.91714001112,1385.70153853564,4550,Lower-middle
PAK,2017,Pakistan,LM,1450,1450,1450,4720,Lower-middle
PAK,2018,Pakistan,LM,1560,1523.68965691096,1525.47886088194,4900,Lower-middle
PAK,2019,Pakistan,LM,1520,1462.5828942618,1464.76724138364,4950,Lower-middle
PAK,2020,Pakistan,LM,1370,1309.36238952074,1305.77105292565,4960,Lower-middle
PAK,2021,Pakistan,LM,1420,1300.14029150296,1307.48606156579,5300,Lower-middle
PAK,2022,Pakistan,LM,1510,1290.53509677411,1319.64297860008,5840,Lower-middle
PAK,2023,Pakistan,LM,1450,1196.21119622805,1227.5861718222,5910,Lower-middle
PAN,1987,Panama,UM,3290,6149.38793357717,6291.95329513527,,Upper-middle
PAN,1988,Panama,LM,2770,5001.03663844627,5104.89022546448,,Lower-middle
PAN,1989,Panama,LM,2570,4464.89323607743,4542.97106429167,,Lower-middle
PAN,1990,Panama,LM,2660,4454.50459796134,4520.49779205901,4450,Lower-middle
PAN,1991,Panama,LM,2750,4454.57557739698,4500.04080615686,4800,Lower-middle
PAN,1992,Panama,LM,3030,4798.775264273,4829.46414569993,5270,Lower-middle
PAN,1993,Panama,LM,3260,5043.49159943928,5041.06315242156,5690,Lower-middle
PAN,1994,Panama,LM,3430,5195.56024252923,5128.73693157956,5910,Lower-middle
PAN,1995,Panama,LM,3430,5088.86264516675,4945.27097445886,5850,Lower-middle
PAN,1996,Panama,LM,3500,5099.35971472044,4936.26041388564,6250,Lower-middle
PAN,1997,Panama,LM,3490,4998.59056599728,4857.38106965831,6620,Lower-middle
PAN,1998,Panama,UM,3510,4971.36509440385,4852.10865535036,7060,Upper-middle
PAN,1999,Panama,UM,3620,5055.62022892965,4974.13135893566,7290,Upper-middle
PAN,2000,Panama,UM,3810,5203.11324457279,5157.95146461546,7720,Upper-middle
PAN,2001,Panama,UM,3770,5035.10993412544,5021.66678647313,7800,Upper-middle
PAN,2002,Panama,UM,3890,5115.8762660677,5129.78738332174,8190,Upper-middle
PAN,2003,Panama,UM,4030,5197.3884858549,5234.27303305264,8280,Upper-middle
PAN,2004,Panama,UM,4490,5638.99848080724,5680.30402441813,8940,Upper-middle
PAN,2005,Panama,UM,4880,5942.4741185078,6020.23270427678,9770,Upper-middle
PAN,2006,Panama,UM,5270,6225.40294246658,6333.69553016694,10870,Upper-middle
PAN,2007,Panama,UM,5990,6889.2863587194,6996.76512708293,12560,Upper-middle
PAN,2008,Panama,UM,6770,7639.20501870914,7711.16903845577,13840,Upper-middle
PAN,2009,Panama,UM,7120,7984.89141490401,8069.85191127462,14000,Upper-middle
PAN,2010,Panama,UM,7500,8310.06272784315,8358.07399605529,14380,Upper-middle
PAN,2011,Panama,UM,8860,9618.51183681077,9622.76401808335,16540,Upper-middle
PAN,2012,Panama,UM,9870,10519.0917905332,10549.4878539762,18190,Upper-middle
PAN,2013,Panama,UM,10950,11500.3730776455,11533.8505149498,20570,Upper-middle
PAN,2014,Panama,UM,11520,11904.3445728708,11949.7785542487,22310,Upper-middle
PAN,2015,Panama,UM,12570,12890.6491093597,12935.3457091755,25560,Upper-middle
PAN,2016,Panama,UM,13180,13402.0940480489,13429.0781455145,28180,Upper-middle
PAN,2017,Panama,H,14230,14230,14230,31550,High
PAN,2018,Panama,H,14910,14562.9569131682,14580.0575741985,29900,High
PAN,2019,Panama,H,15640,15049.2082014833,15071.6839837106,31180,High
PAN,2020,Panama,UM,13070,12491.5083438219,12457.2464684221,26190,Upper-middle
PAN,2021,Panama,H,14920,13660.6289783269,13737.8112947617,29100,High
PAN,2022,Panama,H,17020,14546.2962563545,14874.3864210419,34690,High
PAN,2023,Panama,H,17920,14783.5204389012,15171.2718614164,37900,High
PER,1987,Peru,LM,1240,2317.70244305036,2371.43528448867,,Lower-middle
PER,1988,Peru,LM,1010,1823.48267322409,1861.34986560257,,Lower-middle
PER,1989,Peru,LM,910,1580.95441433092,1608.6006492239,,Lower-middle
PER,1990,Peru,LM,840,1406.68566251411,1427.52561854495,3160,Lower-middle
PER,1991,Peru,LM,1220,1976.21171069975,1996.38173945868,3390,Lower-middle
PER,1992,Peru,LM,1420,2248.93098193652,2263.31322999799,3370,Lower-middle
PER,1993,Peru,LM,1550,2397.97913470272,2396.82450498571,3540,Lower-middle
PER,1994,Peru,LM,1760,2665.94344806164,2631.65510191837,3960,Lower-middle
PER,1995,Peru,LM,1950,2893.08517728139,2811.45142862821,4250,Lower-middle
PER,1996,Peru,LM,2150,3132.46382475684,3032.27425424403,4420,Lower-middle
PER,1997,Peru,LM,2270,3251.23225925898,3159.38539487804,4720,Lower-middle
PER,1998,Peru,LM,2150,3045.13816323883,2972.08934729438,4710,Lower-middle
PER,1999,Peru,LM,2030,2835.05775268707,2789.36095542525,4760,Lower-middle
PER,2000,Peru,LM,1960,2676.66718093508,2653.434349251,4900,Lower-middle
PER,2001,Peru,LM,1890,2524.23283169684,2517.49342876239,5000,Lower-middle
PER,2002,Peru,LM,1940,2551.36245659931,2558.3001346129,5270,Lower-middle
PER,2003,Peru,LM,2060,2656.72959822856,2675.58373401698,5480,Lower-middle
PER,2004,Peru,LM,2270,2850.89678205622,2871.77954018467,5730,Lower-middle
PER,2005,Peru,LM,2520,3068.65466775403,3108.80869155276,6150,Lower-middle
PER,2006,Peru,LM,2790,3295.80155777642,3353.13292773544,6630,Lower-middle
PER,2007,Peru,LM,3190,3668.91877868362,3726.15705432296,7370,Lower-middle
PER,2008,Peru,UM,3770,4254.03292770066,4294.10742614154,8210,Upper-middle
PER,2009,Peru,UM,3950,4429.8203776504,4476.95436088971,8360,Upper-middle
PER,2010,Peru,UM,4400,4875.23680033465,4903.4034110191,9000,Upper-middle
PER,2011,Peru,UM,4960,5384.62965130716,5387.01010493154,9690,Upper-middle
PER,2012,Peru,UM,5780,6160.11657034263,6177.916899289,10080,Upper-middle
PER,2013,Peru,UM,6410,6732.18186554405,6751.77915989298,10710,Upper-middle
PER,2014,Peru,UM,6520,6737.52835200675,6763.24272341159,11000,Upper-middle
PER,2015,Peru,UM,6340,6501.72755396504,6524.27142372097,11200,Upper-middle
PER,2016,Peru,UM,6130,6233.29563843245,6245.84590531136,11570,Upper-middle
PER,2017,Peru,UM,6090,6090,6090,12010,Upper-middle
PER,2018,Peru,UM,6500,6348.70690379566,6356.16192034141,12430,Upper-middle
PER,2019,Peru,UM,6850,6591.24528006142,6601.08921281444,13070,Upper-middle
PER,2020,Peru,UM,6080,5810.89294035482,5794.95474583062,12230,Upper-middle
PER,2021,Peru,UM,6550,5997.12599249604,6031.00965018022,14100,Upper-middle
PER,2022,Peru,UM,6920,5914.24031104427,6047.63537212751,15540,Upper-middle
PER,2023,Peru,UM,7080,5840.81053054802,5994.00696310427,16100,Upper-middle
PHL,1987,Philippines,LM,680,1270.99811393084,1300.46451084863,,Lower-middle
PHL,1988,Philippines,LM,740,1336.01700810478,1363.76128766921,,Lower-middle
PHL,1989,Philippines,LM,790,1372.47690914442,1396.47748668888,,Lower-middle
PHL,1990,Philippines,LM,820,1373.19314673996,1393.5369133415,2570,Lower-middle
PHL,1991,Philippines,LM,820,1328.27344489655,1341.83034947223,2610,Lower-middle
PHL,1992,Philippines,LM,870,1377.86616498928,1386.67782401285,2650,Lower-middle
PHL,1993,Philippines,LM,920,1423.31664769452,1422.63131908829,2720,Lower-middle
PHL,1994,Philippines,LM,1040,1575.33021930915,1555.06892386086,2870,Lower-middle
PHL,1995,Philippines,LM,1150,1706.17843788389,1658.03545790895,3010,Lower-middle
PHL,1996,Philippines,LM,1310,1908.61749322394,1847.57175491148,3190,Lower-middle
PHL,1997,Philippines,LM,1380,1976.52005188431,1920.6836321285,3380,Lower-middle
PHL,1998,Philippines,LM,1300,1841.24633126069,1797.07727975939,3600,Lower-middle
PHL,1999,Philippines,LM,1230,1717.79361369709,1690.10540648919,3660,Lower-middle
PHL,2000,Philippines,LM,1150,1570.49349901803,1556.86199063196,3680,Lower-middle
PHL,2001,Philippines,LM,1140,1522.55313657905,1518.48809988843,3800,Lower-middle
PHL,2002,Philippines,LM,1110,1459.80016846662,1463.76966464965,3920,Lower-middle
PHL,2003,Philippines,LM,1150,1483.1257465839,1493.65111365026,4120,Lower-middle
PHL,2004,Philippines,LM,1260,1582.43609929112,1594.02740997034,4410,Lower-middle
PHL,2005,Philippines,LM,1350,1643.92214343966,1665.43322761755,4710,Lower-middle
PHL,2006,Philippines,LM,1470,1736.49759495747,1766.70444579609,5000,Lower-middle
PHL,2007,Philippines,LM,1680,1932.22054802147,1962.36484365598,5370,Lower-middle
PHL,2008,Philippines,LM,1970,2222.92967309557,2243.87045875301,5630,Lower-middle
PHL,2009,Philippines,LM,2130,2388.73858339123,2414.1551363785,5750,Lower-middle
PHL,2010,Philippines,LM,2310,2559.49932017569,2574.28679078503,6110,Lower-middle
PHL,2011,Philippines,LM,2450,2659.74650114971,2660.92233005691,6320,Lower-middle
PHL,2012,Philippines,LM,2780,2962.82423279455,2971.38563668225,6770,Lower-middle
PHL,2013,Philippines,LM,3060,3213.80288745161,3223.15822609556,7120,Lower-middle
PHL,2014,Philippines,LM,3220,3327.42964623646,3340.1290750591,7460,Lower-middle
PHL,2015,Philippines,LM,3280,3363.66977555289,3375.33285012694,7680,Lower-middle
PHL,2016,Philippines,LM,3350,3406.45030811562,3413.3089368341,8200,Lower-middle
PHL,2017,Philippines,LM,3440,3440,3440,8630,Lower-middle
PHL,2018,Philippines,LM,3610,3525.97414195421,3530.11454345115,9250,Lower-middle
PHL,2019,Philippines,LM,3760,3617.9682121213,3623.37159710691,9820,Lower-middle
PHL,2020,Philippines,LM,3350,3201.72555101787,3192.94381554812,8860,Lower-middle
PHL,2021,Philippines,LM,3570,3268.66256384899,3287.13045055624,9170,Lower-middle
PHL,2022,Philippines,LM,4010,3427.18260798952,3504.48234714325,10730,Lower-middle
PHL,2023,Philippines,LM,4320,3563.88439152083,3657.36018087718,12190,Lower-middle
PLW,1996,Palau,UM,8770,12777.5384851709,12368.8582370792,12120,Upper-middle
PLW,1997,Palau,UM,8780,12575.2507648872,12220.0016594842,12280,Upper-middle
PLW,1998,Palau,UM,8690,12308.0235528118,12012.7704316224,12400,Upper-middle
PLW,1999,Palau,UM,8250,11521.7864333341,11336.0728484031,11670,Upper-middle
PLW,2000,Palau,UM,6860,9368.33513327278,9287.0202223785,9460,Upper-middle
PLW,2001,Palau,UM,7520,10043.5084097144,10016.693430843,10340,Upper-middle
PLW,2002,Palau,UM,7740,10179.1471206591,10206.8263102597,10770,Upper-middle
PLW,2003,Palau,UM,7790,10046.5648399031,10117.8627611613,10960,Upper-middle
PLW,2004,Palau,UM,8370,10511.896945291,10588.8963662316,11690,Upper-middle
PLW,2005,Palau,UM,9010,10971.6581573269,11115.2247265438,12370,Upper-middle
PLW,2006,Palau,UM,9440,11151.3859159174,11345.3673253844,12930,Upper-middle
PLW,2007,Palau,UM,9970,11466.8088474845,11645.7008876489,13540,Upper-middle
PLW,2008,Palau,UM,10000,11283.9069700283,11390.2053743807,13380,Upper-middle
PLW,2009,Palau,UM,10090,11315.6677494918,11436.0682281968,13290,Upper-middle
PLW,2010,Palau,UM,10080,11168.7243062212,11233.2514506983,13290,Upper-middle
PLW,2011,Palau,UM,10860,11789.7334704024,11794.9455120074,14450,Upper-middle
PLW,2012,Palau,UM,11320,12064.4497536814,12099.3112975695,14900,Upper-middle
PLW,2013,Palau,UM,11740,12330.0803590464,12365.9730635169,15060,Upper-middle
PLW,2014,Palau,UM,12740,13165.0477307617,13215.2932969729,15830,Upper-middle
PLW,2015,Palau,UM,14190,14551.9738155779,14602.4308363723,17040,Upper-middle
PLW,2016,Palau,H,15000,15252.762573652,15283.472851496,17290,High
PLW,2017,Palau,H,15700,15700,15700,17630,High
PLW,2018,Palau,H,16040,15666.6551902896,15685.0518772733,17700,High
PLW,2019,Palau,H,16200,15588.0545309482,15611.3350726415,18290,High
PLW,2020,Palau,H,15360,14680.1505861595,14639.8856736773,17790,High
PLW,2021,Palau,UM,13770,12607.6984605604,12678.9317378598,16390,Upper-middle
PLW,2022,Palau,UM,14100,12050.6919632549,12322.4940385835,17420,Upper-middle
PLW,2023,Palau,H,14780,12193.1044691384,12512.9128410566,18320,High
PNG,1987,Papua New Guinea,LM,810,1513.98304747645,1549.08272615792,,Lower-middle
PNG,1988,Papua New Guinea,LM,940,1697.10268597093,1732.3454194717,,Lower-middle
PNG,1989,Papua New Guinea,LM,950,1650.44691605975,1679.30837006891,,Lower-middle
PNG,1990,Papua New Guinea,LM,880,1473.6706940624,1495.50302895185,1660,Lower-middle
PNG,1991,Papua New Guinea,LM,920,1490.25801134735,1505.46819696884,1830,Lower-middle
PNG,1992,Papua New Guinea,LM,970,1536.24158625241,1546.06607964651,1980,Lower-middle
PNG,1993,Papua New Guinea,LM,1120,1732.73331023681,1731.89899715096,2310,Lower-middle
PNG,1994,Papua New Guinea,LM,1160,1757.0990907679,1734.49995353711,2440,Lower-middle
PNG,1995,Papua New Guinea,LM,1060,1572.65142970168,1528.27616120303,2350,Lower-middle
PNG,1996,Papua New Guinea,LM,1030,1500.6687160463,1452.67092180063,2430,Lower-middle
PNG,1997,Papua New Guinea,LM,930,1332.00264366117,1294.3737520866,2330,Lower-middle
PNG,1998,Papua New Guinea,LM,770,1090.58436543902,1064.42269647287,2180,Lower-middle
PNG,1999,Papua New Guinea,LM,670,935.708716404107,920.626522233949,2160,Lower-middle
PNG,2000,Papua New Guinea,LM,600,819.387912531147,812.275821199286,2110,Lower-middle
PNG,2001,Papua New Guinea,L,530,707.853651216574,705.963765737602,2060,Low
PNG,2002,Papua New Guinea,L,490,644.416290584363,646.168590701196,2020,Low
PNG,2003,Papua New Guinea,L,480,619.043789878499,623.436986567064,1980,Low
PNG,2004,Papua New Guinea,L,540,678.186899696194,683.154604273005,2060,Low
PNG,2005,Papua New Guinea,L,650,791.518069063539,801.875257741785,2220,Low
PNG,2006,Papua New Guinea,L,780,921.40688712029,937.435012055069,2220,Low
PNG,2007,Papua New Guinea,L,1040,1196.13652972757,1214.79728416799,2440,Low
PNG,2008,Papua New Guinea,LM,1360,1534.61134792385,1549.06793091578,2450,Lower-middle
PNG,2009,Papua New Guinea,LM,1460,1637.35132946065,1654.77300427822,2500,Lower-middle
PNG,2010,Papua New Guinea,LM,1660,1839.29388376262,1849.92037779357,2700,Lower-middle
PNG,2011,Papua New Guinea,LM,1730,1878.10671305673,1878.93699224427,2640,Lower-middle
PNG,2012,Papua New Guinea,LM,2150,2291.39284190946,2298.01407153484,2870,Lower-middle
PNG,2013,Papua New Guinea,LM,2340,2457.61397275711,2464.76805524954,2860,Lower-middle
PNG,2014,Papua New Guinea,LM,2790,2883.08345124215,2894.08699360711,3440,Lower-middle
PNG,2015,Papua New Guinea,LM,2520,2584.28287633942,2593.24353119509,3430,Lower-middle
PNG,2016,Papua New Guinea,LM,2410,2450.61052016676,2455.54463814036,3640,Lower-middle
PNG,2017,Papua New Guinea,LM,2310,2310,2310,3740,Lower-middle
PNG,2018,Papua New Guinea,LM,2310,2256.23276119507,2258.88215938287,3690,Lower-middle
PNG,2019,Papua New Guinea,LM,2420,2328.58592375892,2332.06363430817,3770,Lower-middle
PNG,2020,Papua New Guinea,LM,2410,2303.33091879196,2297.01331208089,3780,Lower-middle
PNG,2021,Papua New Guinea,LM,2370,2169.95245835353,2182.21265204994,3730,Lower-middle
PNG,2022,Papua New Guinea,LM,2690,2299.03272206779,2350.88716055246,4160,Lower-middle
PNG,2023,Papua New Guinea,LM,2800,2309.92506857831,2370.51122834632,4320,Lower-middle
POL,1987,Poland,LM,,,,,Lower-middle
POL,1988,Poland,LM,,,,,Lower-middle
POL,1989,Poland,LM,,,,,Lower-middle
POL,1990,Poland,LM,,,,,Lower-middle
POL,1991,Poland,LM,,,,,Lower-middle
POL,1992,Poland,LM,2080,3294.20876227321,3315.27571718015,5920,Lower-middle
POL,1993,Poland,LM,2480,3836.76661552436,3834.91920797714,6330,Lower-middle
POL,1994,Poland,LM,2750,4165.53663759632,4111.96109674746,6860,Lower-middle
POL,1995,Poland,LM,3300,4895.99030001465,4757.84087921697,7680,Lower-middle
POL,1996,Poland,UM,3880,5653.00448374723,5472.19725882179,8290,Upper-middle
POL,1997,Poland,UM,4270,6115.75407358407,5942.98486173094,8940,Upper-middle
POL,1998,Poland,UM,4390,6217.74722633416,6068.59173703365,9490,Upper-middle
POL,1999,Poland,UM,4460,6228.74757486913,6128.34968531853,10030,Upper-middle
POL,2000,Poland,UM,4690,6404.8821829518,6349.28933570775,10670,Upper-middle
POL,2001,Poland,UM,4720,6303.90421460798,6287.07353638015,11120,Upper-middle
POL,2002,Poland,UM,4890,6431.01155297456,6448.49879291602,11750,Upper-middle
POL,2003,Poland,UM,5510,7106.10683798027,7156.53707496776,12190,Upper-middle
POL,2004,Poland,UM,6290,7899.62147979456,7957.48603866148,12990,Upper-middle
POL,2005,Poland,UM,7340,8938.06557988674,9055.02214126877,13660,Upper-middle
POL,2006,Poland,UM,8450,9981.90794380314,10155.5459639299,14810,Upper-middle
POL,2007,Poland,UM,9940,11432.304909127,11610.6586582979,16260,Upper-middle
POL,2008,Poland,UM,11980,13518.1205500939,13645.4660385081,17990,Upper-middle
POL,2009,Poland,H,12520,14040.8483868818,14190.2452147694,18700,High
POL,2010,Poland,H,12730,14104.9464700591,14186.4375959712,20290,High
POL,2011,Poland,H,12900,14004.3795366658,14010.5706358098,22000,High
POL,2012,Poland,H,13170,14036.1133618361,14076.6722428436,22830,High
POL,2013,Poland,H,13290,13957.9870504026,13998.6185701993,23540,High
POL,2014,Poland,H,13540,13991.7383260999,14045.1390299069,24480,High
POL,2015,Poland,H,13320,13659.7809177941,13707.144379174,25970,High
POL,2016,Poland,H,12740,12954.6796792218,12980.7629418706,27250,High
POL,2017,Poland,H,12780,12780,12780,28890,High
POL,2018,Poland,H,14310,13976.9224297409,13993.3349353978,30980,High
POL,2019,Poland,H,15510,14924.1188750004,14946.407838066,34400,High
POL,2020,Poland,H,15640,14947.7574978864,14906.7585896038,35720,High
POL,2021,Poland,H,17470,15995.3879525047,16085.7616165875,39260,High
POL,2022,Poland,H,19110,16332.5335757306,16700.912133144,44940,High
POL,2023,Poland,H,19890,16408.7177192938,16839.0958327887,46500,High
PRI,1987,Puerto Rico (U.S.),UM,5350,9999.76457283826,10231.5957838826,,Upper-middle
PRI,1988,Puerto Rico (U.S.),UM,5860,10579.8103614784,10799.5150618129,,Upper-middle
PRI,1989,Puerto Rico (U.S.),H,6050,10510.7408864858,10694.5427778072,,High
PRI,1990,Puerto Rico (U.S.),UM,5950,9964.02344280827,10111.6397980267,9470,Upper-middle
PRI,1991,Puerto Rico (U.S.),UM,6300,10205.0276864003,10309.1843922866,9950,Upper-middle
PRI,1992,Puerto Rico (U.S.),UM,6760,10706.1784773879,10774.6460808355,10240,Upper-middle
PRI,1993,Puerto Rico (U.S.),UM,7100,10984.2915202512,10979.0025712249,10820,Upper-middle
PRI,1994,Puerto Rico (U.S.),UM,7370,11163.6381887581,11020.0557392832,11250,Upper-middle
PRI,1995,Puerto Rico (U.S.),UM,7820,11602.0133776105,11274.6411137808,11820,Upper-middle
PRI,1996,Puerto Rico (U.S.),UM,8130,11845.0841373363,11466.2277613972,12230,Upper-middle
PRI,1997,Puerto Rico (U.S.),UM,8510,12188.5403199533,11844.2157314591,12950,Upper-middle
PRI,1998,Puerto Rico (U.S.),UM,8690,12308.0235528118,12012.7704316224,13290,Upper-middle
PRI,1999,Puerto Rico (U.S.),UM,9590,13393.2038661424,13177.325892871,14410,Upper-middle
PRI,2000,Puerto Rico (U.S.),UM,10550,14407.5707953393,14282.5165227541,15400,Upper-middle
PRI,2001,Puerto Rico (U.S.),UM,10950,14624.5235487198,14585.4778015599,15840,Upper-middle
PRI,2002,Puerto Rico (U.S.),H,11250,14795.2719777022,14835.5033579356,16030,High
PRI,2003,Puerto Rico (U.S.),H,12170,15695.3394225444,15806.7252635858,16480,High
PRI,2004,Puerto Rico (U.S.),H,14260,17909.1577586439,18040.3419572834,18710,High
PRI,2005,Puerto Rico (U.S.),H,14750,17961.3715672111,18196.4000795251,19190,High
PRI,2006,Puerto Rico (U.S.),H,15030,17754.8019402794,18063.6515784458,19860,High
PRI,2007,Puerto Rico (U.S.),H,15860,18241.0820783455,18525.6585835618,20720,High
PRI,2008,Puerto Rico (U.S.),H,16360,18460.4718029663,18634.3759924869,20610,High
PRI,2009,Puerto Rico (U.S.),H,16580,18594.0308509984,18791.8742540636,20150,High
PRI,2010,Puerto Rico (U.S.),H,16910,18736.421430377,18844.6708364393,20200,High
PRI,2011,Puerto Rico (U.S.),H,17600,19106.7503756061,19115.1971465313,20760,High
PRI,2012,Puerto Rico (U.S.),H,18550,19769.9242871723,19827.0516404517,21500,High
PRI,2013,Puerto Rico (U.S.),H,18960,19912.9747536217,19970.9411656117,21720,High
PRI,2014,Puerto Rico (U.S.),H,19010,19644.2352717252,19719.2092288427,21750,High
PRI,2015,Puerto Rico (U.S.),H,19080,19566.7132065699,19634.5581647628,21760,High
PRI,2016,Puerto Rico (U.S.),H,19290,19615.0526697165,19654.5460870238,21630,High
PRI,2017,Puerto Rico (U.S.),H,19500,19500,19500,21270,High
PRI,2018,Puerto Rico (U.S.),H,20380,19905.637953747,19929.012297932,22570,High
PRI,2019,Puerto Rico (U.S.),H,21310,20505.0272873152,20535.6512591352,24380,High
PRI,2020,Puerto Rico (U.S.),H,21200,20261.6661736056,20206.0922058568,25140,High
PRI,2021,Puerto Rico (U.S.),H,22580,20674.0618184062,20790.8699085602,27960,High
PRI,2022,Puerto Rico (U.S.),H,24670,21084.4376406737,21559.9948887841,31310,High
PRI,2023,Puerto Rico (U.S.),H,25290,20863.5732086948,21410.7960588852,32870,High
PRK,1990,"Korea, Dem. Rep.",LM,,,,,Lower-middle
PRK,1991,"Korea, Dem. Rep.",LM,,,,,Lower-middle
PRK,1992,"Korea, Dem. Rep.",LM,,,,,Lower-middle
PRK,1993,"Korea, Dem. Rep.",LM,,,,,Lower-middle
PRK,1994,"Korea, Dem. Rep.",LM,,,,,Lower-middle
PRK,1995,"Korea, Dem. Rep.",LM,,,,,Lower-middle
PRK,1996,"Korea, Dem. Rep.",LM,,,,,Lower-middle
PRK,1997,"Korea, Dem. Rep.",LM,,,,,Lower-middle
PRK,1998,"Korea, Dem. Rep.",L,,,,,Low
PRK,1999,"Korea, Dem. Rep.",L,,,,,Low
PRK,2000,"Korea, Dem. Rep.",L,,,,,Low
PRK,2001,"Korea, Dem. Rep.",L,,,,,Low
PRK,2002,"Korea, Dem. Rep.",L,,,,,Low
PRK,2003,"Korea, Dem. Rep.",L,,,,,Low
PRK,2004,"Korea, Dem. Rep.",L,,,,,Low
PRK,2005,"Korea, Dem. Rep.",L,,,,,Low
PRK,2006,"Korea, Dem. Rep.",L,,,,,Low
PRK,2007,"Korea, Dem. Rep.",L,,,,,Low
PRK,2008,"Korea, Dem. Rep.",L,,,,,Low
PRK,2009,"Korea, Dem. Rep.",L,,,,,Low
PRK,2010,"Korea, Dem. Rep.",L,,,,,Low
PRK,2011,"Korea, Dem. Rep.",L,,,,,Low
PRK,2012,"Korea, Dem. Rep.",L,,,,,Low
PRK,2013,"Korea, Dem. Rep.",L,,,,,Low
PRK,2014,"Korea, Dem. Rep.",L,,,,,Low
PRK,2015,"Korea, Dem. Rep.",L,,,,,Low
PRK,2016,"Korea, Dem. Rep.",L,,,,,Low
PRK,2017,"Korea, Dem. Rep.",L,,,,,Low
PRK,2018,"Korea, Dem. Rep.",L,,,,,Low
PRK,2019,"Korea, Dem. Rep.",L,,,,,Low
PRK,2020,"Korea, Dem. Rep.",L,,,,,Low
PRK,2021,"Korea, Dem. Rep.",L,,,,,Low
PRK,2022,"Korea, Dem. Rep.",L,,,,,Low
PRK,2023,"Korea, Dem. Rep.",L,,,,,Low
PRT,1987,Portugal,UM,4160,7775.51787345928,7955.78288989748,,Upper-middle
PRT,1988,Portugal,UM,5630,10164.5618319323,10375.6433102401,,Upper-middle
PRT,1989,Portugal,UM,6320,10979.8152731554,11171.819893511,,Upper-middle
PRT,1990,Portugal,UM,7130,11940.0818734829,12116.9734050303,11770,Upper-middle
PRT,1991,Portugal,UM,8180,13250.3375356754,13385.5759252229,12760,Upper-middle
PRT,1992,Portugal,UM,9860,15615.8165365451,15715.682005479,13270,Upper-middle
PRT,1993,Portugal,UM,10100,15625.5414583855,15618.017742165,13300,Upper-middle
PRT,1994,Portugal,H,10450,15829.039222866,15625.4521676403,13620,High
PRT,1995,Portugal,H,11210,16631.5306858074,16162.2412897037,14520,High
PRT,1996,Portugal,H,12100,17629.2150137478,17065.3574308618,15010,High
PRT,1997,Portugal,H,12370,17717.0674216007,17216.5627024852,15770,High
PRT,1998,Portugal,H,12190,17265.2252138983,16851.05541559,16640,High
PRT,1999,Portugal,H,12260,17122.0729300214,16846.0912874451,17660,High
PRT,2000,Portugal,H,12180,16633.5746243823,16489.1991703455,18580,High
PRT,2001,Portugal,H,11850,15826.5391828611,15784.2841962086,19190,High
PRT,2002,Portugal,H,11780,15492.2936797628,15534.4204050206,20050,High
PRT,2003,Portugal,H,13290,17139.7749322609,17261.4115655756,20640,High
PRT,2004,Portugal,H,16190,20333.0479742248,20481.9871169999,21210,High
PRT,2005,Portugal,H,18600,22649.5939762797,22945.9689138418,22420,High
PRT,2006,Portugal,H,19410,22928.8559987241,23327.7097230627,23980,High
PRT,2007,Portugal,H,20860,23991.7384712665,24366.0301420617,25000,High
PRT,2008,Portugal,H,22630,25535.481473174,25776.0347622236,25770,High
PRT,2009,Portugal,H,22970,25760.2466011721,26034.3396631992,25570,High
PRT,2010,Portugal,H,23030,25517.432616297,25664.8592172204,26420,High
PRT,2011,Portugal,H,22750,24697.6460821044,24708.5644933856,26330,High
PRT,2012,Portugal,H,21220,22615.5144675901,22680.8644641717,25880,High
PRT,2013,Portugal,H,21380,22454.6097169004,22519.9747953997,27560,High
PRT,2014,Portugal,H,21210,21917.6344089054,22001.284994411,28170,High
PRT,2015,Portugal,H,20450,20971.6606433099,21044.3770686268,28840,High
PRT,2016,Portugal,H,19950,20286.1742229572,20327.0188924897,30870,High
PRT,2017,Portugal,H,20030,20030,20030,32230,High
PRT,2018,Portugal,H,22040,21527.0000245625,21552.2782652807,34070,High
PRT,2019,Portugal,H,23250,22371.7449286756,22405.1568172169,36970,High
PRT,2020,Portugal,H,21910,20940.2408426273,20882.8056712416,35450,High
PRT,2021,Portugal,H,23980,21955.8902748176,22079.9406734842,38270,High
PRT,2022,Portugal,H,25880,22118.575036102,22617.457143159,44430,High
PRT,2023,Portugal,H,26340,21729.7951094117,22299.737769515,48040,High
PRY,1987,Paraguay,LM,1050,1962.5706170991,2008.07020057509,,Lower-middle
PRY,1988,Paraguay,LM,1150,2076.2426477304,2119.35875786432,,Lower-middle
PRY,1989,Paraguay,LM,1190,2067.40192643274,2103.55469513895,,Lower-middle
PRY,1990,Paraguay,LM,1240,2076.53597799702,2107.29972261397,5210,Lower-middle
PRY,1991,Paraguay,LM,1320,2138.19627715055,2160.01958695529,5160,Lower-middle
PRY,1992,Paraguay,LM,1490,2359.79377682071,2374.88500894155,5320,Lower-middle
PRY,1993,Paraguay,LM,1690,2614.57079848233,2613.31187962958,5950,Lower-middle
PRY,1994,Paraguay,LM,1620,2453.8797646931,2422.31890062941,5860,Lower-middle
PRY,1995,Paraguay,LM,1750,2596.35849243201,2523.0974359484,6280,Lower-middle
PRY,1996,Paraguay,LM,1920,2797.36304350378,2707.89142704584,6700,Lower-middle
PRY,1997,Paraguay,LM,1920,2749.94094175209,2672.25548817879,6690,Lower-middle
PRY,1998,Paraguay,LM,1800,2549.41799713018,2488.26084889762,6640,Lower-middle
PRY,1999,Paraguay,LM,1670,2332.28889014158,2294.69595840402,6490,Lower-middle
PRY,2000,Paraguay,LM,1500,2048.46978132787,2030.68955299821,6060,Lower-middle
PRY,2001,Paraguay,LM,1470,1963.29220243088,1958.05044459297,6160,Lower-middle
PRY,2002,Paraguay,LM,1400,1841.18940166961,1846.19597343199,6350,Lower-middle
PRY,2003,Paraguay,LM,1300,1676.57693092094,1688.47517195247,6190,Lower-middle
PRY,2004,Paraguay,LM,1440,1808.49839918985,1821.74561139468,6660,Lower-middle
PRY,2005,Paraguay,LM,1620,1972.70657212759,1998.51987314106,6980,Lower-middle
PRY,2006,Paraguay,LM,1980,2338.95594422843,2379.64272290902,7720,Lower-middle
PRY,2007,Paraguay,LM,2500,2875.32819646052,2920.18577924997,8670,Lower-middle
PRY,2008,Paraguay,LM,3320,3746.25711404939,3781.54818429441,9390,Lower-middle
PRY,2009,Paraguay,LM,3740,4194.31093985127,4238.9390657538,9280,Lower-middle
PRY,2010,Paraguay,LM,4410,4886.31688397177,4914.54750968051,10320,Lower-middle
PRY,2011,Paraguay,LM,4840,5254.35635329166,5256.6792152961,10950,Lower-middle
PRY,2012,Paraguay,LM,5170,5510.00046170786,5525.92220922563,10460,Lower-middle
PRY,2013,Paraguay,LM,5970,6270.06641767519,6288.31849993153,11630,Lower-middle
PRY,2014,Paraguay,UM,6290,6499.85480584701,6524.66207519308,12120,Upper-middle
PRY,2015,Paraguay,UM,6100,6255.60537526605,6277.29584932144,12180,Upper-middle
PRY,2016,Paraguay,UM,5880,5979.08292887159,5991.12135778643,12850,Upper-middle
PRY,2017,Paraguay,UM,5820,5820,5820,13500,Upper-middle
PRY,2018,Paraguay,UM,6060,5918.94828261565,5925.89865188753,13650,Upper-middle
PRY,2019,Paraguay,UM,5950,5725.2422505643,5733.79281988992,13720,Upper-middle
PRY,2020,Paraguay,UM,5550,5304.35128601468,5289.8024406842,13820,Upper-middle
PRY,2021,Paraguay,UM,5740,5255.49667128661,5285.19013618846,14840,Upper-middle
PRY,2022,Paraguay,UM,5930,5068.12789660296,5182.43898218441,15820,Upper-middle
PRY,2023,Paraguay,UM,6210,5123.08381281119,5257.45526001095,16950,Upper-middle
PSE,1994,West Bank and Gaza,LM,,,,,Lower-middle
PSE,1995,West Bank and Gaza,LM,,,,,Lower-middle
PSE,1996,West Bank and Gaza,LM,1470,2141.73108018258,2073.22937383197,2540,Lower-middle
PSE,1997,West Bank and Gaza,LM,1630,2334.58527867495,2268.63356548511,2860,Lower-middle
PSE,1998,West Bank and Gaza,LM,1780,2521.0911304954,2460.61350613209,3330,Lower-middle
PSE,1999,West Bank and Gaza,LM,1800,2513.84431272745,2473.32498510613,3570,Lower-middle
PSE,2000,West Bank and Gaza,LM,1550,2116.75210737213,2098.37920476482,3090,Lower-middle
PSE,2001,West Bank and Gaza,LM,1370,1829.7349097485,1824.84973407644,2710,Lower-middle
PSE,2002,West Bank and Gaza,LM,1190,1565.01099141917,1569.26657741719,2310,Lower-middle
PSE,2003,West Bank and Gaza,LM,1370,1766.85415027822,1779.39306582683,2610,Lower-middle
PSE,2004,West Bank and Gaza,LM,1640,2059.67873241066,2074.7658351995,3160,Lower-middle
PSE,2005,West Bank and Gaza,LM,1780,2167.54178912785,2195.90455196981,3590,Lower-middle
PSE,2006,West Bank and Gaza,LM,1710,2020.0074063791,2055.14598796688,3610,Lower-middle
PSE,2007,West Bank and Gaza,LM,1790,2058.73498866573,2090.85301794298,3800,Lower-middle
PSE,2008,West Bank and Gaza,LM,2040,2301.91702188577,2323.60189637367,4040,Lower-middle
PSE,2009,West Bank and Gaza,LM,2250,2523.31540499073,2550.16387645616,4200,Lower-middle
PSE,2010,West Bank and Gaza,LM,2510,2781.10099291817,2797.16876401317,4360,Lower-middle
PSE,2011,West Bank and Gaza,LM,2880,3126.5591523719,3127.94135125057,4780,Lower-middle
PSE,2012,West Bank and Gaza,LM,3210,3421.10280117644,3430.98845098922,5560,Lower-middle
PSE,2013,West Bank and Gaza,LM,3470,3644.41046387486,3655.01929560509,5720,Lower-middle
PSE,2014,West Bank and Gaza,LM,3560,3678.77314925522,3692.81351155602,5950,Lower-middle
PSE,2015,West Bank and Gaza,LM,3670,3763.61831593875,3776.66815852618,6480,Lower-middle
PSE,2016,West Bank and Gaza,LM,3900,3965.71826914952,3973.70294138896,6810,Lower-middle
PSE,2017,West Bank and Gaza,LM,3930,3930,3930,6910,Lower-middle
PSE,2018,West Bank and Gaza,LM,4190,4092.47414260059,4097.27976095854,7280,Lower-middle
PSE,2019,West Bank and Gaza,LM,4200,4041.34747098656,4047.38316698112,7520,Lower-middle
PSE,2020,West Bank and Gaza,LM,3700,3536.23419067645,3526.53496045613,6910,Lower-middle
PSE,2021,West Bank and Gaza,LM,4270,3909.57679205467,3931.66583301825,6800,Lower-middle
PSE,2022,West Bank and Gaza,UM,4720,4033.9905011747,4124.97672780952,7620,Upper-middle
PSE,2023,West Bank and Gaza,LM,4310,3555.63465913305,3648.89406934737,7180,Lower-middle
PYF,1990,French Polynesia,H,15190,25437.5657304635,25814.4216020212,,High
PYF,1991,French Polynesia,H,16110,26095.7136552237,26362.0572317043,,High
PYF,1992,French Polynesia,H,21490,34034.8780294478,34252.5361356738,,High
PYF,1993,French Polynesia,H,21190,32782.6953963553,32766.9104907401,,High
PYF,1994,French Polynesia,H,21230,32157.9428422436,31744.3396668904,,High
PYF,1995,French Polynesia,H,22180,32906.9893497955,31978.4577881917,,High
PYF,1996,French Polynesia,H,22970,33466.369327751,32395.9719162723,,High
PYF,1997,French Polynesia,H,21960,31452.4495212895,30563.9221460449,,High
PYF,1998,French Polynesia,H,20520,29063.365167284,28366.1736774329,,High
PYF,1999,French Polynesia,H,19810,27666.2532417393,27220.3155305291,,High
PYF,2000,French Polynesia,H,19380,26466.2295747561,26236.5090247369,,High
PYF,2001,French Polynesia,H,,,,,High
PYF,2002,French Polynesia,H,,,,,High
PYF,2003,French Polynesia,H,,,,,High
PYF,2004,French Polynesia,H,,,,,High
PYF,2005,French Polynesia,H,24320,29614.9529840389,30002.4711819695,,High
PYF,2006,French Polynesia,H,25170,29733.0914728432,30250.3067351617,,High
PYF,2007,French Polynesia,H,25940,29834.4053664743,30299.8476454977,,High
PYF,2008,French Polynesia,H,27720,31278.9901209184,31573.6492977834,,High
PYF,2009,French Polynesia,H,27530,30874.1658219533,31202.6717861503,,High
PYF,2010,French Polynesia,H,26220,29051.9792965396,29219.8266902093,,High
PYF,2011,French Polynesia,H,25270,27433.3853404298,27445.5131757298,,High
PYF,2012,French Polynesia,H,24050,25631.6269060104,25705.6922885641,,High
PYF,2013,French Polynesia,H,24290,25510.873247124,25585.1350692356,,High
PYF,2014,French Polynesia,H,23990,24790.3842277058,24884.9989163564,,High
PYF,2015,French Polynesia,H,23060,23648.2393366615,23730.2364402217,,High
PYF,2016,French Polynesia,H,22170,22543.5830838577,22588.9728745111,,High
PYF,2017,French Polynesia,H,22220,22220,22220,,High
PYF,2018,French Polynesia,H,23700,23148.362095378,23175.5442326295,,High
PYF,2019,French Polynesia,H,24530,23603.3936817382,23638.6450204873,,High
PYF,2020,French Polynesia,H,22170,21188.7329749451,21130.6162360304,,High
PYF,2021,French Polynesia,H,23460,21479.7825624362,21601.1429607981,,High
PYF,2022,French Polynesia,H,24150,20640.0149583409,21105.5483001271,,High
PYF,2023,French Polynesia,H,24370,20104.5978290191,20631.9137981428,,High
QAT,1987,Qatar,H,16780,31363.747576117,32090.8742529999,,High
QAT,1988,Qatar,H,16470,29735.405572278,30352.903253935,,High
QAT,1989,Qatar,H,16690,28995.746346355,29502.796522579,,High
QAT,1990,Qatar,H,17040,28535.6234395719,28958.3768333404,57330,High
QAT,1991,Qatar,H,16270,26354.888961545,26623.8777876989,56350,High
QAT,1992,Qatar,H,17900,28349.2004061012,28530.4977584253,62150,High
QAT,1993,Qatar,H,16400,25372.1663284675,25359.9496011391,60850,High
QAT,1994,Qatar,H,15860,24023.7858444646,23714.8010888781,61150,High
QAT,1995,Qatar,H,16060,23827.1527934046,23154.8256121893,62080,High
QAT,1996,Qatar,H,17000,24768.3186143564,23976.1220103017,64150,High
QAT,1997,Qatar,H,21470,30750.6416767799,29881.9402766659,81530,High
QAT,1998,Qatar,H,19860,28128.5785683363,27453.8113661704,83820,High
QAT,1999,Qatar,H,19050,26604.8523096989,26176.0227590399,83880,High
QAT,2000,Qatar,H,19620,26793.9847397685,26561.4193532166,81850,High
QAT,2001,Qatar,H,23090,30838.3788803598,30756.0440582665,86200,High
QAT,2002,Qatar,H,25590,33654.3119919466,33745.8249715176,88860,High
QAT,2003,Qatar,H,28090,36226.9584535147,36484.0519847267,92450,High
QAT,2004,Qatar,H,35220,44232.8566801851,44556.8614120282,103120,High
QAT,2005,Qatar,H,40110,48842.7534617516,49481.8716738815,100460,High
QAT,2006,Qatar,H,53410,63092.7459501214,64190.2615305914,120330,High
QAT,2007,Qatar,H,58500,67282.6797971761,68332.3472344493,117460,High
QAT,2008,Qatar,H,66030,74507.6377230967,75209.5260870361,118620,High
QAT,2009,Qatar,H,63010,70664.0460748739,71415.9226024457,113780,High
QAT,2010,Qatar,H,72630,80474.6474564331,80939.5885777994,135770,High
QAT,2011,Qatar,H,83540,90691.927635121,90732.0210012057,160810,High
QAT,2012,Qatar,H,92500,98583.1804077324,98868.0472637081,169200,High
QAT,2013,Qatar,H,96800,101665.398531149,101961.34519152,160380,High
QAT,2014,Qatar,H,92440,95524.098291335,95888.6744405164,141700,High
QAT,2015,Qatar,H,80370,82420.1645918249,82705.9454770433,100290,High
QAT,2016,Qatar,H,69170,70335.5724813006,70477.1878091985,89280,High
QAT,2017,Qatar,H,60920,60920,60920,99100,High
QAT,2018,Qatar,H,63410,61934.0776568743,62006.8042105921,107780,High
QAT,2019,Qatar,H,65700,63218.2211532898,63312.6366834904,104810,High
QAT,2020,Qatar,H,57730,55174.8107642572,55023.4765586845,80420,High
QAT,2021,Qatar,H,66970,61317.1798041923,61663.6208049724,115040,High
QAT,2022,Qatar,H,71050,60723.5222687421,62093.1348539971,118600,High
QAT,2023,Qatar,H,80200,66162.8537499931,67898.2144690624,125750,High
ROU,1987,Romania,UM,,,,,Upper-middle
ROU,1988,Romania,UM,,,,,Upper-middle
ROU,1989,Romania,UM,,,,,Upper-middle
ROU,1990,Romania,LM,,,,,Lower-middle
ROU,1991,Romania,LM,,,,,Lower-middle
ROU,1992,Romania,LM,1240,1963.85522366288,1976.4143698574,4500,Lower-middle
ROU,1993,Romania,LM,1190,1841.02914212661,1840.1426844729,4670,Lower-middle
ROU,1994,Romania,LM,1270,1923.72055627175,1898.97839740701,4970,Lower-middle
ROU,1995,Romania,LM,1490,2210.61380212783,2148.23724546463,5390,Lower-middle
ROU,1996,Romania,LM,1640,2389.41426632615,2312.99059393498,5700,Lower-middle
ROU,1997,Romania,LM,1590,2277.29484238845,2212.96157614806,5510,Lower-middle
ROU,1998,Romania,LM,1580,2237.8224641476,2184.1400784768,5480,Lower-middle
ROU,1999,Romania,LM,1610,2248.49407971733,2212.25179223382,5530,Lower-middle
ROU,2000,Romania,LM,1710,2335.25555071377,2314.98609041796,5810,Lower-middle
ROU,2001,Romania,LM,1760,2350.60835120976,2344.3325050909,6480,Lower-middle
ROU,2002,Romania,LM,1950,2564.51380946838,2571.48724870884,7090,Lower-middle
ROU,2003,Romania,LM,2250,2901.76776505546,2922.36087453311,7380,Lower-middle
ROU,2004,Romania,LM,2960,3717.46893166803,3744.69931231128,8610,Lower-middle
ROU,2005,Romania,UM,3880,4724.7540122562,4786.57846159712,9320,Upper-middle
ROU,2006,Romania,UM,4900,5788.3253165249,5889.01481932031,11170,Upper-middle
ROU,2007,Romania,UM,6510,7487.35462358318,7604.16376916692,13260,Upper-middle
ROU,2008,Romania,UM,8800,9929.83813362488,10023.3807294551,16410,Upper-middle
ROU,2009,Romania,UM,9220,10339.9857928954,10450.0048626337,16430,Upper-middle
ROU,2010,Romania,UM,8770,9717.23334975792,9773.37452605398,17270,Upper-middle
ROU,2011,Romania,UM,9080,9857.34621650585,9861.70398241499,18710,Upper-middle
ROU,2012,Romania,UM,9260,9868.9756818984,9897.49316391283,19620,Upper-middle
ROU,2013,Romania,UM,9390,9861.96376247405,9890.67181145009,19390,Upper-middle
ROU,2014,Romania,UM,9760,10085.6252631267,10124.117941794,20540,Upper-middle
ROU,2015,Romania,UM,9610,9855.1422387388,9889.31362491459,21400,Upper-middle
ROU,2016,Romania,UM,9460,9619.4089297832,9638.77687834347,23580,Upper-middle
ROU,2017,Romania,UM,10030,10030,10030,26560,Upper-middle
ROU,2018,Romania,UM,11490,11222.5603576326,11235.7385330343,28950,Upper-middle
ROU,2019,Romania,H,12660,12181.7759482595,12199.9692604717,33080,High
ROU,2020,Romania,UM,12720,12156.9997041634,12123.6553235141,33820,Upper-middle
ROU,2021,Romania,H,14180,12983.091079938,13056.4453190161,36870,High
ROU,2022,Romania,H,15390,13153.2020790421,13449.8711527518,40710,High
ROU,2023,Romania,H,16590,13686.3060313265,14045.2790279519,44840,High
RUS,1991,Russian Federation,UM,3440,5572.26908590749,5629.14195388349,7840,Upper-middle
RUS,1992,Russian Federation,LM,3090,4893.80051703088,4925.09709908013,6800,Lower-middle
RUS,1993,Russian Federation,LM,2920,4517.48327311739,4515.30809971502,6350,Lower-middle
RUS,1994,Russian Federation,LM,2650,4014.06257804736,3962.43523868391,5710,Lower-middle
RUS,1995,Russian Federation,LM,2640,3916.79224001172,3806.27270337358,5570,Lower-middle
RUS,1996,Russian Federation,LM,2600,3788.09578807804,3666.9363074579,5440,Lower-middle
RUS,1997,Russian Federation,LM,2650,3795.49140398075,3688.26929358009,5580,Lower-middle
RUS,1998,Russian Federation,LM,2130,3016.81129660405,2944.44200452885,5230,Lower-middle
RUS,1999,Russian Federation,LM,1750,2444.01530404058,2404.62151329763,5680,Lower-middle
RUS,2000,Russian Federation,LM,1710,2335.25555071377,2314.98609041796,6650,Lower-middle
RUS,2001,Russian Federation,LM,1780,2377.31980974623,2370.97264719421,7260,Lower-middle
RUS,2002,Russian Federation,LM,2100,2761.78410250441,2769.29396014798,7880,Lower-middle
RUS,2003,Russian Federation,LM,2590,3340.2571162194,3363.96207335145,8970,Lower-middle
RUS,2004,Russian Federation,UM,3410,4282.62468141485,4313.99481587212,10010,Upper-middle
RUS,2005,Russian Federation,UM,4450,5418.85447281962,5489.76137992453,11540,Upper-middle
RUS,2006,Russian Federation,UM,5810,6863.30001816524,6982.68900005122,14480,Upper-middle
RUS,2007,Russian Federation,UM,7560,8694.9924660966,8830.64179645191,16280,Upper-middle
RUS,2008,Russian Federation,UM,9580,10809.9828772871,10911.8167486568,19600,Upper-middle
RUS,2009,Russian Federation,UM,9230,10351.2005280287,10461.3389243068,18760,Upper-middle
RUS,2010,Russian Federation,UM,9980,11057.9234698499,11121.8104640842,19860,Upper-middle
RUS,2011,Russian Federation,UM,11060,12006.8556337615,12012.1636613998,22120,Upper-middle
RUS,2012,Russian Federation,H,13470,14355.8425955909,14397.3253691043,23530,High
RUS,2013,Russian Federation,H,15160,15921.9777038452,15968.3263750355,25120,High
RUS,2014,Russian Federation,H,14590,15076.7697324814,15134.3115543827,24840,High
RUS,2015,Russian Federation,UM,11740,12039.4765746924,12081.2218477104,23330,Upper-middle
RUS,2016,Russian Federation,UM,9680,9843.11611419676,9862.93448016541,23340,Upper-middle
RUS,2017,Russian Federation,UM,9160,9160,9160,25090,Upper-middle
RUS,2018,Russian Federation,UM,10180,9943.05173548305,9954.72743831932,27930,Upper-middle
RUS,2019,Russian Federation,UM,11190,10767.3043334142,10783.3851520283,29990,Upper-middle
RUS,2020,Russian Federation,UM,10660,10188.17742503,10160.2331563412,30750,Upper-middle
RUS,2021,Russian Federation,UM,11710,10721.5794461265,10782.1561837573,37730,Upper-middle
RUS,2022,Russian Federation,UM,12890,11016.5545678267,11265.0317842086,40100,Upper-middle
RUS,2023,Russian Federation,H,14460,11929.1130327294,12241.9972721028,43690,High
RWA,1987,Rwanda,L,320,598.116759496868,611.983299222883,,Low
RWA,1988,Rwanda,L,360,649.954220159081,663.451437244481,,Low
RWA,1989,Rwanda,L,350,608.059390127276,618.692557393808,,Low
RWA,1990,Rwanda,L,340,569.372768160473,577.80798845867,550,Low
RWA,1991,Rwanda,L,300,485.953699352397,490.913542489839,540,Low
RWA,1992,Rwanda,L,300,475.126263789406,478.164766900983,570,Low
RWA,1993,Rwanda,L,250,386.770828177859,386.58459757834,520,Low
RWA,1994,Rwanda,L,130,196.916277413644,194.383615482607,310,Low
RWA,1995,Rwanda,L,220,326.39935333431,317.189391947798,520,Low
RWA,1996,Rwanda,L,200,291.391983698311,282.072023650608,490,Low
RWA,1997,Rwanda,L,220,315.09739957576,306.195941353819,500,Low
RWA,1998,Rwanda,L,230,325.758966299967,317.944441803585,520,Low
RWA,1999,Rwanda,L,250,349.145043434368,343.517359042518,550,Low
RWA,2000,Rwanda,L,270,368.724560639016,365.524119539679,600,Low
RWA,2001,Rwanda,L,260,347.248960974169,346.321847342974,660,Low
RWA,2002,Rwanda,L,260,341.935174595784,342.864966494512,750,Low
RWA,2003,Rwanda,L,250,322.418640561718,324.706763837013,760,Low
RWA,2004,Rwanda,L,270,339.093449848097,341.577302136502,820,Low
RWA,2005,Rwanda,L,310,377.493232937996,382.432815230697,910,Low
RWA,2006,Rwanda,L,350,413.451808323207,420.643915665736,990,Low
RWA,2007,Rwanda,L,400,460.052511433683,467.229724679995,1070,Low
RWA,2008,Rwanda,L,470,530.343627591329,535.339652595895,1180,Low
RWA,2009,Rwanda,L,540,605.595697197776,612.039330349479,1230,Low
RWA,2010,Rwanda,L,590,653.724934590328,657.501821023016,1300,Low
RWA,2011,Rwanda,L,640,694.790922749311,695.098078055682,1400,Low
RWA,2012,Rwanda,L,690,735.377237636058,737.502190399552,1440,Low
RWA,2013,Rwanda,L,710,745.686290879294,747.856974028708,1490,Low
RWA,2014,Rwanda,L,720,744.021535804427,746.861159640543,1640,Low
RWA,2015,Rwanda,L,740,758.876717655225,761.508021065224,1750,Low
RWA,2016,Rwanda,L,730,742.301111917731,743.795678772805,1820,Low
RWA,2017,Rwanda,L,720,720,720,1910,Low
RWA,2018,Rwanda,L,770,752.077587065025,752.96071979429,2050,Low
RWA,2019,Rwanda,L,820,789.02498243071,790.203380220123,2260,Low
RWA,2020,Rwanda,L,770,735.919007248883,733.900518797627,2230,Low
RWA,2021,Rwanda,L,840,769.09707384682,773.442458954409,2680,Low
RWA,2022,Rwanda,L,940,803.379464216996,821.499602572234,3030,Low
RWA,2023,Rwanda,L,1000,824.973238777969,846.611152980828,3330,Low
SAU,1987,Saudi Arabia,H,11990,22410.6873323983,22930.2492427574,,High
SAU,1988,Saudi Arabia,H,11640,21015.1864518103,21451.5964709049,,High
SAU,1989,Saudi Arabia,H,10820,18797.7217176489,19126.4384885743,,High
SAU,1990,Saudi Arabia,UM,11230,18806.0476071827,19084.6579717378,49350,Upper-middle
SAU,1991,Saudi Arabia,UM,12160,19697.3232804172,19898.3622555881,51820,Upper-middle
SAU,1992,Saudi Arabia,UM,12720,20145.3535846708,20274.1861166017,52350,Upper-middle
SAU,1993,Saudi Arabia,UM,11970,18518.5872531559,18509.6705320509,50960,Upper-middle
SAU,1994,Saudi Arabia,UM,11180,16934.7998575734,16716.9909315042,49440,Upper-middle
SAU,1995,Saudi Arabia,UM,11020,16349.6403352004,15888.3049966579,48990,Upper-middle
SAU,1996,Saudi Arabia,UM,11280,16434.5078805847,15908.8621338943,49320,Upper-middle
SAU,1997,Saudi Arabia,UM,11440,16385.0647779395,15922.1889503986,49610,Upper-middle
SAU,1998,Saudi Arabia,UM,10780,15268.1811161463,14901.9177506202,49790,Upper-middle
SAU,1999,Saudi Arabia,UM,10250,14314.9467808091,14084.2117207432,48350,Upper-middle
SAU,2000,Saudi Arabia,UM,10450,14271.0061432508,14147.1372192209,48770,Upper-middle
SAU,2001,Saudi Arabia,UM,10540,14076.9386487221,14039.3548884421,47250,Upper-middle
SAU,2002,Saudi Arabia,UM,10310,13559.0448080098,13595.914632917,45420,Upper-middle
SAU,2003,Saudi Arabia,UM,11140,14366.9746234302,14468.9333965773,47790,Upper-middle
SAU,2004,Saudi Arabia,H,12880,16176.0134594203,16294.5024130302,51320,High
SAU,2005,Saudi Arabia,H,14620,17803.0679533984,18036.0250279768,53620,High
SAU,2006,Saudi Arabia,H,16250,19195.976815006,19529.8960844806,55190,High
SAU,2007,Saudi Arabia,H,17870,20552.8459482998,20873.4879500788,55880,High
SAU,2008,Saudi Arabia,H,20540,23177.1449164381,23395.4818389781,58250,High
SAU,2009,Saudi Arabia,H,19810,22216.3902990518,22452.7761744874,55890,High
SAU,2010,Saudi Arabia,H,21820,24176.742496205,24316.4232791902,60470,High
SAU,2011,Saudi Arabia,H,24110,26174.0767929467,26185.6479092539,65640,High
SAU,2012,Saudi Arabia,H,27610,29425.7471465675,29510.7760535241,66750,High
SAU,2013,Saudi Arabia,H,28620,30058.5093591062,30146.009291129,63920,High
SAU,2014,Saudi Arabia,H,29080,30050.2031405455,30164.8923921486,64410,High
SAU,2015,Saudi Arabia,H,26580,27258.0312909134,27352.5448647482,55590,High
SAU,2016,Saudi Arabia,H,23940,24343.4090675486,24392.4226709876,51050,High
SAU,2017,Saudi Arabia,H,23130,23130,23130,53970,High
SAU,2018,Saudi Arabia,H,26570,25951.5603744386,25982.0341882264,59930,High
SAU,2019,Saudi Arabia,H,29140,28039.2536439401,28081.1298775785,60110,High
SAU,2020,Saudi Arabia,H,26940,25747.6078640064,25676.9869823482,48210,High
SAU,2021,Saudi Arabia,H,30480,27907.2366795846,28064.91208206,63440,High
SAU,2022,Saudi Arabia,H,35110,30007.0776475093,30683.8840918204,72470,High
SAU,2023,Saudi Arabia,H,36330,29971.2777648036,30757.3831877935,72020,High
SDN,1987,Sudan,L,460,859.792841776747,879.725992632894,,Low
SDN,1988,Sudan,L,530,956.877046345314,976.747949276598,,Low
SDN,1989,Sudan,L,640,1111.88002766131,1131.32353352011,,Low
SDN,1990,Sudan,L,750,1255.96934153045,1274.57644512942,1350,Low
SDN,1991,Sudan,L,1030,1668.44103444323,1685.46982921511,1370,Low
SDN,1992,Sudan,L,510,807.71464844199,812.880103731672,1510,Low
SDN,1993,Sudan,L,360,556.949992576117,556.68182051281,1620,Low
SDN,1994,Sudan,L,310,469.569584601767,463.530159996986,1680,Low
SDN,1995,Sudan,L,390,578.617035456277,562.290285725643,1780,Low
SDN,1996,Sudan,L,390,568.214368211706,550.040446118685,1930,Low
SDN,1997,Sudan,L,400,572.904362865018,556.71989337058,2290,Low
SDN,1998,Sudan,L,340,481.556732791256,470.004827013995,2350,Low
SDN,1999,Sudan,L,330,460.871457333366,453.442913936124,2370,Low
SDN,2000,Sudan,L,330,450.663351892131,446.751701659607,2480,Low
SDN,2001,Sudan,L,370,494.161982924778,492.842628911156,2670,Low
SDN,2002,Sudan,L,420,552.356820500883,553.858792029597,2770,Low
SDN,2003,Sudan,L,510,657.734026745905,662.401798227506,2930,Low
SDN,2004,Sudan,L,620,778.659032984519,784.362693794931,3080,Low
SDN,2005,Sudan,L,750,913.290079688699,925.240682009752,3280,Low
SDN,2006,Sudan,L,920,1086.78761044957,1105.69257832136,3480,Low
SDN,2007,Sudan,LM,1160,1334.15228315768,1354.96620157199,3690,Lower-middle
SDN,2008,Sudan,LM,1350,1523.32744095382,1537.6777255414,3750,Lower-middle
SDN,2009,Sudan,LM,1310,1469.13030246127,1484.76207918114,3620,Lower-middle
SDN,2010,Sudan,LM,1230,1362.85028736628,1370.72413535307,3540,Lower-middle
SDN,2011,Sudan,LM,1250,1357.01352099475,1357.6134337025,3830,Lower-middle
SDN,2012,Sudan,LM,1120,1193.65580601795,1197.10500470652,3510,Lower-middle
SDN,2013,Sudan,LM,1060,1113.27812441134,1116.51886263441,3480,Lower-middle
SDN,2014,Sudan,LM,1130,1167.70046591528,1172.15709776919,4180,Lower-middle
SDN,2015,Sudan,LM,1180,1210.10071193671,1214.29657413103,4120,Lower-middle
SDN,2016,Sudan,LM,1140,1159.20995559755,1161.5439367137,4380,Lower-middle
SDN,2017,Sudan,LM,1010,1010,1010,4080,Lower-middle
SDN,2018,Sudan,LM,810,791.146552626844,792.075562381007,3960,Lower-middle
SDN,2019,Sudan,L,720,692.802423597696,693.83711433962,3720,Low
SDN,2020,Sudan,L,600,573.443382271857,571.870534128021,3170,Low
SDN,2021,Sudan,L,620,567.66688783932,570.874195894921,3120,Low
SDN,2022,Sudan,L,720,615.354483230039,629.233738140435,3290,Low
SDN,2023,Sudan,L,660,544.48233759346,558.763360967347,2430,Low
SEN,1987,Senegal,LM,800,1495.29189874217,1529.95824805721,,Lower-middle
SEN,1988,Senegal,LM,920,1660.99411818432,1695.48700629145,,Lower-middle
SEN,1989,Senegal,LM,920,1598.32753976313,1626.27757943515,,Lower-middle
SEN,1990,Senegal,LM,900,1507.16320983655,1529.4917341553,1470,Lower-middle
SEN,1991,Senegal,LM,910,1474.05955470227,1489.10441221918,1520,Lower-middle
SEN,1992,Senegal,LM,960,1520.4040441261,1530.12725408315,1550,Lower-middle
SEN,1993,Senegal,LM,910,1407.84581456741,1407.16793518516,1550,Lower-middle
SEN,1994,Senegal,L,760,1151.20285257207,1136.39652128293,1530,Low
SEN,1995,Senegal,L,720,1068.21606545774,1038.07437364734,1620,Low
SEN,1996,Senegal,L,690,1005.30234375917,973.148481594597,1660,Low
SEN,1997,Senegal,L,700,1002.58263501378,974.259813398515,1700,Low
SEN,1998,Senegal,L,680,963.113465582512,940.009654027991,1780,Low
SEN,1999,Senegal,L,670,935.708716404107,920.626522233949,1870,Low
SEN,2000,Senegal,L,650,887.67023857541,879.965472965893,1930,Low
SEN,2001,Senegal,L,640,854.766673167184,852.484547305783,2020,Low
SEN,2002,Senegal,L,610,802.232525013186,804.41395985251,2000,Low
SEN,2003,Senegal,L,710,915.66893919528,922.167209297116,2110,Low
SEN,2004,Senegal,L,850,1067.51641618845,1075.33595117047,2220,Low
SEN,2005,Senegal,L,980,1193.36570412657,1208.98115782608,2330,Low
SEN,2006,Senegal,L,1020,1204.91669854192,1225.87655422586,2410,Low
SEN,2007,Senegal,L,1090,1253.64309365678,1273.20099975299,2490,Low
SEN,2008,Senegal,L,1240,1399.20446428351,1412.38546642321,2570,Low
SEN,2009,Senegal,LM,1330,1491.55977272786,1507.43020252742,2580,Lower-middle
SEN,2010,Senegal,LM,1340,1484.73120737464,1493.30922062854,2640,Lower-middle
SEN,2011,Senegal,LM,1310,1422.1501700025,1422.77887852022,2640,Lower-middle
SEN,2012,Senegal,LM,1320,1406.80862852115,1410.87375554697,2720,Lower-middle
SEN,2013,Senegal,LM,1350,1417.85421505218,1421.98157033627,2720,Lower-middle
SEN,2014,Senegal,LM,1370,1415.70764451676,1421.11081764937,2800,Lower-middle
SEN,2015,Senegal,L,1310,1343.41689206533,1348.07501026411,2920,Low
SEN,2016,Senegal,L,1270,1291.4005645692,1294.00070142666,3020,Low
SEN,2017,Senegal,L,1270,1270,1270,3140,Low
SEN,2018,Senegal,LM,1390,1357.64655327323,1359.24077988839,3290,Lower-middle
SEN,2019,Senegal,LM,1430,1375.98259131209,1378.03760209119,3550,Lower-middle
SEN,2020,Senegal,LM,1440,1376.26411745246,1372.48928190725,3690,Lower-middle
SEN,2021,Senegal,LM,1530,1400.85538450671,1408.77019309553,4070,Lower-middle
SEN,2022,Senegal,LM,1600,1367.45440717786,1398.29719586763,4390,Lower-middle
SEN,2023,Senegal,LM,1630,1344.70637920809,1379.97617935875,4620,Lower-middle
SGP,1987,Singapore,H,8080,15102.4481772959,15452.5783053778,,High
SGP,1988,Singapore,H,9320,16826.5925885629,17176.020541996,,High
SGP,1989,Singapore,H,10320,17929.0654460385,18242.5919780117,,High
SGP,1990,Singapore,H,11450,19174.4652806983,19458.5337289758,23580,High
SGP,1991,Singapore,H,12970,21009.3982686686,21223.8288203107,25140,High
SGP,1992,Singapore,H,15270,24183.9268268807,24338.5866352601,27040,High
SGP,1993,Singapore,H,17710,27398.8454681195,27385.6528924496,29430,High
SGP,1994,Singapore,H,20780,31476.3095742733,31071.4733056044,33100,High
SGP,1995,Singapore,H,23630,35058.2578149534,34069.0242351203,35340,High
SGP,1996,Singapore,H,25610,37312.7435125687,36119.3226284603,36610,High
SGP,1997,Singapore,H,27730,39716.5949556174,38594.6066079155,40060,High
SGP,1998,Singapore,H,24010,34006.4033950531,33190.6349900177,38110,High
SGP,1999,Singapore,H,23360,32624.1128585074,32098.2620289329,40400,High
SGP,2000,Singapore,H,23680,32338.5096145626,32057.8190766651,43510,High
SGP,2001,Singapore,H,22130,29556.228870609,29477.3172373078,42820,High
SGP,2002,Singapore,H,22000,28932.976311951,29011.6510110741,44190,High
SGP,2003,Singapore,H,23440,30229.9717390667,30444.5061773583,47480,High
SGP,2004,Singapore,H,26170,32866.9466019433,33107.6962848602,51090,High
SGP,2005,Singapore,H,28830,35106.8706632336,35566.2518164549,55490,High
SGP,2006,Singapore,H,32550,38451.0181740583,39119.8841569135,62320,High
SGP,2007,Singapore,H,36010,41416.2273418173,42062.3559643166,67000,High
SGP,2008,Singapore,H,37230,42009.9856494153,42405.7346088195,65240,High
SGP,2009,Singapore,H,37320,41853.3915174463,42298.7181641529,62780,High
SGP,2010,Singapore,H,44930,49782.815781599,50070.4352857019,74590,High
SGP,2011,Singapore,H,48250,52380.7219103973,52403.8785409166,77300,High
SGP,2012,Singapore,H,51710,55110.6622582037,55269.9105297983,78460,High
SGP,2013,Singapore,H,54470,57207.7919214016,57374.3230638644,78610,High
SGP,2014,Singapore,H,56380,58261.0197064633,58483.3780285192,81610,High
SGP,2015,Singapore,H,53160,54516.0625818267,54705.0897294963,81210,High
SGP,2016,Singapore,H,53470,54371.0143208782,54480.4862246327,84570,High
SGP,2017,Singapore,H,55230,55230,55230,89490,High
SGP,2018,Singapore,H,56360,55048.1724766036,55112.8132046834,90880,High
SGP,2019,Singapore,H,58430,56222.8411261297,56306.8091539778,92580,High
SGP,2020,Singapore,H,55780,53311.1197718736,53164.8973227684,88500,High
SGP,2021,Singapore,H,65010,59522.6199652164,59858.9217340787,112700,High
SGP,2022,Singapore,H,66910,57185.2339901693,58475.0408596896,114430,High
SGP,2023,Singapore,H,69850,57624.3807286411,59135.7890357109,117340,High
SLB,1987,Solomon Islands,L,570,1065.3954778538,1090.09525174076,,Low
SLB,1988,Solomon Islands,LM,570,1029.09418191855,1050.4647756371,,Lower-middle
SLB,1989,Solomon Islands,L,560,972.895024203642,989.908091830092,,Low
SLB,1990,Solomon Islands,L,600,1004.77547322436,1019.66115610354,1250,Low
SLB,1991,Solomon Islands,L,620,1004.30431199495,1014.554654479,1310,Low
SLB,1992,Solomon Islands,LM,750,1187.81565947351,1195.41191725246,1470,Lower-middle
SLB,1993,Solomon Islands,LM,800,1237.66665016915,1237.07071225069,1540,Lower-middle
SLB,1994,Solomon Islands,LM,940,1423.8561597602,1405.54306579731,1660,Lower-middle
SLB,1995,Solomon Islands,LM,1120,1661.66943515649,1614.78235900697,1800,Lower-middle
SLB,1996,Solomon Islands,LM,1230,1792.06069974461,1734.74294545124,1810,Lower-middle
SLB,1997,Solomon Islands,LM,1220,1747.35830673831,1697.99567478027,1770,Lower-middle
SLB,1998,Solomon Islands,L,1150,1628.79483149984,1589.72220901793,1760,Low
SLB,1999,Solomon Islands,L,1080,1508.30658763647,1483.99499106368,1700,Low
SLB,2000,Solomon Islands,L,920,1256.39479921443,1245.48959250557,1490,Low
SLB,2001,Solomon Islands,L,870,1161.94844633664,1158.8461814938,1390,Low
SLB,2002,Solomon Islands,L,790,1038.95687665642,1041.78201357948,1320,Low
SLB,2003,Solomon Islands,L,870,1122.01686915478,1129.9795381528,1420,Low
SLB,2004,Solomon Islands,L,980,1230.78363278198,1239.7990966436,1560,Low
SLB,2005,Solomon Islands,L,1130,1376.02372006431,1394.02929422803,1700,Low
SLB,2006,Solomon Islands,L,1190,1405.7361482989,1430.1893132635,1750,Low
SLB,2007,Solomon Islands,L,1260,1449.1654110161,1471.77363274198,1780,Low
SLB,2008,Solomon Islands,LM,1380,1557.1791618639,1571.84834166454,1850,Lower-middle
SLB,2009,Solomon Islands,L,1460,1637.35132946065,1654.77300427822,1880,Low
SLB,2010,Solomon Islands,LM,1600,1772.81338193987,1783.05578582513,2080,Lower-middle
SLB,2011,Solomon Islands,LM,1690,1834.6822803849,1835.49336236579,2150,Lower-middle
SLB,2012,Solomon Islands,LM,1820,1939.69068477917,1945.29563264809,2210,Lower-middle
SLB,2013,Solomon Islands,LM,2090,2195.04837737708,2201.4381348169,2400,Lower-middle
SLB,2014,Solomon Islands,LM,2090,2159.72918032118,2167.97197728991,2350,Lower-middle
SLB,2015,Solomon Islands,LM,2010,2061.27324660406,2068.42043559608,2310,Lower-middle
SLB,2016,Solomon Islands,LM,2000,2033.70167648693,2037.79638019947,2350,Lower-middle
SLB,2017,Solomon Islands,LM,2020,2020,2020,2400,Lower-middle
SLB,2018,Solomon Islands,LM,2150,2099.9568989478,2102.42278903601,2460,Lower-middle
SLB,2019,Solomon Islands,LM,2210,2126.5185502096,2129.69447595911,2490,Lower-middle
SLB,2020,Solomon Islands,LM,2170,2073.95356588322,2068.26509842968,2460,Lower-middle
SLB,2021,Solomon Islands,LM,2120,1941.05451970864,1952.02144402779,2480,Lower-middle
SLB,2022,Solomon Islands,LM,2010,1717.86459901719,1756.61085230871,2510,Lower-middle
SLB,2023,Solomon Islands,LM,1980,1633.44701278038,1676.29008290204,2640,Lower-middle
SLE,1987,Sierra Leone,L,180,336.440677216988,344.240605812872,,Low
SLE,1988,Sierra Leone,L,180,324.977110079541,331.725718622241,,Low
SLE,1989,Sierra Leone,L,210,364.835634076366,371.215534436285,,Low
SLE,1990,Sierra Leone,L,190,318.178899854382,322.892699432786,1290,Low
SLE,1991,Sierra Leone,L,180,291.572219611438,294.548125493903,1370,Low
SLE,1992,Sierra Leone,L,140,221.725589768389,223.143557887126,1130,Low
SLE,1993,Sierra Leone,L,160,247.53333003383,247.414142450138,1220,Low
SLE,1994,Sierra Leone,L,170,257.505901233227,254.193958708025,1170,Low
SLE,1995,Sierra Leone,L,190,281.890350606904,273.936293045826,1140,Low
SLE,1996,Sierra Leone,L,210,305.961582883226,296.175624833138,1200,Low
SLE,1997,Sierra Leone,L,200,286.452181432509,278.35994668529,1140,Low
SLE,1998,Sierra Leone,L,170,240.778366395628,235.002413506998,1140,Low
SLE,1999,Sierra Leone,L,160,223.452827797996,219.851109787212,1140,Low
SLE,2000,Sierra Leone,L,150,204.846978132787,203.068955299821,1220,Low
SLE,2001,Sierra Leone,L,170,227.047397560033,226.441207878099,1110,Low
SLE,2002,Sierra Leone,L,260,341.935174595784,342.864966494512,1360,Low
SLE,2003,Sierra Leone,L,420,541.663316143687,545.507363246181,1430,Low
SLE,2004,Sierra Leone,L,410,514.919683102666,518.691458799874,1420,Low
SLE,2005,Sierra Leone,L,440,535.796846750704,542.807866779054,1520,Low
SLE,2006,Sierra Leone,L,440,519.767987606318,528.809493979783,1450,Low
SLE,2007,Sierra Leone,L,480,552.063013720419,560.675669615994,1470,Low
SLE,2008,Sierra Leone,L,580,654.46660426164,660.631911714083,1590,Low
SLE,2009,Sierra Leone,L,650,728.95778366399,736.714008754003,1740,Low
SLE,2010,Sierra Leone,L,690,764.52577096157,768.942807637086,1880,Low
SLE,2011,Sierra Leone,L,710,770.783679925017,771.124430343022,1950,Low
SLE,2012,Sierra Leone,L,830,884.584213388302,887.140315987867,2250,Low
SLE,2013,Sierra Leone,L,970,1018.75451007453,1021.72009127866,2540,Low
SLE,2014,Sierra Leone,L,970,1002.36234684763,1006.1879511824,2630,Low
SLE,2015,Sierra Leone,L,950,974.233624016843,977.611648664814,2520,Low
SLE,2016,Sierra Leone,L,930,945.671279566425,947.575316792751,2590,Low
SLE,2017,Sierra Leone,L,840,840,840,2460,Low
SLE,2018,Sierra Leone,L,830,810.681035407754,811.632983674365,2610,Low
SLE,2019,Sierra Leone,L,850,817.891750080614,819.113259984274,2680,Low
SLE,2020,Sierra Leone,L,840,802.8207351806,800.61874777923,2710,Low
SLE,2021,Sierra Leone,L,890,814.876661575798,819.480700558838,2820,Low
SLE,2022,Sierra Leone,L,920,786.286284127272,804.020887623889,3110,Low
SLE,2023,Sierra Leone,L,870,717.726717736833,736.551703093321,3340,Low
SLV,1987,El Salvador,LM,820,1532.67419621072,1568.20720425864,,Lower-middle
SLV,1988,El Salvador,LM,850,1534.61413093116,1566.48256016058,,Lower-middle
SLV,1989,El Salvador,LM,840,1459.34253630546,1484.86213774514,,Lower-middle
SLV,1990,El Salvador,LM,880,1473.6706940624,1495.50302895185,2780,Lower-middle
SLV,1991,El Salvador,LM,910,1474.05955470227,1489.10441221918,2860,Lower-middle
SLV,1992,El Salvador,LM,1020,1615.42929688398,1625.76020746334,3110,Lower-middle
SLV,1993,El Salvador,LM,1130,1748.20414336392,1747.3623810541,3330,Lower-middle
SLV,1994,El Salvador,LM,1260,1908.57315031686,1884.02581160065,3550,Lower-middle
SLV,1995,El Salvador,LM,1440,2136.43213091548,2076.14874729468,3770,Lower-middle
SLV,1996,El Salvador,LM,1560,2272.85747284683,2200.16178447474,3830,Lower-middle
SLV,1997,El Salvador,LM,1660,2377.55310588983,2310.38755748791,3980,Lower-middle
SLV,1998,El Salvador,LM,1730,2450.27396390845,2391.49514921827,4110,Lower-middle
SLV,1999,El Salvador,LM,1790,2499.87851099008,2459.58429074443,4190,Lower-middle
SLV,2000,El Salvador,LM,1890,2581.07192447311,2558.66883677775,4330,Lower-middle
SLV,2001,El Salvador,LM,1940,2591.01147803803,2584.09378402066,4440,Lower-middle
SLV,2002,El Salvador,LM,1990,2617.11922094466,2624.23570509261,4550,Lower-middle
SLV,2003,El Salvador,LM,2120,2734.11007196337,2753.51335733787,4670,Lower-middle
SLV,2004,El Salvador,LM,2280,2863.45579871726,2884.43055137491,4830,Lower-middle
SLV,2005,El Salvador,LM,2430,2959.05985819139,2997.77980971159,5120,Lower-middle
SLV,2006,El Salvador,LM,2600,3071.35629040097,3124.7833735169,5540,Lower-middle
SLV,2007,El Salvador,LM,2730,3139.85839053488,3188.84287094097,5790,Lower-middle
SLV,2008,El Salvador,LM,2910,3283.61692827823,3314.5497639448,6040,Lower-middle
SLV,2009,El Salvador,LM,2870,3218.62898325485,3252.87570019075,5870,Lower-middle
SLV,2010,El Salvador,LM,2940,3257.54458931451,3276.36500645367,6070,Lower-middle
SLV,2011,El Salvador,LM,3120,3387.10574840289,3388.60313052145,6390,Lower-middle
SLV,2012,El Salvador,LM,3280,3495.70628905257,3505.80751378338,6440,Lower-middle
SLV,2013,El Salvador,LM,3410,3581.39472098365,3591.82011470126,6770,Lower-middle
SLV,2014,El Salvador,LM,3480,3596.1040897214,3609.82893826263,7160,Lower-middle
SLV,2015,El Salvador,LM,3520,3609.79195425188,3622.30842452647,7560,Lower-middle
SLV,2016,El Salvador,LM,3600,3660.66301767648,3668.03348435904,8020,Lower-middle
SLV,2017,El Salvador,LM,3700,3700,3700,8470,Lower-middle
SLV,2018,El Salvador,LM,3940,3848.29310783922,3852.81199479156,8680,Lower-middle
SLV,2019,El Salvador,LM,4130,3973.99167980345,3979.92678086477,9270,Lower-middle
SLV,2020,El Salvador,LM,3800,3631.80808772176,3621.84671614414,8870,Lower-middle
SLV,2021,El Salvador,LM,4380,4010.29188505842,4032.94996454799,10180,Lower-middle
SLV,2022,El Salvador,UM,4710,4025.44391112984,4116.23737033534,11150,Upper-middle
SLV,2023,El Salvador,UM,4950,4083.61753195095,4190.7252072551,11880,Upper-middle
SMR,1991,San Marino,H,,,,,High
SMR,1992,San Marino,H,,,,,High
SMR,1993,San Marino,H,,,,,High
SMR,2000,San Marino,H,,,,,High
SMR,2001,San Marino,H,,,,,High
SMR,2002,San Marino,H,,,,,High
SMR,2003,San Marino,H,,,,,High
SMR,2004,San Marino,H,,,,,High
SMR,2005,San Marino,H,,,,,High
SMR,2006,San Marino,H,,,,,High
SMR,2007,San Marino,H,,,,,High
SMR,2008,San Marino,H,,,,,High
SMR,2009,San Marino,H,,,,,High
SMR,2010,San Marino,H,,,,,High
SMR,2011,San Marino,H,,,,,High
SMR,2012,San Marino,H,,,,,High
SMR,2013,San Marino,H,,,,,High
SMR,2014,San Marino,H,,,,,High
SMR,2015,San Marino,H,,,,,High
SMR,2016,San Marino,H,,,,,High
SMR,2017,San Marino,H,40010,40010,40010,48600,High
SMR,2018,San Marino,H,41800,40827.0690121013,40875.0105031186,49590,High
SMR,2019,San Marino,H,43770,42116.61400121,42179.5145758961,52590,High
SMR,2020,San Marino,H,40540,38745.6578621685,38639.3857559166,49830,High
SMR,2021,San Marino,H,48160,44094.898900551,44344.0343133861,58350,High
SMR,2022,San Marino,H,53880,46049.0271617146,47087.6580708425,69380,High
SMR,2023,San Marino,H,53890,44457.8078377447,45623.8750341368,71860,High
SOM,1987,"Somalia, Fed. Rep.",L,150,280.367231014157,286.867171510726,,Low
SOM,1988,"Somalia, Fed. Rep.",L,160,288.868542292925,294.867305441992,,Low
SOM,1989,"Somalia, Fed. Rep.",L,160,277.970006915326,282.830883380026,,Low
SOM,1990,"Somalia, Fed. Rep.",L,160,267.940126193164,271.909641627609,,Low
SOM,1991,"Somalia, Fed. Rep.",L,140,226.778393031119,229.092986495258,450,Low
SOM,1992,"Somalia, Fed. Rep.",L,120,190.050505515762,191.265906760393,450,Low
SOM,1993,"Somalia, Fed. Rep.",L,130,201.120830652487,201.023990740737,460,Low
SOM,1994,"Somalia, Fed. Rep.",L,130,196.916277413644,194.383615482607,370,Low
SOM,1995,"Somalia, Fed. Rep.",L,190,281.890350606904,273.936293045826,380,Low
SOM,1996,"Somalia, Fed. Rep.",L,230,335.100781253058,324.382827198199,400,Low
SOM,1997,"Somalia, Fed. Rep.",L,240,343.742617719011,334.031936022348,400,Low
SOM,1998,"Somalia, Fed. Rep.",L,270,382.412699569527,373.239127334643,410,Low
SOM,1999,"Somalia, Fed. Rep.",L,320,446.905655595991,439.702219574423,430,Low
SOM,2000,"Somalia, Fed. Rep.",L,370,505.289212727541,500.903423072893,460,Low
SOM,2001,"Somalia, Fed. Rep.",L,320,427.383336583592,426.242273652892,480,Low
SOM,2002,"Somalia, Fed. Rep.",L,270,355.086527464853,356.052080590455,510,Low
SOM,2003,"Somalia, Fed. Rep.",L,260,335.315386184187,337.695034390493,540,Low
SOM,2004,"Somalia, Fed. Rep.",L,310,389.32951649226,392.181346897466,570,Low
SOM,2005,"Somalia, Fed. Rep.",L,390,474.910841438124,481.125154645071,610,Low
SOM,2006,"Somalia, Fed. Rep.",L,450,531.580896415552,540.827891570232,650,Low
SOM,2007,"Somalia, Fed. Rep.",L,480,552.063013720419,560.675669615994,690,Low
SOM,2008,"Somalia, Fed. Rep.",L,510,575.479255471442,580.900474093418,730,Low
SOM,2009,"Somalia, Fed. Rep.",L,380,426.159935065102,430.694343579263,770,Low
SOM,2010,"Somalia, Fed. Rep.",L,290,321.322425476602,323.178861180804,810,Low
SOM,2011,"Somalia, Fed. Rep.",L,250,271.40270419895,271.522686740501,870,Low
SOM,2012,"Somalia, Fed. Rep.",L,280,298.413951504487,299.27625117663,1000,Low
SOM,2013,"Somalia, Fed. Rep.",L,340,357.089209716845,358.128691788395,940,Low
SOM,2014,"Somalia, Fed. Rep.",L,410,423.678930110854,425.295938128643,1120,Low
SOM,2015,"Somalia, Fed. Rep.",L,440,451.223994281485,452.788553065809,1340,Low
SOM,2016,"Somalia, Fed. Rep.",L,450,457.58287720956,458.50418554488,1460,Low
SOM,2017,"Somalia, Fed. Rep.",L,500,500,500,1590,Low
SOM,2018,"Somalia, Fed. Rep.",L,510,498.129310913198,498.714242980634,1540,Low
SOM,2019,"Somalia, Fed. Rep.",L,520,500.35730593167,501.104582578615,1540,Low
SOM,2020,"Somalia, Fed. Rep.",L,500,477.869485226547,476.558778440018,1450,Low
SOM,2021,"Somalia, Fed. Rep.",L,540,494.419547472956,497.213009327835,1390,Low
SOM,2022,"Somalia, Fed. Rep.",L,570,487.155632557114,498.143376027844,1480,Low
SOM,2023,"Somalia, Fed. Rep.",L,600,494.983943266781,507.966691788497,1590,Low
SRB,2006,Serbia,UM,4280,5055.92497035236,5143.87416871243,10330,Upper-middle
SRB,2007,Serbia,UM,5000,5750.65639292103,5840.37155849994,11340,Upper-middle
SRB,2008,Serbia,UM,6250,7052.44185626767,7118.87835898797,12770,Upper-middle
SRB,2009,Serbia,UM,6680,7491.44306903916,7571.15319765652,12850,Upper-middle
SRB,2010,Serbia,UM,6500,7202.05436413073,7243.66412991458,13050,Upper-middle
SRB,2011,Serbia,UM,6380,6926.19701115719,6929.25896561758,13770,Upper-middle
SRB,2012,Serbia,UM,6310,6724.97154997613,6744.40408901619,14050,Upper-middle
SRB,2013,Serbia,UM,6630,6963.23958947848,6983.50948987371,14680,Upper-middle
SRB,2014,Serbia,UM,6450,6665.19292491466,6690.63122177987,14740,Upper-middle
SRB,2015,Serbia,UM,6210,6368.41137383642,6390.49298758789,14850,Upper-middle
SRB,2016,Serbia,UM,5920,6019.75696240133,6031.87728539042,15580,Upper-middle
SRB,2017,Serbia,UM,5810,5810,5810,16210,Upper-middle
SRB,2018,Serbia,UM,6700,6544.05173160476,6551.73613327499,17570,Upper-middle
SRB,2019,Serbia,UM,7380,7101.22484187639,7111.83042198111,19530,Upper-middle
SRB,2020,Serbia,UM,7790,7445.20657982961,7424.78576809548,20400,Upper-middle
SRB,2021,Serbia,UM,8890,8139.61069821218,8185.5993572675,22550,Upper-middle
SRB,2022,Serbia,UM,9790,8367.11165391956,8555.83096721508,24910,Upper-middle
SRB,2023,Serbia,UM,10750,8868.46231686317,9101.06989454391,28230,Upper-middle
SSD,2011,South Sudan,LM,770,835.920328932765,836.289875160742,1560,Lower-middle
SSD,2012,South Sudan,L,800,852.611290012821,855.075003361799,1360,Low
SSD,2013,South Sudan,LM,1080,1134.28337204174,1137.58525626902,1810,Lower-middle
SSD,2014,South Sudan,L,1170,1209.03499568219,1213.64938441588,1180,Low
SSD,2015,South Sudan,L,1050,1076.78453180809,1080.51813799795,1010,Low
SSD,2016,South Sudan,L,,,,,Low
SSD,2017,South Sudan,L,,,,,Low
SSD,2018,South Sudan,L,,,,,Low
SSD,2019,South Sudan,L,,,,,Low
SSD,2020,South Sudan,L,,,,,Low
SSD,2021,South Sudan,L,,,,,Low
SSD,2022,South Sudan,L,,,,,Low
SSD,2023,South Sudan,L,,,,,Low
STP,1987,São Tomé and Príncipe,L,900,1682.20338608494,1721.20302906436,,Low
STP,1988,São Tomé and Príncipe,L,980,1769.31982154417,1806.0622458322,,Low
STP,1989,São Tomé and Príncipe,L,890,1546.2081634665,1573.2467888014,,Low
STP,1990,São Tomé and Príncipe,L,820,1373.19314673996,1393.5369133415,1380,Low
STP,1991,São Tomé and Príncipe,L,800,1295.87653160639,1309.1027799729,1380,Low
STP,1992,São Tomé and Príncipe,L,780,1235.32828585245,1243.22839394256,1390,Low
STP,1993,São Tomé and Príncipe,L,780,1206.72498391492,1206.14394444442,1410,Low
STP,1994,São Tomé and Príncipe,L,820,1242.08728830145,1226.11203612106,1450,Low
STP,1995,São Tomé and Príncipe,L,830,1231.4157421249,1196.66906962124,1470,Low
STP,1996,São Tomé and Príncipe,L,840,1223.84633153291,1184.70249933255,1530,Low
STP,1997,São Tomé and Príncipe,L,710,1016.90524408541,988.17781073278,1530,Low
STP,1998,São Tomé and Príncipe,L,590,835.642565726003,815.59661158311,1550,Low
STP,1999,São Tomé and Príncipe,L,510,712.255888606111,700.775412446737,1630,Low
STP,2000,São Tomé and Príncipe,L,480,655.510330024918,649.820656959429,1680,Low
STP,2001,São Tomé and Príncipe,L,510,681.1421926801,679.323623634296,1820,Low
STP,2002,São Tomé and Príncipe,L,520,683.870349191569,685.729932989024,1870,Low
STP,2003,São Tomé and Príncipe,L,600,773.804737348124,779.29623320883,2040,Low
STP,2004,São Tomé and Príncipe,L,690,866.572149611804,872.919772126617,2110,Low
STP,2005,São Tomé and Príncipe,L,800,974.176085001279,986.923394143735,2280,Low
STP,2006,São Tomé and Príncipe,L,910,1074.97470164034,1093.67418073091,2600,Low
STP,2007,São Tomé and Príncipe,L,940,1081.12340186915,1097.98985299799,2730,Low
STP,2008,São Tomé and Príncipe,LM,1000,1128.39069700283,1139.02053743807,2800,Lower-middle
STP,2009,São Tomé and Príncipe,LM,1070,1199.97665926226,1212.74459902582,2840,Lower-middle
STP,2010,São Tomé and Príncipe,LM,1090,1207.72911644654,1214.70675409337,2850,Lower-middle
STP,2011,São Tomé and Príncipe,LM,1140,1237.59633114721,1238.14345153668,2910,Lower-middle
STP,2012,São Tomé and Príncipe,LM,1160,1236.28637051859,1239.85875487461,2640,Lower-middle
STP,2013,São Tomé and Príncipe,LM,1320,1386.34634360658,1390.38197988436,2980,Lower-middle
STP,2014,São Tomé and Príncipe,LM,1430,1477.70943916713,1483.34924761941,3320,Lower-middle
STP,2015,São Tomé and Príncipe,LM,1400,1435.71270907745,1440.69085066394,3210,Lower-middle
STP,2016,São Tomé and Príncipe,LM,1420,1443.92819030572,1446.83542994162,3350,Lower-middle
STP,2017,São Tomé and Príncipe,LM,1440,1440,1440,3430,Lower-middle
STP,2018,São Tomé and Príncipe,LM,1660,1621.36207081551,1623.26596734873,3960,Lower-middle
STP,2019,São Tomé and Príncipe,LM,1810,1741.62831487754,1744.2294124371,4650,Lower-middle
STP,2020,São Tomé and Príncipe,LM,2030,1940.15011001978,1934.82864046647,5200,Lower-middle
STP,2021,São Tomé and Príncipe,LM,2220,2032.6136951666,2044.09792723665,5760,Lower-middle
STP,2022,São Tomé and Príncipe,LM,2430,2076.82138090138,2123.66386622397,6150,Lower-middle
STP,2023,São Tomé and Príncipe,LM,2590,2136.68068843494,2192.72288622035,6210,Lower-middle
SUN,1990,USSR (former),UM,,,,,Upper-middle
SUR,1987,Suriname,UM,2420,4523.25799369506,4628.12370037305,,Upper-middle
SUR,1988,Suriname,UM,2890,5217.68804516596,5326.04070454598,,Upper-middle
SUR,1989,Suriname,UM,2170,3769.96821878911,3835.89385584161,,Upper-middle
SUR,1990,Suriname,UM,1400,2344.47610419018,2379.20936424158,6470,Upper-middle
SUR,1991,Suriname,UM,1130,1830.42560089403,1849.10767671173,6830,Upper-middle
SUR,1992,Suriname,UM,1050,1662.94192326292,1673.57668415344,6980,Upper-middle
SUR,1993,Suriname,LM,990,1531.61247958432,1530.87500641023,6580,Lower-middle
SUR,1994,Suriname,LM,1130,1711.65687290321,1689.64219611805,6930,Lower-middle
SUR,1995,Suriname,LM,1360,2017.74145697574,1960.80715022275,6980,Lower-middle
SUR,1996,Suriname,LM,1660,2418.55346469598,2341.19779630005,7000,Lower-middle
SUR,1997,Suriname,LM,1860,2664.00528732233,2588.7475041732,7260,Lower-middle
SUR,1998,Suriname,LM,2070,2931.83069669971,2861.49997623227,7370,Lower-middle
SUR,1999,Suriname,LM,1950,2723.33133878807,2679.43540053164,7130,Lower-middle
SUR,2000,Suriname,LM,1950,2663.01071572623,2639.89641889768,7240,Lower-middle
SUR,2001,Suriname,LM,1640,2190.33959999091,2184.49165247107,7090,Lower-middle
SUR,2002,Suriname,LM,1870,2459.30298651583,2465.9903359413,7790,Lower-middle
SUR,2003,Suriname,LM,2120,2734.11007196337,2753.51335733787,8280,Lower-middle
SUR,2004,Suriname,LM,2710,3403.49351514201,3428.42403255526,9060,Lower-middle
SUR,2005,Suriname,LM,3190,3884.5271389426,3935.35703414814,9830,Lower-middle
SUR,2006,Suriname,LM,3880,4583.40861798298,4663.13826509445,10580,Lower-middle
SUR,2007,Suriname,UM,4860,5589.63801391924,5676.84115486194,11520,Upper-middle
SUR,2008,Suriname,UM,6090,6871.89934474722,6936.63507299788,12170,Upper-middle
SUR,2009,Suriname,UM,6700,7513.87253930574,7593.8213210028,12410,Upper-middle
SUR,2010,Suriname,UM,7330,8121.70130601204,8168.62431881137,12730,Upper-middle
SUR,2011,Suriname,UM,7620,8272.35442398398,8276.01149185046,13100,Upper-middle
SUR,2012,Suriname,UM,8220,8760.58100488173,8785.89565954249,14600,Upper-middle
SUR,2013,Suriname,UM,8610,9042.75910488834,9069.08245970024,15760,Upper-middle
SUR,2014,Suriname,UM,8900,9196.93287313805,9232.03377889005,16370,Upper-middle
SUR,2015,Suriname,UM,8550,8768.10261615159,8798.50483798333,16500,Upper-middle
SUR,2016,Suriname,UM,6660,6772.22658270149,6785.86194606422,13740,Upper-middle
SUR,2017,Suriname,UM,5700,5700,5700,15620,Upper-middle
SUR,2018,Suriname,UM,5730,5596.62931673064,5603.20120054712,16110,Upper-middle
SUR,2019,Suriname,UM,6000,5773.3535299808,5781.97595283017,17840,Upper-middle
SUR,2020,Suriname,UM,4710,4501.53055083408,4489.18369290497,15030,Upper-middle
SUR,2021,Suriname,UM,4490,4111.00697806217,4134.23409607773,16190,Upper-middle
SUR,2022,Suriname,UM,5040,4307.48138261027,4404.63616698304,18470,Upper-middle
SUR,2023,Suriname,UM,5210,4298.11057403322,4410.84410703012,19160,Upper-middle
SVK,1992,Slovak Republic,LM,2390,3785.17256818893,3809.3793096445,6750,Lower-middle
SVK,1993,Slovak Republic,LM,3000,4641.24993813431,4639.01517094008,7420,Lower-middle
SVK,1994,Slovak Republic,LM,3530,5347.03430207818,5278.2627896431,8020,Lower-middle
SVK,1995,Slovak Republic,LM,4280,6349.95105577658,6170.77544334808,8860,Lower-middle
SVK,1996,Slovak Republic,UM,5060,7372.21718756727,7136.42219836038,9570,Upper-middle
SVK,1997,Slovak Republic,UM,5440,7791.49933496425,7571.39054983989,10160,Upper-middle
SVK,1998,Slovak Republic,UM,5450,7719.07115797749,7533.90090360669,10690,Upper-middle
SVK,1999,Slovak Republic,UM,5380,7513.6013347076,7392.49356659499,10680,Upper-middle
SVK,2000,Slovak Republic,UM,5520,7538.36879528656,7472.93755503343,11320,Upper-middle
SVK,2001,Slovak Republic,UM,5700,7612.76568289523,7592.44049944213,12370,Upper-middle
SVK,2002,Slovak Republic,UM,6020,7917.11442717932,7938.64268575755,13260,Upper-middle
SVK,2003,Slovak Republic,UM,6920,8924.54797074836,8987.88322300851,13400,Upper-middle
SVK,2004,Slovak Republic,UM,9010,11315.6740115976,11398.561082407,14580,Upper-middle
SVK,2005,Slovak Republic,UM,11310,13772.4144017056,13952.6294847071,16150,Upper-middle
SVK,2006,Slovak Republic,UM,12950,15297.7169079587,15563.8248796322,18380,Upper-middle
SVK,2007,Slovak Republic,H,14940,17182.961302048,17451.0302167978,20640,High
SVK,2008,Slovak Republic,H,17250,19464.7395232988,19648.1042708068,23290,High
SVK,2009,Slovak Republic,H,17120,19199.6265481962,19403.9135844131,22950,High
SVK,2010,Slovak Republic,H,17600,19500.9472013386,19613.6136440764,24840,High
SVK,2011,Slovak Republic,H,17560,19063.3259429342,19071.7535166528,25290,High
SVK,2012,Slovak Republic,H,17830,19002.5741261607,19057.4841374261,26550,High
SVK,2013,Slovak Republic,H,18280,19198.796334188,19254.6837820349,27850,High
SVK,2014,Slovak Republic,H,18380,18993.2164278963,19065.7057141572,28770,High
SVK,2015,Slovak Republic,H,17800,18254.0615868419,18317.3551012986,29400,High
SVK,2016,Slovak Republic,H,16900,17184.7791663146,17219.3794126855,29080,High
SVK,2017,Slovak Republic,H,16710,16710,16710,29690,High
SVK,2018,Slovak Republic,H,18460,18030.3276067797,18051.4998537696,31000,High
SVK,2019,Slovak Republic,H,19230,18503.5980635885,18531.2329288207,33160,High
SVK,2020,Slovak Republic,H,19420,18560.4508061991,18509.5429546103,35000,High
SVK,2021,Slovak Republic,H,21010,19236.5827637163,19345.2691221811,37240,High
SVK,2022,Slovak Republic,H,21890,18708.4856082022,19130.453510964,40300,High
SVK,2023,Slovak Republic,H,22710,18735.1422526477,19226.5392841946,45010,High
SVN,1992,Slovenia,UM,7120,11276.3299939352,11348.4438011167,11220,Upper-middle
SVN,1993,Slovenia,UM,6900,10674.8748577089,10669.7348931622,11880,Upper-middle
SVN,1994,Slovenia,UM,7610,11527.1759316756,11378.9177986357,13000,Upper-middle
SVN,1995,Slovenia,UM,9410,13960.990522163,13567.0553555854,13710,Upper-middle
SVN,1996,Slovenia,UM,10510,15312.6487433462,14822.8848428394,14320,Upper-middle
SVN,1997,Slovenia,H,11230,16084.2899874354,15629.911006379,15250,High
SVN,1998,Slovenia,H,10970,15537.2863491767,15164.5675068927,15970,High
SVN,1999,Slovenia,H,11270,15739.4585580213,15485.7625456367,16990,High
SVN,2000,Slovenia,H,11200,15295.2410339148,15162.48199572,17850,High
SVN,2001,Slovenia,H,10840,14477.6105267692,14438.9570199917,18750,High
SVN,2002,Slovenia,H,10780,14177.158392856,14215.7089954263,19830,High
SVN,2003,Slovenia,H,12510,16133.8287737084,16248.3264624041,20690,High
SVN,2004,Slovenia,H,15490,19453.9168079519,19596.416333683,22270,High
SVN,2005,Slovenia,H,18180,22138.1515316541,22427.8341319164,23460,High
SVN,2006,Slovenia,H,19710,23283.2432630012,23688.2616507762,25250,High
SVN,2007,Slovenia,H,21710,24969.3500580631,25358.8933070067,26830,High
SVN,2008,Slovenia,H,24530,27679.4237974794,27940.173783356,28690,High
SVN,2009,Slovenia,H,24260,27206.9474333668,27496.433619034,26770,High
SVN,2010,Slovenia,H,24370,27002.1638236717,27158.168437849,27210,High
SVN,2011,Slovenia,H,24340,26423.7672808097,26435.4487810552,28320,High
SVN,2012,Slovenia,H,23010,24523.2322289938,24594.0947841938,28340,High
SVN,2013,Slovenia,H,23040,24198.0452702239,24268.4854670724,29240,High
SVN,2014,Slovenia,H,23400,24180.6999136439,24272.9876883177,30300,High
SVN,2015,Slovenia,H,22080,22643.2404403073,22721.7528447569,30390,High
SVN,2016,Slovenia,H,21610,21974.1466144413,22018.3898880552,32800,High
SVN,2017,Slovenia,H,22040,22040,22040,35640,High
SVN,2018,Slovenia,H,24510,23939.5086480049,23967.6197950105,38180,High
SVN,2019,Slovenia,H,25900,24921.6427377505,24958.8628630502,41860,High
SVN,2020,Slovenia,H,25380,24256.6550700995,24190.1235936153,41690,High
SVN,2021,Slovenia,H,28320,25929.5584896928,26076.0600447487,45500,High
SVN,2022,Slovenia,H,29590,25289.3599427456,25859.758766077,51540,High
SVN,2023,Slovenia,H,31020,25590.6698668926,26261.8779654653,55540,High
SWE,1987,Sweden,H,19360,36186.0639495605,37024.9896029844,,High
SWE,1988,Sweden,H,24190,43673.3127379116,44580.2507415111,,High
SWE,1989,Sweden,H,26090,45326.4842526304,46119.1109211555,,High
SWE,1990,Sweden,H,27760,46487.6118945139,47176.3228223902,19890,High
SWE,1991,Sweden,H,29110,47153.7072938276,47634.977406264,20050,High
SWE,1992,Sweden,H,31340,49634.8570238666,49952.2793155894,19900,High
SWE,1993,Sweden,H,28200,43627.7494184625,43606.7426068368,19720,High
SWE,1994,Sweden,H,27700,41958.3144950611,41418.6626836017,21140,High
SWE,1995,Sweden,H,28090,41675.2628870944,40499.3182718802,22460,High
SWE,1996,Sweden,H,30400,44291.5815221433,42874.9475948924,23300,High
SWE,1997,Sweden,H,31400,44972.9924849039,43702.5116295906,24160,High
SWE,1998,Sweden,H,31100,44048.2776170825,42991.6180003978,25340,High
SWE,1999,Sweden,H,31310,43726.9252397203,43022.114046485,27460,High
SWE,2000,Sweden,H,31600,43154.4300599738,42779.8599164957,29660,High
SWE,2001,Sweden,H,29710,39679.8716559329,39573.9310944607,29970,High
SWE,2002,Sweden,H,29130,38309.8909075969,38414.0633614813,31080,High
SWE,2003,Sweden,H,32690,42159.4614398503,42458.6564393278,32330,High
SWE,2004,Sweden,H,39690,49846.7371276703,50211.8634140658,34000,High
SWE,2005,Sweden,H,45690,55637.6316546356,56365.6623480341,34670,High
SWE,2006,Sweden,H,49090,57989.5693445321,58998.3137715171,38660,High
SWE,2007,Sweden,H,52180,60013.8501165239,60950.1175845054,42060,High
SWE,2008,Sweden,H,55370,62478.9928930466,63067.5671579462,43380,High
SWE,2009,Sweden,H,52390,58753.9973633176,59379.1491055726,41060,High
SWE,2010,Sweden,H,54380,60253.4948186814,60601.6085207315,43190,High
SWE,2011,Sweden,H,56450,61282.7306081228,61309.8226660051,45340,High
SWE,2012,Sweden,H,58840,62709.560380443,62890.7664972604,46260,High
SWE,2013,Sweden,H,61530,64622.6443349338,64810.7600168822,47160,High
SWE,2014,Sweden,H,61350,63396.8350300022,63638.7946443713,47820,High
SWE,2015,Sweden,H,57900,59376.9756111318,59582.8573238871,49120,High
SWE,2016,Sweden,H,53850,54757.4176394107,54867.6675368706,50420,High
SWE,2017,Sweden,H,52240,52240,52240,52210,High
SWE,2018,Sweden,H,54930,53651.4569577686,53714.4575822083,54080,High
SWE,2019,Sweden,H,56100,53980.8555053205,54061.4751589621,58700,High
SWE,2020,Sweden,H,54590,52173.7903970344,52030.6874300812,59540,High
SWE,2021,Sweden,H,59840,54789.0105940402,55098.5675521808,65080,High
SWE,2022,Sweden,H,61920,52920.4855577834,54114.1014800774,69790,High
SWE,2023,Sweden,H,60300,49745.8862983115,51050.652524744,72190,High
SWZ,1987,Eswatini,LM,,,,,Lower-middle
SWZ,1988,Eswatini,LM,,,,,Lower-middle
SWZ,1989,Eswatini,LM,,,,,Lower-middle
SWZ,1990,Eswatini,LM,1220,2043.04346222287,2073.31101741052,3350,Lower-middle
SWZ,1991,Eswatini,LM,1260,2041.00553728007,2061.83687845732,3410,Lower-middle
SWZ,1992,Eswatini,LM,1440,2280.60606618915,2295.19088112472,3480,Lower-middle
SWZ,1993,Eswatini,LM,1450,2243.27080343158,2242.19066595437,3480,Lower-middle
SWZ,1994,Eswatini,LM,1470,2226.66867536967,2198.0301135341,3490,Lower-middle
SWZ,1995,Eswatini,LM,1740,2581.52215818954,2508.67973631441,3940,Lower-middle
SWZ,1996,Eswatini,LM,1840,2680.80625002446,2595.06261758559,4210,Lower-middle
SWZ,1997,Eswatini,LM,1870,2678.32789639396,2602.66550150746,4330,Lower-middle
SWZ,1998,Eswatini,LM,1670,2365.29336400411,2308.55312092168,4270,Lower-middle
SWZ,1999,Eswatini,LM,1670,2332.28889014158,2294.69595840402,4490,Lower-middle
SWZ,2000,Eswatini,LM,1600,2185.03443341639,2166.06885653143,4490,Lower-middle
SWZ,2001,Eswatini,LM,1620,2163.62814145443,2157.85151036776,4830,Lower-middle
SWZ,2002,Eswatini,LM,1470,1933.24887175309,1938.50577210359,4750,Lower-middle
SWZ,2003,Eswatini,LM,1600,2063.479299595,2078.12328855688,4920,Lower-middle
SWZ,2004,Eswatini,LM,2020,2536.92136553021,2555.50426042865,5310,Lower-middle
SWZ,2005,Eswatini,LM,2880,3507.03390600461,3552.92421891745,6100,Lower-middle
SWZ,2006,Eswatini,LM,3090,3650.18882205346,3713.68485544893,6350,Lower-middle
SWZ,2007,Eswatini,LM,3250,3737.92665539867,3796.24151302496,6810,Lower-middle
SWZ,2008,Eswatini,LM,3160,3565.71460252893,3599.30489830432,6900,Lower-middle
SWZ,2009,Eswatini,LM,3120,3498.99736158715,3536.22724201921,6860,Lower-middle
SWZ,2010,Eswatini,LM,3260,3612.10726570249,3632.9761636187,6940,Lower-middle
SWZ,2011,Eswatini,LM,3620,3929.91115680079,3931.64850400245,7100,Lower-middle
SWZ,2012,Eswatini,LM,4010,4273.71409118927,4286.06345435102,7240,Lower-middle
SWZ,2013,Eswatini,LM,4120,4327.08101186295,4339.67708872996,7870,Lower-middle
SWZ,2014,Eswatini,LM,3890,4019.78301983225,4035.12487639127,8000,Lower-middle
SWZ,2015,Eswatini,LM,3540,3630.30213581013,3642.8897223931,8050,Lower-middle
SWZ,2016,Eswatini,LM,3270,3325.10224105614,3331.79708162613,8020,Lower-middle
SWZ,2017,Eswatini,LM,3290,3290,3290,8020,Lower-middle
SWZ,2018,Eswatini,LM,3460,3379.46552109738,3383.43388375097,7950,Lower-middle
SWZ,2019,Eswatini,LM,3680,3540.99016505489,3546.2785844025,8280,Lower-middle
SWZ,2020,Eswatini,LM,3430,3278.18466865411,3269.19322009852,8460,Lower-middle
SWZ,2021,Eswatini,LM,3620,3314.44215157796,3333.16869216067,9240,Lower-middle
SWZ,2022,Eswatini,LM,3650,3119.5053663745,3189.86547807304,9790,Lower-middle
SWZ,2023,Eswatini,LM,3750,3093.64964541738,3174.79182367811,10550,Lower-middle
SXM,2010,Sint Maarten (Dutch part),H,,,,,High
SXM,2011,Sint Maarten (Dutch part),H,26550,28822.9671859285,28835.7093318412,38450,High
SXM,2012,Sint Maarten (Dutch part),H,26910,28679.7122678063,28762.5854255825,34510,High
SXM,2013,Sint Maarten (Dutch part),H,27400,28777.1892536516,28860.9592794177,35450,High
SXM,2014,Sint Maarten (Dutch part),H,29620,30608.2192923988,30725.038261879,42140,High
SXM,2015,Sint Maarten (Dutch part),H,31890,32703.4844946286,32816.8794483378,43280,High
SXM,2016,Sint Maarten (Dutch part),H,35260,35854.1605564647,35926.3501829166,43720,High
SXM,2017,Sint Maarten (Dutch part),H,32950,32950,32950,43620,High
SXM,2018,Sint Maarten (Dutch part),H,31140,30415.1896898764,30450.9049537587,40710,High
SXM,2019,Sint Maarten (Dutch part),H,34060,32773.4035385244,32822.3501588993,44100,High
SXM,2020,Sint Maarten (Dutch part),H,29440,28136.9552901391,28059.7808745483,37930,High
SXM,2021,Sint Maarten (Dutch part),H,31430,28777.0488464352,28939.6386725442,39280,High
SXM,2022,Sint Maarten (Dutch part),H,36960,31588.1968058087,32300.6652245423,47320,High
SXM,2023,Sint Maarten (Dutch part),H,38260,31563.4761156451,32391.3427130465,50170,High
SYC,1987,Seychelles,UM,3440,6429.75516459133,6578.82046664599,,Upper-middle
SYC,1988,Seychelles,UM,4250,7673.07065465582,7832.41280080291,,Upper-middle
SYC,1989,Seychelles,UM,4820,8373.8464583242,8520.28036182329,,Upper-middle
SYC,1990,Seychelles,UM,5370,8992.74048535805,9125.96734712664,8650,Upper-middle
SYC,1991,Seychelles,UM,5550,8990.14343801935,9081.90053606202,9130,Upper-middle
SYC,1992,Seychelles,UM,6400,10136.0269608407,10200.8483605543,10040,Upper-middle
SYC,1993,Seychelles,UM,6850,10597.5206920733,10592.4179736465,10780,Upper-middle
SYC,1994,Seychelles,UM,6900,10451.710108878,10317.2842063845,10610,Upper-middle
SYC,1995,Seychelles,UM,6910,10251.9069615458,9962.63044708766,10420,Upper-middle
SYC,1996,Seychelles,UM,7430,10825.2121943922,10478.9756786201,11600,Upper-middle
SYC,1997,Seychelles,UM,7940,11372.1516028706,11050.889883406,13180,Upper-middle
SYC,1998,Seychelles,UM,7520,10650.9018546772,10395.400879839,13230,Upper-middle
SYC,1999,Seychelles,UM,7630,10655.9067256169,10484.1497979777,13330,Upper-middle
SYC,2000,Seychelles,UM,7920,10815.9204454111,10722.0408398306,13930,Upper-middle
SYC,2001,Seychelles,UM,7860,10497.6032048345,10469.5758465991,14230,Upper-middle
SYC,2002,Seychelles,UM,7330,9639.94165302731,9666.15463232606,13230,Upper-middle
SYC,2003,Seychelles,UM,8000,10317.396497975,10390.6164427844,13330,Upper-middle
SYC,2004,Seychelles,UM,9870,12395.7494444471,12486.5480447677,14310,Upper-middle
SYC,2005,Seychelles,UM,11850,14429.9832590814,14618.8027757541,16000,Upper-middle
SYC,2006,Seychelles,UM,13380,15805.6719867557,16080.6159760216,17670,Upper-middle
SYC,2007,Seychelles,UM,12890,14825.1921809504,15056.4778778128,18190,Upper-middle
SYC,2008,Seychelles,UM,11520,12999.0608294726,13121.5165912866,17360,Upper-middle
SYC,2009,Seychelles,UM,10310,11562.3919224242,11685.4175850058,17260,Upper-middle
SYC,2010,Seychelles,UM,10160,11257.3649753182,11322.4042399896,17940,Upper-middle
SYC,2011,Seychelles,UM,11150,12104.5606072732,12109.9118286263,20270,Upper-middle
SYC,2012,Seychelles,UM,12540,13364.681970951,13403.3006776962,22200,Upper-middle
SYC,2013,Seychelles,UM,12350,12970.7404117736,13008.4980693726,21100,Upper-middle
SYC,2014,Seychelles,H,13340,13785.0656772654,13837.6775966734,23400,High
SYC,2015,Seychelles,H,14750,15126.2588992089,15178.7071766379,23960,High
SYC,2016,Seychelles,H,15630,15893.3786017454,15925.3787112588,26810,High
SYC,2017,Seychelles,H,16180,16180,16180,28610,High
SYC,2018,Seychelles,H,17620,17209.8793299815,17230.0881594486,30560,High
SYC,2019,Seychelles,H,18700,17993.6185017735,18020.491719654,32850,High
SYC,2020,Seychelles,H,15400,14718.3801449777,14678.0103759525,29950,High
SYC,2021,Seychelles,H,14950,13688.0967309642,13765.4342397243,28720,High
SYC,2022,Seychelles,H,14700,12563.4873659466,12846.8554870339,29030,High
SYC,2023,Seychelles,H,16400,13529.5611159587,13884.4229088856,30920,High
SYR,1987,Syrian Arab Republic,LM,1170,2186.86440191042,2237.56393778367,,Lower-middle
SYR,1988,Syrian Arab Republic,LM,1130,2040.13407994378,2082.50034468407,,Lower-middle
SYR,1989,Syrian Arab Republic,LM,800,1389.85003457663,1414.15441690013,,Lower-middle
SYR,1990,Syrian Arab Republic,LM,810,1356.44688885289,1376.54256073977,,Lower-middle
SYR,1991,Syrian Arab Republic,LM,900,1457.86109805719,1472.74062746952,,Lower-middle
SYR,1992,Syrian Arab Republic,LM,1010,1599.59175475767,1609.82138189998,,Lower-middle
SYR,1993,Syrian Arab Republic,LM,990,1531.61247958432,1530.87500641023,,Lower-middle
SYR,1994,Syrian Arab Republic,LM,890,1348.11912998572,1330.78013676554,,Lower-middle
SYR,1995,Syrian Arab Republic,LM,830,1231.4157421249,1196.66906962124,,Lower-middle
SYR,1996,Syrian Arab Republic,LM,810,1180.13753397816,1142.39169578496,,Lower-middle
SYR,1997,Syrian Arab Republic,LM,820,1174.45394387329,1141.27578140969,,Lower-middle
SYR,1998,Syrian Arab Republic,LM,860,1218.05526529553,1188.83573891775,,Lower-middle
SYR,1999,Syrian Arab Republic,LM,820,1145.19574246473,1126.73693765946,,Lower-middle
SYR,2000,Syrian Arab Republic,LM,890,1215.42540358787,1204.87580144561,,Lower-middle
SYR,2001,Syrian Arab Republic,LM,980,1308.86146828725,1305.36696306198,,Lower-middle
SYR,2002,Syrian Arab Republic,LM,1060,1394.04340412127,1397.83409416993,,Lower-middle
SYR,2003,Syrian Arab Republic,LM,1150,1483.1257465839,1493.65111365026,,Lower-middle
SYR,2004,Syrian Arab Republic,LM,1280,1607.5541326132,1619.32943235083,,Lower-middle
SYR,2005,Syrian Arab Republic,LM,1390,1692.63094768972,1714.77939732474,,Lower-middle
SYR,2006,Syrian Arab Republic,LM,1520,1795.56213900364,1826.79643374834,,Lower-middle
SYR,2007,Syrian Arab Republic,LM,1670,1920.71923523562,1950.68410053898,,Lower-middle
SYR,2008,Syrian Arab Republic,LM,1950,2200.36185915551,2221.09004800425,,Lower-middle
SYR,2009,Syrian Arab Republic,LM,2250,2523.31540499073,2550.16387645616,,Lower-middle
SYR,2010,Syrian Arab Republic,LM,2480,2747.8607420068,2763.73646802895,,Lower-middle
SYR,2011,Syrian Arab Republic,LM,2600,2822.58812366908,2823.83594210121,,Lower-middle
SYR,2012,Syrian Arab Republic,LM,1980,2110.21294278173,2116.31063332045,,Lower-middle
SYR,2013,Syrian Arab Republic,LM,1270,1333.83322453057,1337.71599579783,,Lower-middle
SYR,2014,Syrian Arab Republic,LM,1070,1105.69867126491,1109.91866779914,,Lower-middle
SYR,2015,Syrian Arab Republic,LM,900,922.95817012122,926.158403998245,,Lower-middle
SYR,2016,Syrian Arab Republic,LM,750,762.638128682601,764.173642574799,,Lower-middle
SYR,2017,Syrian Arab Republic,L,720,720,720,3150,Low
SYR,2018,Syrian Arab Republic,L,810,791.146552626844,792.075562381007,3330,Low
SYR,2019,Syrian Arab Republic,L,970,933.35882068023,934.752779040877,3370,Low
SYR,2020,Syrian Arab Republic,L,790,755.033786657945,752.962869935228,3580,Low
SYR,2021,Syrian Arab Republic,L,700,640.914228205684,644.535382462008,4430,Low
SYR,2022,Syrian Arab Republic,L,710,606.807893185178,620.494380666262,4610,Low
SYR,2023,Syrian Arab Republic,L,,,,,Low
TCA,2009,Turks and Caicos Islands,H,,,,,High
TCA,2010,Turks and Caicos Islands,H,,,,,High
TCA,2011,Turks and Caicos Islands,H,,,,,High
TCA,2012,Turks and Caicos Islands,H,,,,,High
TCA,2013,Turks and Caicos Islands,H,,,,,High
TCA,2014,Turks and Caicos Islands,H,25350,26195.7582397809,26295.7366623441,24170,High
TCA,2015,Turks and Caicos Islands,H,26940,27627.2145589619,27723.0082263475,25880,High
TCA,2016,Turks and Caicos Islands,H,28810,29295.4726497943,29354.4568567733,28760,High
TCA,2017,Turks and Caicos Islands,H,41130,41130,41130,30150,High
TCA,2018,Turks and Caicos Islands,H,36690,35836.0086615789,35878.0893626656,31090,High
TCA,2019,Turks and Caicos Islands,H,31510,30319.7282882825,30365.0103789464,30540,High
TCA,2020,Turks and Caicos Islands,H,20840,19917.6001442425,19862.9698853799,19540,High
TCA,2021,Turks and Caicos Islands,H,27480,25160.461415846,25302.6175857942,25160,High
TCA,2022,Turks and Caicos Islands,H,31590,26998.677951718,27607.6302609116,29880,High
TCA,2023,Turks and Caicos Islands,H,36060,29748.5349903336,30528.7981764887,35400,High
TCD,1987,Chad,L,210,392.514123419819,401.614040115017,,Low
TCD,1988,Chad,L,270,487.465665119311,497.588577933361,,Low
TCD,1989,Chad,L,270,469.074386669613,477.277115703794,,Low
TCD,1990,Chad,L,270,452.148962950964,458.847520246591,960,Low
TCD,1991,Chad,L,290,469.755242707317,474.549757740178,1040,Low
TCD,1992,Chad,L,320,506.801348042033,510.042418027716,1110,Low
TCD,1993,Chad,L,240,371.299995050744,371.121213675207,910,Low
TCD,1994,Chad,L,220,333.242931007706,328.956887739797,1020,Low
TCD,1995,Chad,L,200,296.726684849373,288.353992679817,1010,Low
TCD,1996,Chad,L,200,291.391983698311,282.072023650608,1010,Low
TCD,1997,Chad,L,210,300.774790504135,292.277944019555,1040,Low
TCD,1998,Chad,L,210,297.432099665188,290.297099038056,1100,Low
TCD,1999,Chad,L,190,265.35023301012,261.073192872314,1060,Low
TCD,2000,Chad,L,180,245.816373759344,243.682746359786,1030,Low
TCD,2001,Chad,L,180,240.403126828271,239.761278929752,1140,Low
TCD,2002,Chad,L,190,249.875704512304,250.555167822913,1200,Low
TCD,2003,Chad,L,210,270.831658071843,272.753681623091,1210,Low
TCD,2004,Chad,L,330,414.447549814341,417.483369277947,1600,Low
TCD,2005,Chad,L,510,621.037254188316,629.163663766631,1850,Low
TCD,2006,Chad,L,630,744.213254981773,757.159048198325,1820,Low
TCD,2007,Chad,L,820,943.107648439049,957.82093559399,1910,Low
TCD,2008,Chad,L,910,1026.83553427257,1036.50868906865,1910,Low
TCD,2009,Chad,L,1020,1143.9029835958,1156.07429066013,2020,Low
TCD,2010,Chad,L,1150,1274.20961826928,1281.57134606181,2260,Low
TCD,2011,Chad,L,1190,1291.876871987,1292.44798888478,2340,Low
TCD,2012,Chad,L,1310,1396.15098739599,1400.18531800495,2390,Low
TCD,2013,Chad,L,1310,1375.84371979137,1379.84878306705,2040,Low
TCD,2014,Chad,L,1260,1302.03768765775,1307.00702937095,2060,Low
TCD,2015,Chad,L,1130,1158.82525804109,1162.84332946446,2320,Low
TCD,2016,Chad,L,940,955.839787948859,957.764298693749,2090,Low
TCD,2017,Chad,L,830,830,830,2080,Low
TCD,2018,Chad,L,890,869.284483750483,870.30524755444,2200,Low
TCD,2019,Chad,L,920,885.247541263723,886.569646100626,2320,Low
TCD,2020,Chad,L,890,850.607683703254,848.274625623232,2160,Low
TCD,2021,Chad,L,890,814.876661575798,819.480700558838,2410,Low
TCD,2022,Chad,L,950,811.926054261857,830.238960046407,2600,Low
TCD,2023,Chad,L,960,791.97430922685,812.746706861595,2670,Low
TGO,1987,Togo,L,410,766.337098105362,784.103602129319,,Low
TGO,1988,Togo,L,530,956.877046345314,976.747949276598,,Low
TGO,1989,Togo,L,540,938.148773339226,954.554231407589,,Low
TGO,1990,Togo,L,540,904.297925901927,917.695040493182,1090,Low
TGO,1991,Togo,L,530,858.518202189235,867.280591732049,1090,Low
TGO,1992,Togo,L,550,871.064816947244,876.635405985136,1050,Low
TGO,1993,Togo,L,460,711.65832384726,711.315659544146,930,Low
TGO,1994,Togo,L,430,651.338456060515,642.961189673239,1050,Low
TGO,1995,Togo,L,420,623.126038183683,605.543384627615,1120,Low
TGO,1996,Togo,L,420,611.923165766453,592.351249666276,1200,Low
TGO,1997,Togo,L,480,687.485235438022,668.063872044696,1350,Low
TGO,1998,Togo,L,440,623.191065965155,608.241540841641,1300,Low
TGO,1999,Togo,L,430,600.529474707113,590.849857553131,1310,Low
TGO,2000,Togo,L,420,573.571538771803,568.5930748395,1300,Low
TGO,2001,Togo,L,400,534.22917072949,532.802842066115,1300,Low
TGO,2002,Togo,L,410,539.205467631814,540.671677933654,1340,Low
TGO,2003,Togo,L,470,606.147044256031,610.448716013584,1430,Low
TGO,2004,Togo,L,530,665.627883035153,670.503593082764,1410,Low
TGO,2005,Togo,L,550,669.74605843838,678.509833473818,1350,Low
TGO,2006,Togo,L,560,661.522893317131,673.030265065178,1390,Low
TGO,2007,Togo,L,570,655.574828792998,665.802357668993,1380,Low
TGO,2008,Togo,L,640,722.17004608181,728.973143960368,1420,Low
TGO,2009,Togo,L,710,796.246194463743,804.718378792834,1470,Low
TGO,2010,Togo,L,740,819.92618914719,824.663300944122,1530,Low
TGO,2011,Togo,L,800,868.488653436639,868.872597569602,1690,Low
TGO,2012,Togo,L,790,841.953648887661,844.386565819777,1650,Low
TGO,2013,Togo,L,830,871.71777666171,874.255335836376,1720,Low
TGO,2014,Togo,L,850,878.358757546893,881.711091242308,1820,Low
TGO,2015,Togo,L,840,861.427625446472,864.414510398362,1930,Low
TGO,2016,Togo,L,800,813.480670594774,815.118552079786,1950,Low
TGO,2017,Togo,L,770,770,770,1990,Low
TGO,2018,Togo,L,830,810.681035407754,811.632983674365,2070,Low
TGO,2019,Togo,L,860,827.514005963915,828.749886572324,2220,Low
TGO,2020,Togo,L,870,831.492904294192,829.212274485631,2400,Low
TGO,2021,Togo,L,930,851.50033175898,856.311293842382,2640,Low
TGO,2022,Togo,L,1000,854.659004486165,873.93574741727,2940,Low
TGO,2023,Togo,L,1050,866.221900716867,888.94171062987,3160,Low
THA,1987,Thailand,LM,990,1850.42372469343,1893.32333197079,,Lower-middle
THA,1988,Thailand,LM,1200,2166.51406719694,2211.50479081494,,Lower-middle
THA,1989,Thailand,LM,1370,2380.11818421248,2421.73943894148,,Lower-middle
THA,1990,Thailand,LM,1540,2578.9237146092,2617.13030066574,4390,Lower-middle
THA,1991,Thailand,LM,1710,2769.93608630866,2798.20719219208,4840,Lower-middle
THA,1992,Thailand,LM,1930,3056.64563037851,3076.19333372966,5250,Lower-middle
THA,1993,Thailand,LM,2170,3357.17078858381,3355.55430697999,5740,Lower-middle
THA,1994,Thailand,LM,2420,3665.67224108476,3618.52576513776,6230,Lower-middle
THA,1995,Thailand,LM,2750,4079.99191667888,3964.86739934748,6770,Lower-middle
THA,1996,Thailand,LM,2960,4312.601358735,4174.665950029,7140,Lower-middle
THA,1997,Thailand,LM,2680,3838.45923119562,3730.02328558289,6930,Lower-middle
THA,1998,Thailand,LM,2080,2945.9941300171,2875.32364761503,6330,Lower-middle
THA,1999,Thailand,LM,1980,2765.2287440002,2720.65748361674,6690,Lower-middle
THA,2000,Thailand,LM,1980,2703.98011135279,2680.51020995764,7150,Lower-middle
THA,2001,Thailand,LM,1960,2617.7229365745,2610.73392612396,7420,Lower-middle
THA,2002,Thailand,LM,1980,2603.96786807559,2611.04859099667,7860,Lower-middle
THA,2003,Thailand,LM,2170,2798.59380007572,2818.45471010527,8460,Lower-middle
THA,2004,Thailand,LM,2520,3164.87219858224,3188.05481994069,9130,Lower-middle
THA,2005,Thailand,LM,2770,3373.08469431693,3417.22225222268,9710,Lower-middle
THA,2006,Thailand,LM,3070,3626.56300443499,3689.64806026803,10510,Lower-middle
THA,2007,Thailand,LM,3480,4002.45684947304,4064.89860471596,11320,Lower-middle
THA,2008,Thailand,LM,3900,4400.72371831103,4442.18009600849,11620,Lower-middle
THA,2009,Thailand,LM,4060,4553.18246411661,4601.62903929423,11540,Lower-middle
THA,2010,Thailand,UM,4490,4974.95755306877,5003.70029897177,12390,Upper-middle
THA,2011,Thailand,UM,4840,5254.35635329166,5256.6792152961,12910,Upper-middle
THA,2012,Thailand,UM,5400,5755.12620758654,5771.75627269215,13950,Upper-middle
THA,2013,Thailand,UM,5580,5860.46408888234,5877.5238240566,14240,Upper-middle
THA,2014,Thailand,UM,5620,5807.50143225122,5829.66627386091,14570,Upper-middle
THA,2015,Thailand,UM,5560,5701.83047319331,5721.60080692249,14980,Upper-middle
THA,2016,Thailand,UM,5550,5643.52215225124,5654.88495505352,15890,Upper-middle
THA,2017,Thailand,UM,5800,5800,5800,16790,Upper-middle
THA,2018,Thailand,UM,6430,6280.33621406248,6287.71094581466,17960,Upper-middle
THA,2019,Thailand,UM,7060,6793.31265361074,6803.4583711635,19230,Upper-middle
THA,2020,Thailand,UM,6900,6594.59889612635,6576.51114247225,18740,Upper-middle
THA,2021,Thailand,UM,7090,6491.545539969,6528.22265950805,19540,Upper-middle
THA,2022,Thailand,UM,7210,6162.09142234525,6301.07673887852,21530,Upper-middle
THA,2023,Thailand,UM,7190,5931.5575868136,6087.13418993216,22930,Upper-middle
TJK,1991,Tajikistan,LM,,,,,Lower-middle
TJK,1992,Tajikistan,L,340,538.47643229466,541.920069154448,1720,Low
TJK,1993,Tajikistan,L,290,448.654160686316,448.438133190875,1450,Low
TJK,1994,Tajikistan,L,210,318.09552505281,314.004301933442,990,Low
TJK,1995,Tajikistan,L,210,311.563019091842,302.771692313807,970,Low
TJK,1996,Tajikistan,L,170,247.683186143564,239.761220103017,780,Low
TJK,1997,Tajikistan,L,160,229.161745146007,222.687957348232,830,Low
TJK,1998,Tajikistan,L,170,240.778366395628,235.002413506998,880,Low
TJK,1999,Tajikistan,L,170,237.41862953537,233.591804148912,920,Low
TJK,2000,Tajikistan,L,170,232.159908550492,230.144816006464,990,Low
TJK,2001,Tajikistan,L,160,213.691668291796,213.121136826446,1090,Low
TJK,2002,Tajikistan,L,170,223.572998774167,224.180939631027,1210,Low
TJK,2003,Tajikistan,L,210,270.831658071843,272.753681623091,1330,Low
TJK,2004,Tajikistan,L,260,326.534433187056,328.926290946261,1510,Low
TJK,2005,Tajikistan,L,370,450.556439313092,456.452069791477,1920,Low
TJK,2006,Tajikistan,L,460,543.393805224786,552.846289160682,2210,Low
TJK,2007,Tajikistan,L,570,655.574828792998,665.802357668993,2500,Low
TJK,2008,Tajikistan,L,730,823.725208812064,831.484992329795,2730,Low
TJK,2009,Tajikistan,L,790,885.96407553008,895.390872177942,2600,Low
TJK,2010,Tajikistan,L,910,1008.2876109783,1014.11297818804,2830,Low
TJK,2011,Tajikistan,L,1000,1085.6108167958,1086.090746962,3130,Low
TJK,2012,Tajikistan,L,1130,1204.31344714311,1207.79344224854,3420,Low
TJK,2013,Tajikistan,L,1300,1365.34109597617,1369.31558624975,3840,Low
TJK,2014,Tajikistan,LM,1320,1364.03948230812,1369.245459341,3910,Lower-middle
TJK,2015,Tajikistan,LM,1230,1261.37616583233,1265.7498187976,3520,Lower-middle
TJK,2016,Tajikistan,LM,1090,1108.36741368538,1110.59902720871,3370,Lower-middle
TJK,2017,Tajikistan,L,1000,1000,1000,3460,Low
TJK,2018,Tajikistan,L,1000,976.724139045486,977.87106466791,3550,Low
TJK,2019,Tajikistan,L,1050,1010.33686774664,1011.84579174528,4010,Low
TJK,2020,Tajikistan,LM,1030,984.411139566688,981.711083586437,4270,Lower-middle
TJK,2021,Tajikistan,LM,1130,1034.61868267489,1040.4642602601,4800,Lower-middle
TJK,2022,Tajikistan,LM,1360,1162.33624610119,1188.55261648749,5990,Lower-middle
TJK,2023,Tajikistan,LM,1400,1154.96253428916,1185.25561417316,6190,Lower-middle
TKM,1991,Turkmenistan,LM,900,1457.86109805719,1472.74062746952,5120,Lower-middle
TKM,1992,Turkmenistan,LM,750,1187.81565947351,1195.41191725246,4350,Lower-middle
TKM,1993,Turkmenistan,LM,800,1237.66665016915,1237.07071225069,4440,Lower-middle
TKM,1994,Turkmenistan,LM,680,1030.02360493291,1016.7758348321,3740,Lower-middle
TKM,1995,Turkmenistan,LM,610,905.016388790587,879.479677673441,3420,Lower-middle
TKM,1996,Turkmenistan,LM,610,888.745550279848,860.319672134354,3650,Lower-middle
TKM,1997,Turkmenistan,L,550,787.7434989394,765.489853384548,3280,Low
TKM,1998,Turkmenistan,L,560,793.152265773834,774.125597434816,3450,Low
TKM,1999,Turkmenistan,L,620,865.879707717233,851.923050425445,3980,Low
TKM,2000,Turkmenistan,LM,590,805.731447322295,798.737890845964,4060,Lower-middle
TKM,2001,Turkmenistan,LM,630,841.410943898947,839.16447625413,4310,Lower-middle
TKM,2002,Turkmenistan,LM,720,946.897406572941,949.47221490788,4300,Lower-middle
TKM,2003,Turkmenistan,LM,940,1212.29408851206,1220.89743202717,4480,Lower-middle
TKM,2004,Turkmenistan,LM,1240,1557.31806596904,1568.72538758986,4720,Lower-middle
TKM,2005,Turkmenistan,LM,1500,1826.5801593774,1850.4813640195,5110,Lower-middle
TKM,2006,Turkmenistan,LM,1770,2090.8848592345,2127.25637350958,5790,Lower-middle
TKM,2007,Turkmenistan,LM,2160,2484.28356174189,2523.04051327197,6700,Lower-middle
TKM,2008,Turkmenistan,LM,2800,3159.49395160792,3189.25750482661,7490,Lower-middle
TKM,2009,Turkmenistan,LM,3260,3656.00365345324,3694.90410544315,7770,Lower-middle
TKM,2010,Turkmenistan,LM,3720,4121.7911130102,4145.60470204342,8220,Lower-middle
TKM,2011,Turkmenistan,UM,4300,4668.12651222193,4670.19021193661,9290,Upper-middle
TKM,2012,Turkmenistan,UM,5040,5371.45112708077,5386.97252117934,9990,Upper-middle
TKM,2013,Turkmenistan,UM,5880,6175.54280333838,6193.51972857577,10700,Upper-middle
TKM,2014,Turkmenistan,UM,6480,6696.19382223984,6721.75043676489,11350,Upper-middle
TKM,2015,Turkmenistan,UM,6300,6460.70719084854,6483.10882798771,11970,Upper-middle
TKM,2016,Turkmenistan,UM,6080,6182.45309652028,6194.90099580637,12580,Upper-middle
TKM,2017,Turkmenistan,UM,5650,5650,5650,12730,Upper-middle
TKM,2018,Turkmenistan,UM,5930,5791.97414453973,5798.7754134807,13760,Upper-middle
TKM,2019,Turkmenistan,UM,6230,5994.66541529673,6003.61836435533,15260,Upper-middle
TKM,2020,Turkmenistan,UM,6300,6021.1555138545,6004.64060834422,15010,Upper-middle
TKM,2021,Turkmenistan,UM,6260,5731.60438366797,5763.98784887453,16330,Upper-middle
TKM,2022,Turkmenistan,UM,6260,5350.1653680834,5470.83777883211,18100,Upper-middle
TKM,2023,Turkmenistan,UM,6270,5172.58220713787,5308.2519291898,19670,Upper-middle
TLS,2001,Timor-Leste,L,710,948.256778044845,945.725044667353,2150,Low
TLS,2002,Timor-Leste,L,790,1038.95687665642,1041.78201357948,2290,Low
TLS,2003,Timor-Leste,L,690,889.875447950343,896.190668190155,1830,Low
TLS,2004,Timor-Leste,L,820,1029.83936620533,1037.38291759975,2130,Low
TLS,2005,Timor-Leste,L,970,1181.18850306405,1196.64461539928,2620,Low
TLS,2006,Timor-Leste,L,1360,1606.55559805589,1634.50207230115,3950,Low
TLS,2007,Timor-Leste,LM,1900,2185.24942930999,2219.34119222998,5500,Lower-middle
TLS,2008,Timor-Leste,LM,3040,3430.3077188886,3462.62243381175,8430,Lower-middle
TLS,2009,Timor-Leste,LM,2370,2657.89222659024,2686.17261653383,6280,Lower-middle
TLS,2010,Timor-Leste,LM,2870,3179.98400385464,3198.35631582382,7370,Lower-middle
TLS,2011,Timor-Leste,LM,3740,4060.18445481629,4061.97939363789,9080,Lower-middle
TLS,2012,Timor-Leste,LM,3570,3804.77788168221,3815.77220250203,8880,Lower-middle
TLS,2013,Timor-Leste,LM,3190,3350.33699704922,3360.08978472053,7630,Lower-middle
TLS,2014,Timor-Leste,LM,2700,2790.0807592666,2800.72934865204,6590,Lower-middle
TLS,2015,Timor-Leste,LM,2180,2235.60978984918,2243.36146746242,5450,Lower-middle
TLS,2016,Timor-Leste,LM,1730,1759.1519501612,1762.69386887254,4590,Lower-middle
TLS,2017,Timor-Leste,LM,1780,1780,1780,4930,Lower-middle
TLS,2018,Timor-Leste,LM,1790,1748.33620889142,1750.38920575556,5120,Lower-middle
TLS,2019,Timor-Leste,LM,2180,2097.65178255969,2100.78459619496,6430,Lower-middle
TLS,2020,Timor-Leste,LM,2040,1949.70749972431,1944.35981603527,6720,Lower-middle
TLS,2021,Timor-Leste,LM,2050,1876.96309688807,1887.56790578159,6520,Lower-middle
TLS,2022,Timor-Leste,LM,1820,1555.47938816482,1590.56306029943,5460,Lower-middle
TLS,2023,Timor-Leste,LM,1900,1567.44915367814,1608.56119066357,5300,Lower-middle
TON,1987,Tonga,LM,830,1551.365344945,1587.33168235935,,Lower-middle
TON,1988,Tonga,LM,1020,1841.5369571174,1879.7790721927,,Lower-middle
TON,1989,Tonga,LM,1100,1911.04379754287,1944.46232323768,,Lower-middle
TON,1990,Tonga,LM,1170,1959.31217278751,1988.33925440189,2480,Lower-middle
TON,1991,Tonga,LM,1280,2073.40245057023,2094.56444795665,2700,Lower-middle
TON,1992,Tonga,LM,1380,2185.58081343127,2199.55792774452,2750,Lower-middle
TON,1993,Tonga,LM,1460,2258.7416365587,2257.65404985751,2900,Lower-middle
TON,1994,Tonga,LM,1740,2635.64863615185,2601.74993030567,3230,Lower-middle
TON,1995,Tonga,LM,1980,2937.59418000879,2854.70452753018,3410,Lower-middle
TON,1996,Tonga,LM,2240,3263.59021742108,3159.20666488681,3490,Lower-middle
TON,1997,Tonga,LM,2200,3150.9739957576,3061.95941353819,3510,Lower-middle
TON,1998,Tonga,LM,2130,3016.81129660405,2944.44200452885,3670,Lower-middle
TON,1999,Tonga,LM,2050,2862.98935616182,2816.84234414865,3750,Lower-middle
TON,2000,Tonga,LM,2010,2744.94950697934,2721.12400101761,3880,Lower-middle
TON,2001,Tonga,LM,1920,2564.30001950155,2557.45364191735,3970,Lower-middle
TON,2002,Tonga,LM,1890,2485.60569225397,2492.36456413319,4250,Lower-middle
TON,2003,Tonga,LM,1870,2411.69143140165,2428.80659350085,4250,Lower-middle
TON,2004,Tonga,LM,2050,2574.59841551333,2593.45729399937,4280,Lower-middle
TON,2005,Tonga,LM,2290,2788.57904331616,2825.06821573644,4300,Lower-middle
TON,2006,Tonga,LM,2560,3024.10465516403,3076.7097831551,4400,Lower-middle
TON,2007,Tonga,LM,2720,3128.35707774904,3177.16212782397,4380,Lower-middle
TON,2008,Tonga,LM,3130,3531.86288161885,3565.13428218117,4680,Lower-middle
TON,2009,Tonga,LM,3090,3465.35315618728,3502.2250569998,4520,Lower-middle
TON,2010,Tonga,LM,3270,3623.18734933961,3644.12026228011,4610,Lower-middle
TON,2011,Tonga,LM,3660,3973.33558947262,3975.09213388093,5000,Lower-middle
TON,2012,Tonga,UM,4130,4401.60578469119,4414.32470485529,5140,Upper-middle
TON,2013,Tonga,UM,4330,4547.63611198218,4560.87422189339,5250,Upper-middle
TON,2014,Tonga,UM,4360,4505.46374459347,4522.65924448996,5370,Upper-middle
TON,2015,Tonga,LM,4220,4327.64830879061,4342.65384985844,5530,Lower-middle
TON,2016,Tonga,UM,4280,4352.12158768204,4360.88425362686,6010,Upper-middle
TON,2017,Tonga,UM,4450,4450,4450,6480,Upper-middle
TON,2018,Tonga,UM,4650,4541.76724656151,4547.10045070578,6700,Upper-middle
TON,2019,Tonga,UM,4980,4791.88342988407,4799.04004084904,6890,Upper-middle
TON,2020,Tonga,UM,5210,4979.40003606062,4965.74247134499,7150,Upper-middle
TON,2021,Tonga,UM,5240,4797.70079399683,4824.80772014417,7280,Upper-middle
TON,2022,Tonga,UM,5390,4606.61203418043,4710.51367857909,7630,Upper-middle
TON,2023,Tonga,UM,5910,4875.5918411778,5003.4719141167,8400,Upper-middle
TTO,1987,Trinidad and Tobago,UM,4200,7850.28246839639,8032.28080230034,,Upper-middle
TTO,1988,Trinidad and Tobago,UM,3840,6932.8450150302,7076.8153306078,,Upper-middle
TTO,1989,Trinidad and Tobago,UM,3540,6150.08640300159,6257.63329478308,,Upper-middle
TTO,1990,Trinidad and Tobago,UM,3610,6045.39909723325,6134.96128922294,6340,Upper-middle
TTO,1991,Trinidad and Tobago,UM,3790,6139.21506848529,6201.87442012163,6670,Upper-middle
TTO,1992,Trinidad and Tobago,UM,4290,6794.3055721885,6837.75616668406,7460,Upper-middle
TTO,1993,Trinidad and Tobago,UM,3960,6126.44991833728,6123.50002564091,7640,Upper-middle
TTO,1994,Trinidad and Tobago,UM,3760,5695.42463904079,5622.17226318925,7910,Upper-middle
TTO,1995,Trinidad and Tobago,UM,3850,5711.98868335043,5550.81435908647,8430,Upper-middle
TTO,1996,Trinidad and Tobago,UM,4090,5958.96606663046,5768.37288365493,9000,Upper-middle
TTO,1997,Trinidad and Tobago,UM,4340,6216.01233708545,6040.4108430708,10050,Upper-middle
TTO,1998,Trinidad and Tobago,UM,4450,6302.7278262385,6151.53376533023,11070,Upper-middle
TTO,1999,Trinidad and Tobago,UM,4700,6563.92681656612,6458.12634999934,12060,Upper-middle
TTO,2000,Trinidad and Tobago,UM,5180,7074.04897818557,7012.6479230205,12880,Upper-middle
TTO,2001,Trinidad and Tobago,UM,5830,7786.39016338232,7765.60142311362,13890,Upper-middle
TTO,2002,Trinidad and Tobago,UM,6480,8522.07665915647,8545.24993417092,15280,Upper-middle
TTO,2003,Trinidad and Tobago,UM,7740,9982.0811117908,10052.9214083939,17610,Upper-middle
TTO,2004,Trinidad and Tobago,UM,9300,11679.8854947678,11765.440406924,20060,Upper-middle
TTO,2005,Trinidad and Tobago,UM,11200,13638.4651900179,13816.9275180123,22370,Upper-middle
TTO,2006,Trinidad and Tobago,H,13320,15734.7945339003,16008.5055904789,25970,High
TTO,2007,Trinidad and Tobago,H,15060,17320.9770554782,17591.1991342018,28040,High
TTO,2008,Trinidad and Tobago,H,17420,19656.5659417893,19841.7377621713,29450,High
TTO,2009,Trinidad and Tobago,H,16330,18313.6624726661,18508.5227122352,28030,High
TTO,2010,Trinidad and Tobago,H,16590,18381.858753989,18488.0596792743,29280,High
TTO,2011,Trinidad and Tobago,H,15060,16349.2989009447,16356.5266492478,27630,High
TTO,2012,Trinidad and Tobago,H,17960,19141.1234607878,19196.4338254724,29190,High
TTO,2013,Trinidad and Tobago,H,20110,21120.7764923699,21182.2587996018,30000,High
TTO,2014,Trinidad and Tobago,H,20620,21307.9500948434,21389.2737663722,30150,High
TTO,2015,Trinidad and Tobago,H,20650,21176.7624588924,21250.1900472931,29560,High
TTO,2016,Trinidad and Tobago,H,17870,18171.1244794108,18207.7106570822,27720,High
TTO,2017,Trinidad and Tobago,H,16930,16930,16930,28540,High
TTO,2018,Trinidad and Tobago,H,16800,16408.9655359642,16428.2338864209,27830,High
TTO,2019,Trinidad and Tobago,H,17240,16588.7691428115,16613.5442377987,28560,High
TTO,2020,Trinidad and Tobago,H,15040,14374.3141156145,14334.8880554757,25380,High
TTO,2021,Trinidad and Tobago,H,16310,14933.3015171924,15017.6744113648,29990,High
TTO,2022,Trinidad and Tobago,H,17460,14922.3462183284,15258.9181499055,30980,High
TTO,2023,Trinidad and Tobago,H,19920,16433.4669164571,16864.4941673781,35320,High
TUN,1987,Tunisia,LM,1260,2355.08474051892,2409.6842406901,,Lower-middle
TUN,1988,Tunisia,LM,1320,2383.16547391663,2432.65526989643,,Lower-middle
TUN,1989,Tunisia,LM,1280,2223.76005532261,2262.64706704021,,Lower-middle
TUN,1990,Tunisia,LM,1400,2344.47610419018,2379.20936424158,3670,Lower-middle
TUN,1991,Tunisia,LM,1450,2348.77621353659,2372.74878870089,3830,Lower-middle
TUN,1992,Tunisia,LM,1660,2629.03199296804,2645.84504351878,4120,Lower-middle
TUN,1993,Tunisia,LM,1640,2537.21663284675,2535.99496011391,4160,Lower-middle
TUN,1994,Tunisia,LM,1700,2575.05901233227,2541.93958708025,4330,Lower-middle
TUN,1995,Tunisia,LM,1780,2640.86749515942,2566.35053485037,4490,Lower-middle
TUN,1996,Tunisia,LM,1960,2855.64144024345,2764.30583177596,4810,Lower-middle
TUN,1997,Tunisia,LM,2110,3022.07051411297,2936.69743752981,5110,Lower-middle
TUN,1998,Tunisia,LM,2140,3030.97472992144,2958.26567591162,5370,Lower-middle
TUN,1999,Tunisia,LM,2250,3142.30539090931,3091.65623138266,5710,Lower-middle
TUN,2000,Tunisia,LM,2260,3086.36113720066,3059.57225985064,6020,Lower-middle
TUN,2001,Tunisia,LM,2220,2964.97189754867,2957.05577346694,6330,Lower-middle
TUN,2002,Tunisia,LM,2150,2827.54086684976,2835.2295306277,6450,Lower-middle
TUN,2003,Tunisia,LM,2420,3121.01244063743,3143.16147394228,6840,Lower-middle
TUN,2004,Tunisia,LM,2860,3591.87876505762,3618.18920040888,7370,Lower-middle
TUN,2005,Tunisia,LM,3120,3799.28673150499,3849.00123716057,7720,Lower-middle
TUN,2006,Tunisia,LM,3290,3886.44699823815,3954.05280725792,8350,Lower-middle
TUN,2007,Tunisia,LM,3490,4013.95816225888,4076.57934783296,9010,Lower-middle
TUN,2008,Tunisia,LM,3820,4310.4524625508,4351.05845301344,9450,Lower-middle
TUN,2009,Tunisia,LM,4020,4508.32352358345,4556.29279260168,9760,Lower-middle
TUN,2010,Tunisia,UM,4140,4587.15462576942,4613.65684582252,10080,Upper-middle
TUN,2011,Tunisia,UM,4060,4407.57991619094,4409.52843266573,9970,Upper-middle
TUN,2012,Tunisia,UM,4250,4529.49747819311,4542.58595535956,10190,Upper-middle
TUN,2013,Tunisia,UM,4300,4516.12824053657,4529.27463144147,10220,Upper-middle
TUN,2014,Tunisia,UM,4310,4453.79558238483,4470.79388618158,10580,Upper-middle
TUN,2015,Tunisia,LM,4130,4235.35249177849,4250.03800945861,10500,Lower-middle
TUN,2016,Tunisia,LM,3930,3996.22379429683,4004.26988709195,10760,Lower-middle
TUN,2017,Tunisia,LM,3700,3700,3700,11020,Lower-middle
TUN,2018,Tunisia,LM,3700,3613.8793144683,3618.12293927127,11550,Lower-middle
TUN,2019,Tunisia,LM,3590,3454.38986210518,3459.54894511005,12170,Lower-middle
TUN,2020,Tunisia,LM,3270,3125.26643338162,3116.69441099772,11530,Lower-middle
TUN,2021,Tunisia,LM,3640,3332.75398666956,3351.58398880244,12120,Lower-middle
TUN,2022,Tunisia,LM,3890,3324.62352745118,3399.61005745318,13260,Lower-middle
TUN,2023,Tunisia,LM,3850,3176.14696929518,3259.45293897619,13670,Lower-middle
TUR,1987,Türkiye,LM,1680,3140.11298735856,3212.91232092014,,Lower-middle
TUR,1988,Türkiye,LM,1800,3249.77110079541,3317.25718622241,,Lower-middle
TUR,1989,Türkiye,LM,1850,3214.02820495846,3270.23208908155,,Lower-middle
TUR,1990,Türkiye,LM,2220,3717.66925093015,3772.74627758308,8100,Lower-middle
TUR,1991,Türkiye,LM,2490,4033.4157046249,4074.58240266566,8300,Lower-middle
TUR,1992,Türkiye,LM,2830,4482.02442174673,4510.68763443261,8860,Lower-middle
TUR,1993,Türkiye,LM,3030,4687.66243751565,4685.40532264948,9640,Lower-middle
TUR,1994,Türkiye,LM,2570,3892.8833304082,3842.81455223308,9080,Lower-middle
TUR,1995,Türkiye,LM,3030,4495.409275468,4368.56298909922,9820,Lower-middle
TUR,1996,Türkiye,LM,3410,4968.2333220562,4809.32800324286,10500,Lower-middle
TUR,1997,Türkiye,UM,4250,6087.10885544082,5915.14886706242,11380,Upper-middle
TUR,1998,Türkiye,UM,4150,5877.8248267168,5736.8236238473,8670,Upper-middle
TUR,1999,Türkiye,LM,3930,5488.56008278827,5400.09288414839,8350,Lower-middle
TUR,2000,Türkiye,UM,4180,5708.40245730033,5658.85488768836,9190,Upper-middle
TUR,2001,Türkiye,LM,3480,4647.79378534656,4635.3847259752,8790,Lower-middle
TUR,2002,Türkiye,LM,3500,4602.97350417402,4615.48993357997,8980,Lower-middle
TUR,2003,Türkiye,LM,3860,4978.14381027293,5013.47243364348,9310,Lower-middle
TUR,2004,Türkiye,UM,5170,6493.01161375801,6540.57278535451,10610,Upper-middle
TUR,2005,Türkiye,UM,6710,8170.90191294823,8277.81996838058,11680,Upper-middle
TUR,2006,Türkiye,UM,7780,9190.44305358443,9350.31332536979,13410,Upper-middle
TUR,2007,Türkiye,UM,8930,10270.672317757,10430.9036034809,14810,Upper-middle
TUR,2008,Türkiye,UM,9830,11092.0805515378,11196.5718830163,15980,Upper-middle
TUR,2009,Türkiye,UM,9610,10777.3604630938,10892.0332678861,15370,Upper-middle
TUR,2010,Türkiye,UM,10460,11589.7674844319,11656.7271998318,17320,Upper-middle
TUR,2011,Türkiye,UM,11260,12223.9777971207,12229.3818107922,19550,Upper-middle
TUR,2012,Türkiye,UM,11950,12735.8811445665,12772.6828627169,20580,Upper-middle
TUR,2013,Türkiye,UM,12640,13275.3165024145,13313.9607770745,22270,Upper-middle
TUR,2014,Türkiye,UM,12670,13092.7123036696,13142.6817953412,23980,Upper-middle
TUR,2015,Türkiye,UM,12080,12388.1496611826,12431.1039114431,25610,Upper-middle
TUR,2016,Türkiye,UM,11350,11541.2570140634,11564.494457632,26450,Upper-middle
TUR,2017,Türkiye,UM,11140,11140,11140,28000,Upper-middle
TUR,2018,Türkiye,UM,10760,10509.5517361294,10521.8926558267,28240,Upper-middle
TUR,2019,Türkiye,UM,9970,9593.38911565143,9607.71670828613,28570,Upper-middle
TUR,2020,Türkiye,UM,9330,8917.04459432737,8892.58680569073,28870,Upper-middle
TUR,2021,Türkiye,UM,10240,9375.65956689457,9428.63188058708,31700,Upper-middle
TUR,2022,Türkiye,UM,10870,9290.14337876462,9499.68157442573,39540,Upper-middle
TUR,2023,Türkiye,UM,11980,9883.17940056007,10142.4016127103,42760,Upper-middle
TUV,2009,Tuvalu,LM,4870,5461.57600991328,5519.68803481845,5310,Lower-middle
TUV,2010,Tuvalu,LM,4480,4963.87746943164,4992.55620031036,4700,Lower-middle
TUV,2011,Tuvalu,UM,4720,5124.08305527617,5126.34832566065,4720,Upper-middle
TUV,2012,Tuvalu,UM,4440,4731.99265957116,4745.66626865799,4120,Upper-middle
TUV,2013,Tuvalu,UM,5610,5891.97196032795,5909.12341450852,5020,Upper-middle
TUV,2014,Tuvalu,UM,4750,4908.47540982087,4927.20903929525,4510,Upper-middle
TUV,2015,Tuvalu,UM,5650,5794.12629020544,5814.21664732231,5840,Upper-middle
TUV,2016,Tuvalu,UM,5450,5541.8370684269,5552.99513604354,5860,Upper-middle
TUV,2017,Tuvalu,UM,5330,5330,5330,5860,Upper-middle
TUV,2018,Tuvalu,UM,6230,6084.99138625338,6092.13673288108,6420,Upper-middle
TUV,2019,Tuvalu,UM,6880,6620.11204771132,6629.9990925786,6950,Upper-middle
TUV,2020,Tuvalu,UM,6880,6575.48411671729,6557.44879133465,6970,Upper-middle
TUV,2021,Tuvalu,UM,7510,6876.09407689241,6914.94388898525,7220,Upper-middle
TUV,2022,Tuvalu,UM,8100,6922.73793633794,7078.87955407989,7630,Upper-middle
TUV,2023,Tuvalu,UM,8770,7235.01530408279,7424.77981164187,8320,Upper-middle
TWN,1987,"Taiwan, China",H,,,,,High
TWN,1988,"Taiwan, China",H,,,,,High
TWN,1989,"Taiwan, China",H,,,,,High
TWN,1990,"Taiwan, China",H,,,,,High
TWN,1991,"Taiwan, China",H,,,,,High
TWN,1992,"Taiwan, China",H,,,,,High
TWN,1993,"Taiwan, China",H,,,,,High
TWN,1994,"Taiwan, China",H,,,,,High
TWN,1995,"Taiwan, China",H,,,,,High
TWN,1996,"Taiwan, China",H,,,,,High
TWN,1997,"Taiwan, China",H,,,,,High
TWN,1998,"Taiwan, China",H,,,,,High
TWN,1999,"Taiwan, China",H,,,,,High
TWN,2000,"Taiwan, China",H,,,,,High
TWN,2001,"Taiwan, China",H,,,,,High
TWN,2002,"Taiwan, China",H,,,,,High
TWN,2003,"Taiwan, China",H,,,,,High
TWN,2004,"Taiwan, China",H,,,,,High
TWN,2005,"Taiwan, China",H,,,,,High
TWN,2006,"Taiwan, China",H,,,,,High
TWN,2007,"Taiwan, China",H,,,,,High
TWN,2008,"Taiwan, China",H,,,,,High
TWN,2009,"Taiwan, China",H,,,,,High
TWN,2010,"Taiwan, China",H,,,,,High
TWN,2011,"Taiwan, China",H,,,,,High
TWN,2012,"Taiwan, China",H,,,,,High
TWN,2013,"Taiwan, China",H,,,,,High
TWN,2014,"Taiwan, China",H,,,,,High
TWN,2015,"Taiwan, China",H,,,,,High
TWN,2016,"Taiwan, China",H,,,,,High
TWN,2017,"Taiwan, China",H,,,,,High
TWN,2018,"Taiwan, China",H,,,,,High
TWN,2019,"Taiwan, China",H,,,,,High
TWN,2020,"Taiwan, China",H,,,,,High
TWN,2021,"Taiwan, China",H,,,,,High
TWN,2022,"Taiwan, China",H,,,,,High
TWN,2023,"Taiwan, China",H,,,,,High
TZA,1987,Tanzania,L,500,934.557436713856,956.223905035755,,Low
TZA,1988,Tanzania,L,400,722.171355732313,737.168263604979,,Low
TZA,1989,Tanzania,L,320,555.940013830653,565.661766760053,,Low
TZA,1990,Tanzania,L,280,468.895220838036,475.841872848316,900,Low
TZA,1991,Tanzania,L,270,437.358329417158,441.822188240855,930,Low
TZA,1992,Tanzania,L,260,411.776095284151,414.409464647519,930,Low
TZA,1993,Tanzania,L,250,386.770828177859,386.58459757834,930,Low
TZA,1994,Tanzania,L,230,348.390336962601,343.909473546151,940,Low
TZA,1995,Tanzania,L,240,356.072021819247,346.02479121578,960,Low
TZA,1996,Tanzania,L,280,407.948777177635,394.900833110851,1020,Low
TZA,1997,Tanzania,L,310,444.000881220389,431.4579173622,1050,Low
TZA,1998,Tanzania,L,350,495.720166108646,483.82849839676,1070,Low
TZA,1999,Tanzania,L,380,530.700466020239,522.146385744628,1110,Low
TZA,2000,Tanzania,L,400,546.258608354098,541.517214132857,1150,Low
TZA,2001,Tanzania,L,400,534.22917072949,532.802842066115,1200,Low
TZA,2002,Tanzania,L,410,539.205467631814,540.671677933654,1290,Low
TZA,2003,Tanzania,L,430,554.560061766156,558.495633799662,1360,Low
TZA,2004,Tanzania,L,460,577.714766407869,581.946514751078,1460,Low
TZA,2005,Tanzania,L,490,596.682852063284,604.490578913038,1570,Low
TZA,2006,Tanzania,L,510,602.458349270959,612.93827711293,1710,Low
TZA,2007,Tanzania,L,530,609.569577649629,619.079385200994,1800,Low
TZA,2008,Tanzania,L,590,665.750511231668,672.022117088464,1890,Low
TZA,2009,Tanzania,L,660,740.172518797282,748.048070427142,1950,Low
TZA,2010,Tanzania,L,720,797.766021872942,802.375103621308,2030,Low
TZA,2011,Tanzania,L,760,825.064220764807,825.428967691122,2170,Low
TZA,2012,Tanzania,L,810,863.268931137981,865.763440903822,2050,Low
TZA,2013,Tanzania,L,880,924.230895737717,926.921319922905,2140,Low
TZA,2014,Tanzania,L,970,1002.36234684763,1006.1879511824,2200,Low
TZA,2015,Tanzania,L,970,994.743805575092,998.192946531442,2280,Low
TZA,2016,Tanzania,L,960,976.176804713729,978.142262495743,2390,Low
TZA,2017,Tanzania,L,960,960,960,2430,Low
TZA,2018,Tanzania,L,1010,986.491380435941,987.649775314589,2700,Low
TZA,2019,Tanzania,LM,1050,1010.33686774664,1011.84579174528,2930,Lower-middle
TZA,2020,Tanzania,LM,1060,1013.08330868028,1010.30461029284,3230,Lower-middle
TZA,2021,Tanzania,LM,1130,1034.61868267489,1040.4642602601,3430,Lower-middle
TZA,2022,Tanzania,LM,1210,1034.13739542826,1057.4622543749,3730,Lower-middle
TZA,2023,Tanzania,LM,1220,1006.46735130912,1032.86560663661,3940,Lower-middle
UGA,1987,Uganda,L,310,579.425610762591,592.858821122168,,Low
UGA,1988,Uganda,L,390,704.117071839005,718.739057014855,,Low
UGA,1989,Uganda,L,400,694.925017288316,707.077208450066,,Low
UGA,1990,Uganda,L,320,535.880252386327,543.819283255219,660,Low
UGA,1991,Uganda,L,240,388.762959481918,392.730833991871,700,Low
UGA,1992,Uganda,L,190,300.913300399957,302.837685703956,710,Low
UGA,1993,Uganda,L,180,278.474996288058,278.340910256405,760,Low
UGA,1994,Uganda,L,180,272.653307188123,269.146544514379,800,Low
UGA,1995,Uganda,L,230,341.235687576779,331.607091581789,890,Low
UGA,1996,Uganda,L,270,393.37917799272,380.797231928321,960,Low
UGA,1997,Uganda,L,300,429.678272148764,417.539920027935,1010,Low
UGA,1998,Uganda,L,290,410.739566204307,400.886470100173,1040,Low
UGA,1999,Uganda,L,280,391.042448646492,384.73944212762,1100,Low
UGA,2000,Uganda,L,270,368.724560639016,365.524119539679,1110,Low
UGA,2001,Uganda,L,240,320.537502437694,319.681705239669,1150,Low
UGA,2002,Uganda,L,250,328.783821726716,329.677852398569,1240,Low
UGA,2003,Uganda,L,250,322.418640561718,324.706763837013,1300,Low
UGA,2004,Uganda,L,280,351.652466509138,354.228313326743,1380,Low
UGA,2005,Uganda,L,310,377.493232937996,382.432815230697,1470,Low
UGA,2006,Uganda,L,350,413.451808323207,420.643915665736,1630,Low
UGA,2007,Uganda,L,380,437.049885861998,443.868238445995,1770,Low
UGA,2008,Uganda,L,430,485.207999711216,489.778831098372,1910,Low
UGA,2009,Uganda,L,550,616.810432331068,623.373392022618,1980,Low
UGA,2010,Uganda,L,680,753.445687324445,757.798708975679,2060,Low
UGA,2011,Uganda,L,860,933.625302444386,934.038042387323,2230,Low
UGA,2012,Uganda,L,830,884.584213388302,887.140315987867,1990,Low
UGA,2013,Uganda,L,810,850.712529031308,853.188942201765,2000,Low
UGA,2014,Uganda,L,830,857.691492663436,860.96494791896,2090,Low
UGA,2015,Uganda,L,850,871.682716225597,874.705159331676,2150,Low
UGA,2016,Uganda,L,810,823.649178977209,825.307533980783,2130,Low
UGA,2017,Uganda,L,760,760,760,2110,Low
UGA,2018,Uganda,L,770,752.077587065025,752.96071979429,2250,Low
UGA,2019,Uganda,L,810,779.402726547408,780.566753632073,2380,Low
UGA,2020,Uganda,L,820,783.705955771538,781.556396641629,2480,Low
UGA,2021,Uganda,L,860,787.408908938411,791.857755596181,2630,Low
UGA,2022,Uganda,L,930,794.832874172134,812.760245098061,2860,Low
UGA,2023,Uganda,L,970,800.22404161463,821.212818391404,3020,Low
UKR,1991,Ukraine,LM,1510,2445.96695340707,2470.93149719886,7300,Lower-middle
UKR,1992,Ukraine,LM,1410,2233.09343981021,2247.37440443462,6560,Lower-middle
UKR,1993,Ukraine,LM,1220,1887.44164150795,1886.5328361823,5630,Lower-middle
UKR,1994,Ukraine,LM,1000,1514.74059548957,1495.25858063544,4520,Lower-middle
UKR,1995,Ukraine,LM,920,1364.94275030712,1326.42836632716,4080,Lower-middle
UKR,1996,Ukraine,LM,860,1252.98552990274,1212.90970169761,3760,Lower-middle
UKR,1997,Ukraine,LM,880,1260.38959830304,1224.78376541528,3750,Lower-middle
UKR,1998,Ukraine,LM,840,1189.72839866075,1161.18839615222,3720,Lower-middle
UKR,1999,Ukraine,L,760,1061.40093204048,1044.29277148926,3760,Low
UKR,2000,Ukraine,L,680,928.639634201967,920.579264025857,3960,Low
UKR,2001,Ukraine,L,710,948.256778044845,945.725044667353,4510,Low
UKR,2002,Ukraine,LM,780,1025.80552378735,1028.59489948354,4870,Lower-middle
UKR,2003,Ukraine,LM,970,1250.98432537947,1259.86224368761,5490,Lower-middle
UKR,2004,Ukraine,LM,1250,1569.87708263008,1581.3763987801,6370,Lower-middle
UKR,2005,Ukraine,LM,1530,1863.11176256495,1887.49099129989,6820,Lower-middle
UKR,2006,Ukraine,LM,1930,2279.89140018226,2319.55073495677,7550,Lower-middle
UKR,2007,Ukraine,LM,2560,2944.33607317557,2990.27023795197,8500,Lower-middle
UKR,2008,Ukraine,LM,3170,3576.99850949896,3610.6951036787,8840,Lower-middle
UKR,2009,Ukraine,LM,2810,3151.34057245509,3184.87133015192,7550,Lower-middle
UKR,2010,Ukraine,LM,2990,3312.94500750014,3332.08549976071,8140,Lower-middle
UKR,2011,Ukraine,LM,3100,3365.39353206698,3366.88131558221,8680,Lower-middle
UKR,2012,Ukraine,LM,3600,3836.75080505769,3847.8375151281,9450,Lower-middle
UKR,2013,Ukraine,LM,3900,4096.02328792852,4107.94675874924,10740,Lower-middle
UKR,2014,Ukraine,LM,3500,3616.77135460485,3630.57508158597,10370,Lower-middle
UKR,2015,Ukraine,LM,2760,2830.40505503841,2840.21910559462,10340,Lower-middle
UKR,2016,Ukraine,LM,2330,2369.26245310728,2374.03278293238,10980,Lower-middle
UKR,2017,Ukraine,LM,2330,2330,2330,11700,Lower-middle
UKR,2018,Ukraine,LM,2720,2656.68965820372,2659.80929589671,12680,Lower-middle
UKR,2019,Ukraine,LM,3270,3146.47767383954,3151.17689429244,14390,Lower-middle
UKR,2020,Ukraine,LM,3530,3373.75856569942,3364.50497578653,15880,Lower-middle
UKR,2021,Ukraine,LM,4060,3717.30252359297,3738.30521827964,17330,Lower-middle
UKR,2022,Ukraine,LM,3930,3358.80988763063,3434.56748734987,15540,Lower-middle
UKR,2023,Ukraine,UM,4980,4108.36672911429,4216.12354184453,18160,Upper-middle
URY,1987,Uruguay,UM,2210,4130.74387027524,4226.50966025804,,Upper-middle
URY,1988,Uruguay,UM,2600,4694.11381226003,4791.59371343237,,Upper-middle
URY,1989,Uruguay,UM,2730,4742.86324299275,4825.8019476717,,Upper-middle
URY,1990,Uruguay,UM,2850,4772.68349781573,4843.39049149179,6460,Upper-middle
URY,1991,Uruguay,UM,3190,5167.30766978049,5220.04733514195,6960,Upper-middle
URY,1992,Uruguay,UM,3850,6097.4537186307,6136.44784189595,7680,Upper-middle
URY,1993,Uruguay,UM,4380,6776.22490967609,6772.96214957252,8040,Upper-middle
URY,1994,Uruguay,UM,5080,7694.88222508702,7595.91358962803,8740,Upper-middle
URY,1995,Uruguay,UM,5590,8293.51084153997,8059.49409540087,8770,Upper-middle
URY,1996,Uruguay,UM,6240,9091.4298913873,8800.64713789896,9400,Upper-middle
URY,1997,Uruguay,UM,7080,10140.4072227108,9853.94211265927,10380,Upper-middle
URY,1998,Uruguay,UM,7360,10424.286921599,10174.2221377147,10910,Upper-middle
URY,1999,Uruguay,UM,7400,10334.6932856573,10168.1138276585,10920,Upper-middle
URY,2000,Uruguay,UM,7180,9805.34201995606,9720.23399368479,10900,Upper-middle
URY,2001,Uruguay,UM,6610,8828.13704630482,8804.56696514254,10680,Upper-middle
URY,2002,Uruguay,UM,5210,6851.85484478476,6870.48644398619,10090,Upper-middle
URY,2003,Uruguay,UM,4300,5545.60061766156,5584.95633799662,9880,Upper-middle
URY,2004,Uruguay,UM,4180,5249.66896431498,5288.12267752066,10620,Upper-middle
URY,2005,Uruguay,UM,4770,5808.52490682013,5884.53073758202,11940,Upper-middle
URY,2006,Uruguay,UM,5470,6461.66111865127,6574.06348197593,12890,Upper-middle
URY,2007,Uruguay,UM,6510,7487.35462358318,7604.16376916692,14080,Upper-middle
URY,2008,Uruguay,UM,7930,8948.13822723242,9032.43286188393,15240,Upper-middle
URY,2009,Uruguay,UM,9140,10250.267911829,10359.3323692486,15900,Upper-middle
URY,2010,Uruguay,UM,10930,12110.5314153767,12180.4998369179,17230,Upper-middle
URY,2011,Uruguay,UM,12730,13819.8256978105,13825.9352088263,18520,Upper-middle
URY,2012,Uruguay,H,14230,15165.8233211031,15209.646622298,18110,High
URY,2013,Uruguay,H,16480,17308.3240474518,17358.7083549199,19630,High
URY,2014,Uruguay,H,17140,17711.846005122,17779.4448281096,20540,High
URY,2015,Uruguay,H,17070,17505.4399599658,17566.1377291667,21230,High
URY,2016,Uruguay,H,16490,16767.8703226348,16801.6311547446,21780,High
URY,2017,Uruguay,H,16720,16720,16720,22310,High
URY,2018,Uruguay,H,17700,17288.0172611051,17308.317844622,23020,High
URY,2019,Uruguay,H,18390,17695.3285693912,17721.7562954245,24520,High
URY,2020,Uruguay,H,16130,15416.0695934084,15373.786192475,24340,High
URY,2021,Uruguay,H,16220,14850.8982592803,14934.8055764768,26480,High
URY,2022,Uruguay,H,17970,15358.2223106164,15704.6253810883,29930,High
URY,2023,Uruguay,H,19880,16400.467986906,16830.6297212589,32100,High
USA,1987,United States,H,21390,39980.3671426188,40907.2586574296,,High
USA,1988,United States,H,23490,42409.5128653801,43290.2062802024,,High
USA,1989,United States,H,23770,41295.9191523582,42018.0631121452,,High
USA,1990,United States,H,24060,40291.496476297,40888.4123597518,24030,High
USA,1991,United States,H,24270,39313.6542776089,39714.905587428,24470,High
USA,1992,United States,H,25680,40670.8081803731,40930.9040467242,25540,High
USA,1993,United States,H,26390,40827.5286224548,40807.8701203696,26510,High
USA,1994,United States,H,27660,41897.7248712415,41358.8523403763,27780,High
USA,1995,United States,H,29040,43084.7146401289,41868.9997371094,28800,High
USA,1996,United States,H,30270,44102.1767327393,42691.6007795195,30080,High
USA,1997,United States,H,31280,44801.1211760444,43535.4956615794,31540,High
USA,1998,United States,H,32040,45379.6403489172,44291.0431103777,32920,High
USA,1999,United States,H,33680,47036.8202514781,46278.6586102081,34630,High
USA,2000,United States,H,35960,49108.6488910334,48682.3975505439,36470,High
USA,2001,United States,H,36710,49028.882143699,48897.9808306177,37310,High
USA,2002,United States,H,37320,49080.8489073641,49214.3098060584,38160,High
USA,2003,United States,H,39770,51290.3573405582,51654.351991192,39690,High
USA,2004,United States,H,43520,54656.8405088488,55057.2006999281,41990,High
USA,2005,United States,H,46190,56246.4917077614,56982.4894693739,44380,High
USA,2006,United States,H,47850,56524.768652187,57508.0324703014,46460,High
USA,2007,United States,H,48530,55815.8709496915,56686.6463468004,48370,High
USA,2008,United States,H,49110,55415.2671298089,55937.2985935839,49050,High
USA,2009,United States,H,47910,53729.7960236027,54301.4894760066,47680,High
USA,2010,United States,H,49180,54491.8513273768,54806.6772167999,49310,High
USA,2011,United States,H,50620,54953.6195462033,54977.9136112166,50790,High
USA,2012,United States,H,52610,56069.8499594682,56231.8699085803,52450,High
USA,2013,United States,H,53830,56535.6239972288,56700.1984675568,54020,High
USA,2014,United States,H,55600,57454.9963760085,57674.2784389086,55890,High
USA,2015,United States,H,56400,57838.7119942631,58039.25998389,57530,High
USA,2016,United States,H,56900,57858.8126960533,57975.3070166748,58690,High
USA,2017,United States,H,58920,58920,58920,60940,High
USA,2018,United States,H,63020,61553.1552426466,61625.4344953717,63760,High
USA,2019,United States,H,65880,63391.4217591892,63486.0959620753,66080,High
USA,2020,United States,H,64920,62046.5739618149,61876.3917926519,65040,High
USA,2021,United States,H,71730,65675.396555991,66046.461405714,71770,High
USA,2022,United States,H,77330,66090.7808169152,67581.4513477775,78310,High
USA,2023,United States,H,80000,65997.8591022375,67728.8922384663,82600,High
UZB,1991,Uzbekistan,LM,650,1052.89968193019,1063.64600872798,2680,Lower-middle
UZB,1992,Uzbekistan,LM,600,950.252527578811,956.329533801967,2360,Lower-middle
UZB,1993,Uzbekistan,LM,590,912.779154499747,912.339650284883,2310,Lower-middle
UZB,1994,Uzbekistan,LM,570,863.402139429055,852.297390962201,2190,Lower-middle
UZB,1995,Uzbekistan,LM,580,860.507386063181,836.226578771468,2170,Lower-middle
UZB,1996,Uzbekistan,LM,590,859.606351910017,832.112469769293,2200,Lower-middle
UZB,1997,Uzbekistan,LM,610,873.679153369153,848.997837390135,2300,Lower-middle
UZB,1998,Uzbekistan,LM,610,863.969432360783,843.243954348639,2400,Lower-middle
UZB,1999,Uzbekistan,L,650,907.777112929357,893.145133510547,2500,Low
UZB,2000,Uzbekistan,L,620,846.700842948852,839.351681905929,2600,Low
UZB,2001,Uzbekistan,L,550,734.565109753049,732.603907840907,2740,Low
UZB,2002,Uzbekistan,L,450,591.810879108088,593.420134317425,2860,Low
UZB,2003,Uzbekistan,L,420,541.663316143687,545.507363246181,3010,Low
UZB,2004,Uzbekistan,L,460,577.714766407869,581.946514751078,3310,Low
UZB,2005,Uzbekistan,L,520,633.214455250832,641.500206193428,3610,Low
UZB,2006,Uzbekistan,L,600,708.774528554069,721.103855426976,3940,Low
UZB,2007,Uzbekistan,L,760,874.099771723997,887.736476891991,4560,Low
UZB,2008,Uzbekistan,L,970,1094.53897609274,1104.84992131493,5060,Low
UZB,2009,Uzbekistan,LM,1150,1289.6945403286,1303.41709241093,5260,Lower-middle
UZB,2010,Uzbekistan,LM,1420,1573.37187647164,1582.4620099198,5600,Lower-middle
UZB,2011,Uzbekistan,LM,1760,1910.67503756061,1911.51971465313,6060,Lower-middle
UZB,2012,Uzbekistan,LM,2200,2344.68104753526,2351.45625924495,6240,Lower-middle
UZB,2013,Uzbekistan,LM,2470,2594.14808235473,2601.69961387452,6520,Lower-middle
UZB,2014,Uzbekistan,LM,2650,2738.41259705796,2748.86399034367,6700,Lower-middle
UZB,2015,Uzbekistan,LM,2790,2861.17032737578,2871.09105239456,6910,Lower-middle
UZB,2016,Uzbekistan,LM,2840,2887.85638061145,2893.67085988324,6990,Lower-middle
UZB,2017,Uzbekistan,LM,2630,2630,2630,7950,Lower-middle
UZB,2018,Uzbekistan,LM,2340,2285.53448536644,2288.21829132291,8340,Lower-middle
UZB,2019,Uzbekistan,LM,2150,2068.78501490979,2071.87471643081,8640,Lower-middle
UZB,2020,Uzbekistan,LM,2000,1911.47794090619,1906.23511376007,8470,Lower-middle
UZB,2021,Uzbekistan,LM,2250,2060.08144780398,2071.72087219931,9290,Lower-middle
UZB,2022,Uzbekistan,LM,2500,2136.64751121541,2184.83936854318,10410,Lower-middle
UZB,2023,Uzbekistan,LM,2750,2268.67640663941,2328.18067069728,11210,Lower-middle
VCT,1987,St. Vincent and the Grenadines,LM,1600,2990.58379748434,3059.91649611441,,Lower-middle
VCT,1988,St. Vincent and the Grenadines,LM,1880,3394.20537194187,3464.6908389434,,Lower-middle
VCT,1989,St. Vincent and the Grenadines,LM,1960,3405.13258471275,3464.67832140532,,Lower-middle
VCT,1990,St. Vincent and the Grenadines,LM,2030,3399.49035107576,3449.85357815029,3770,Lower-middle
VCT,1991,St. Vincent and the Grenadines,LM,2140,3466.4697220471,3501.84993642752,3930,Lower-middle
VCT,1992,St. Vincent and the Grenadines,LM,2440,3864.3602788205,3889.07343746133,4340,Lower-middle
VCT,1993,St. Vincent and the Grenadines,LM,2570,3976.00411366839,3974.08966310534,4630,Lower-middle
VCT,1994,St. Vincent and the Grenadines,LM,2530,3832.29370658861,3783.00420900766,4610,Lower-middle
VCT,1995,St. Vincent and the Grenadines,LM,2760,4094.82825092135,3979.28509898147,5080,Lower-middle
VCT,1996,St. Vincent and the Grenadines,LM,2860,4166.90536688585,4033.62993820369,5280,Lower-middle
VCT,1997,St. Vincent and the Grenadines,LM,2930,4196.52445798626,4077.9732189395,5510,Lower-middle
VCT,1998,St. Vincent and the Grenadines,LM,3040,4305.68372848653,4202.39610036043,5790,Lower-middle
VCT,1999,St. Vincent and the Grenadines,LM,3140,4385.26174553566,4314.57802957403,5940,Lower-middle
VCT,2000,St. Vincent and the Grenadines,LM,3390,4629.54170580098,4589.35838977596,6200,Lower-middle
VCT,2001,St. Vincent and the Grenadines,LM,3660,4888.19691217483,4875.14600490495,6510,Lower-middle
VCT,2002,St. Vincent and the Grenadines,LM,4010,5273.69250049652,5288.03275247305,6980,Lower-middle
VCT,2003,St. Vincent and the Grenadines,UM,4430,5713.25831075365,5753.80385519186,7510,Upper-middle
VCT,2004,St. Vincent and the Grenadines,UM,4800,6028.3279972995,6072.4853713156,7990,Upper-middle
VCT,2005,St. Vincent and the Grenadines,UM,5060,6161.66373763309,6242.29046795912,8500,Upper-middle
VCT,2006,St. Vincent and the Grenadines,UM,5580,6591.60311555285,6706.26585547088,9530,Upper-middle
VCT,2007,St. Vincent and the Grenadines,UM,6030,6935.29160986277,7043.48809955093,10260,Upper-middle
VCT,2008,St. Vincent and the Grenadines,UM,6380,7199.13264687804,7266.95102885492,10560,Upper-middle
VCT,2009,St. Vincent and the Grenadines,UM,6530,7323.22204203978,7401.14227255945,10670,Upper-middle
VCT,2010,St. Vincent and the Grenadines,UM,6310,6991.53277502537,7031.92625534785,10380,Upper-middle
VCT,2011,St. Vincent and the Grenadines,UM,6390,6937.05311932515,6940.1198730872,10580,Upper-middle
VCT,2012,St. Vincent and the Grenadines,UM,6720,7161.9348361077,7182.63002823912,10930,Upper-middle
VCT,2013,St. Vincent and the Grenadines,UM,6980,7330.83142301053,7352.17137847941,11570,Upper-middle
VCT,2014,St. Vincent and the Grenadines,UM,6860,7088.87185502551,7115.92715990851,11630,Upper-middle
VCT,2015,St. Vincent and the Grenadines,UM,7110,7291.36954395764,7316.65139158613,12070,Upper-middle
VCT,2016,St. Vincent and the Grenadines,UM,7480,7606.04427006114,7621.358461946,13360,Upper-middle
VCT,2017,St. Vincent and the Grenadines,UM,7730,7730,7730,13500,Upper-middle
VCT,2018,St. Vincent and the Grenadines,UM,8370,8175.18104381072,8184.7808112704,14660,Upper-middle
VCT,2019,St. Vincent and the Grenadines,UM,8700,8371.36261847216,8383.86513160375,15310,Upper-middle
VCT,2020,St. Vincent and the Grenadines,UM,8360,7989.97779298787,7968.0627755171,15200,Upper-middle
VCT,2021,St. Vincent and the Grenadines,UM,8720,7983.96009993366,8029.06933581244,15900,Upper-middle
VCT,2022,St. Vincent and the Grenadines,UM,9510,8127.80713266343,8311.12895793824,17850,Upper-middle
VCT,2023,St. Vincent and the Grenadines,UM,10380,8563.22221851532,8787.823767941,19860,Upper-middle
VEN,1987,"Venezuela, RB",UM,3340,6242.84367724856,6387.57568563884,,Upper-middle
VEN,1988,"Venezuela, RB",UM,3400,6138.45652372466,6265.93024064232,,Upper-middle
VEN,1989,"Venezuela, RB",UM,2450,4256.41573089093,4330.84790175665,,Upper-middle
VEN,1990,"Venezuela, RB",UM,2600,4354.02705063891,4418.53167644865,11480,Upper-middle
VEN,1991,"Venezuela, RB",UM,2670,4324.98792423634,4369.13052815957,12760,Upper-middle
VEN,1992,"Venezuela, RB",UM,2840,4497.86196387304,4526.62645999598,13330,Upper-middle
VEN,1993,"Venezuela, RB",UM,2820,4362.77494184625,4360.67426068368,13380,Upper-middle
VEN,1994,"Venezuela, RB",LM,2710,4104.94701377674,4052.15075352204,13020,Lower-middle
VEN,1995,"Venezuela, RB",LM,3010,4465.73660698306,4339.72758983124,13610,Lower-middle
VEN,1996,"Venezuela, RB",LM,3060,4458.29735058416,4315.7019618543,13550,Lower-middle
VEN,1997,"Venezuela, RB",UM,3430,4912.65491156753,4773.87308565273,14310,Upper-middle
VEN,1998,"Venezuela, RB",UM,3380,4787.24046127778,4672.40092737442,14240,Upper-middle
VEN,1999,"Venezuela, RB",UM,3520,4915.9622115559,4836.72441531866,13460,Upper-middle
VEN,2000,"Venezuela, RB",UM,4070,5558.18134000295,5509.93765380182,14040,Upper-middle
VEN,2001,"Venezuela, RB",UM,4540,6063.50108777971,6047.3122574504,14520,Upper-middle
VEN,2002,"Venezuela, RB",UM,3940,5181.63303041304,5195.72295380146,13050,Upper-middle
VEN,2003,"Venezuela, RB",UM,3450,4449.37723975171,4480.95334095077,12100,Upper-middle
VEN,2004,"Venezuela, RB",UM,4060,5098.9607643825,5136.31054323778,14380,Upper-middle
VEN,2005,"Venezuela, RB",UM,4910,5979.00572169535,6057.24233155717,16310,Upper-middle
VEN,2006,"Venezuela, RB",UM,6050,7146.80982958687,7271.13054222201,18320,Upper-middle
VEN,2007,"Venezuela, RB",UM,7520,8648.98721495323,8783.91882398391,20410,Upper-middle
VEN,2008,"Venezuela, RB",UM,9260,10448.8978542462,10547.3301766766,21440,Upper-middle
VEN,2009,"Venezuela, RB",UM,10230,11472.6740413579,11594.7450916207,20430,Upper-middle
VEN,2010,"Venezuela, RB",UM,11660,12919.3775208868,12994.0190392006,20030,Upper-middle
VEN,2011,"Venezuela, RB",UM,11860,12875.3442871982,12881.0362589694,20800,Upper-middle
VEN,2012,"Venezuela, RB",UM,12480,13300.7361242,13339.1700524441,,Upper-middle
VEN,2013,"Venezuela, RB",UM,10340,10859.7130249182,10891.3255090941,,Upper-middle
VEN,2014,"Venezuela, RB",H,8390,8669.91761860992,8703.00712414466,,High
VEN,2015,"Venezuela, RB",UM,5290,5424.94302215695,5443.75328572302,,Upper-middle
VEN,2016,"Venezuela, RB",UM,3680,3742.01108473596,3749.54533956702,,Upper-middle
VEN,2017,"Venezuela, RB",UM,2950,2950,2950,,Upper-middle
VEN,2018,"Venezuela, RB",UM,2800,2734.82758932736,2738.03898107015,,Upper-middle
VEN,2019,"Venezuela, RB",UM,2370,2280.47464434242,2283.88050136792,,Upper-middle
VGB,2015,British Virgin Islands,H,,,,,High
VGB,2016,British Virgin Islands,H,,,,,High
VGB,2017,British Virgin Islands,H,,,,,High
VGB,2018,British Virgin Islands,H,,,,,High
VGB,2019,British Virgin Islands,H,,,,,High
VGB,2020,British Virgin Islands,H,,,,,High
VGB,2021,British Virgin Islands,H,,,,,High
VGB,2022,British Virgin Islands,H,,,,,High
VGB,2023,British Virgin Islands,H,,,,,High
VIR,1987,Virgin Islands (U.S.),H,,,,,High
VIR,1988,Virgin Islands (U.S.),H,,,,,High
VIR,1989,Virgin Islands (U.S.),H,,,,,High
VIR,1990,Virgin Islands (U.S.),H,,,,,High
VIR,1991,Virgin Islands (U.S.),H,,,,,High
VIR,1992,Virgin Islands (U.S.),H,,,,,High
VIR,1993,Virgin Islands (U.S.),H,,,,,High
VIR,1994,Virgin Islands (U.S.),H,,,,,High
VIR,1995,Virgin Islands (U.S.),H,,,,,High
VIR,1996,Virgin Islands (U.S.),H,,,,,High
VIR,1997,Virgin Islands (U.S.),H,,,,,High
VIR,1998,Virgin Islands (U.S.),H,,,,,High
VIR,1999,Virgin Islands (U.S.),H,,,,,High
VIR,2000,Virgin Islands (U.S.),H,,,,,High
VIR,2001,Virgin Islands (U.S.),H,,,,,High
VIR,2002,Virgin Islands (U.S.),H,,,,,High
VIR,2003,Virgin Islands (U.S.),H,,,,,High
VIR,2004,Virgin Islands (U.S.),H,,,,,High
VIR,2005,Virgin Islands (U.S.),H,,,,,High
VIR,2006,Virgin Islands (U.S.),H,,,,,High
VIR,2007,Virgin Islands (U.S.),H,,,,,High
VIR,2008,Virgin Islands (U.S.),H,,,,,High
VIR,2009,Virgin Islands (U.S.),H,,,,,High
VIR,2010,Virgin Islands (U.S.),H,,,,,High
VIR,2011,Virgin Islands (U.S.),H,,,,,High
VIR,2012,Virgin Islands (U.S.),H,,,,,High
VIR,2013,Virgin Islands (U.S.),H,,,,,High
VIR,2014,Virgin Islands (U.S.),H,,,,,High
VIR,2015,Virgin Islands (U.S.),H,,,,,High
VIR,2016,Virgin Islands (U.S.),H,,,,,High
VIR,2017,Virgin Islands (U.S.),H,,,,,High
VIR,2018,Virgin Islands (U.S.),H,,,,,High
VIR,2019,Virgin Islands (U.S.),H,,,,,High
VIR,2020,Virgin Islands (U.S.),H,,,,,High
VIR,2021,Virgin Islands (U.S.),H,,,,,High
VIR,2022,Virgin Islands (U.S.),H,,,,,High
VIR,2023,Virgin Islands (U.S.),H,,,,,High
VNM,1987,Viet Nam,L,,,,,Low
VNM,1988,Viet Nam,L,,,,,Low
VNM,1989,Viet Nam,L,220,382.208759508574,388.892464647536,,Low
VNM,1990,Viet Nam,L,130,217.701352531945,220.926583822433,1150,Low
VNM,1991,Viet Nam,L,110,178.183023095879,180.001632246274,1240,Low
VNM,1992,Viet Nam,L,140,221.725589768389,223.143557887126,1380,Low
VNM,1993,Viet Nam,L,170,263.004163160944,262.877526353271,1490,Low
VNM,1994,Viet Nam,L,200,302.948119097914,299.051716127088,1640,Low
VNM,1995,Viet Nam,L,260,385.744690304185,374.860190483762,1840,Low
VNM,1996,Viet Nam,L,310,451.657574732382,437.211636658442,2010,Low
VNM,1997,Viet Nam,L,350,501.291317506891,487.129906699258,2160,Low
VNM,1998,Viet Nam,L,360,509.883599426036,497.652169779525,2270,Low
VNM,1999,Viet Nam,L,370,516.734664282865,508.405691382927,2390,Low
VNM,2000,Viet Nam,L,390,532.602143145246,527.979283779536,2580,Low
VNM,2001,Viet Nam,L,410,547.584899997727,546.122913117767,2780,Low
VNM,2002,Viet Nam,L,430,565.508173369951,567.04590612554,2960,Low
VNM,2003,Viet Nam,L,480,619.043789878499,623.436986567064,3200,Low
VNM,2004,Viet Nam,L,550,690.745916357235,695.805615463245,3490,Low
VNM,2005,Viet Nam,L,650,791.518069063539,801.875257741785,3840,Low
VNM,2006,Viet Nam,L,740,874.155251883352,889.361421693271,4170,Low
VNM,2007,Viet Nam,L,860,989.112899582418,1004.54390806199,4480,Low
VNM,2008,Viet Nam,L,1000,1128.39069700283,1139.02053743807,4730,Low
VNM,2009,Viet Nam,LM,1120,1256.05033492872,1269.41490739151,4890,Lower-middle
VNM,2010,Viet Nam,LM,1370,1517.97145828601,1526.74151661277,5220,Lower-middle
VNM,2011,Viet Nam,LM,1630,1769.54563137715,1770.32791754806,5620,Lower-middle
VNM,2012,Viet Nam,LM,1980,2110.21294278173,2116.31063332045,6170,Lower-middle
VNM,2013,Viet Nam,LM,2200,2310.57723934429,2317.30329980726,6530,Lower-middle
VNM,2014,Viet Nam,LM,2390,2469.73815357303,2479.16412714014,7020,Lower-middle
VNM,2015,Viet Nam,LM,2460,2522.75233166467,2531.4996375952,7280,Lower-middle
VNM,2016,Viet Nam,LM,2560,2603.13814590328,2608.37936665532,7910,Lower-middle
VNM,2017,Viet Nam,LM,2680,2680,2680,8620,Lower-middle
VNM,2018,Viet Nam,LM,3020,2949.70689991737,2953.17061529709,9500,Lower-middle
VNM,2019,Viet Nam,LM,3290,3165.72218560614,3170.45014746854,10480,Lower-middle
VNM,2020,Viet Nam,LM,3400,3249.51249954052,3240.59969339212,11110,Lower-middle
VNM,2021,Viet Nam,LM,3540,3241.1948112116,3259.50750559358,11430,Lower-middle
VNM,2022,Viet Nam,LM,3980,3401.54283785494,3478.26427472074,13240,Lower-middle
VNM,2023,Viet Nam,LM,4150,3423.63894092857,3513.43628487044,14260,Lower-middle
VUT,1987,Vanuatu,LM,890,1663.51223735066,1702.07855096364,,Lower-middle
VUT,1988,Vanuatu,LM,980,1769.31982154417,1806.0622458322,,Lower-middle
VUT,1989,Vanuatu,LM,1100,1911.04379754287,1944.46232323768,,Lower-middle
VUT,1990,Vanuatu,LM,1220,2043.04346222287,2073.31101741052,1660,Lower-middle
VUT,1991,Vanuatu,LM,1110,1798.02868760387,1816.3801072124,1520,Lower-middle
VUT,1992,Vanuatu,LM,1140,1805.47980239974,1817.02611422374,1510,Lower-middle
VUT,1993,Vanuatu,LM,1160,1794.61664274526,1793.7525327635,1530,Lower-middle
VUT,1994,Vanuatu,LM,1210,1832.83612054238,1809.26288256888,1620,Lower-middle
VUT,1995,Vanuatu,LM,1250,1854.54178030858,1802.21245424885,1660,Lower-middle
VUT,1996,Vanuatu,LM,1340,1952.32629077868,1889.88255845907,1750,Lower-middle
VUT,1997,Vanuatu,LM,1400,2005.16527002756,1948.51962679703,1850,Lower-middle
VUT,1998,Vanuatu,LM,1450,2053.69783102153,2004.43235050086,2020,Lower-middle
VUT,1999,Vanuatu,LM,1430,1997.10964844459,1964.9192937232,2040,Lower-middle
VUT,2000,Vanuatu,LM,1420,1939.21805965705,1922.38611017164,2100,Lower-middle
VUT,2001,Vanuatu,LM,1360,1816.37918048027,1811.52966302479,2090,Lower-middle
VUT,2002,Vanuatu,LM,1210,1591.3136971573,1595.64080560908,1910,Lower-middle
VUT,2003,Vanuatu,LM,1350,1741.06065903328,1753.41652471987,1980,Lower-middle
VUT,2004,Vanuatu,LM,1580,1984.32463244442,1998.85976805805,2050,Lower-middle
VUT,2005,Vanuatu,LM,1770,2155.36458806533,2183.56800954301,2140,Lower-middle
VUT,2006,Vanuatu,LM,1980,2338.95594422843,2379.64272290902,2380,Lower-middle
VUT,2007,Vanuatu,LM,2080,2392.27305945515,2429.59456833597,2450,Lower-middle
VUT,2008,Vanuatu,LM,2430,2741.98939371687,2767.81990597452,2690,Lower-middle
VUT,2009,Vanuatu,LM,2500,2803.68378332304,2833.51541828463,2630,Lower-middle
VUT,2010,Vanuatu,LM,2580,2858.66157837804,2875.17745464302,2650,Lower-middle
VUT,2011,Vanuatu,LM,2790,3028.85417886028,3030.19318402399,2750,Lower-middle
VUT,2012,Vanuatu,LM,2840,3026.77007954551,3035.51626193439,2670,Lower-middle
VUT,2013,Vanuatu,LM,3030,3182.295016006,3191.55863564364,2830,Lower-middle
VUT,2014,Vanuatu,LM,3030,3131.09062984363,3143.04071348729,2940,Lower-middle
VUT,2015,Vanuatu,LM,2980,3056.01705217915,3066.61338212752,3020,Lower-middle
VUT,2016,Vanuatu,LM,2970,3020.0469895831,3026.12762459621,3100,Lower-middle
VUT,2017,Vanuatu,LM,3000,3000,3000,3150,Lower-middle
VUT,2018,Vanuatu,LM,3270,3193.88793467874,3197.63838146406,3330,Lower-middle
VUT,2019,Vanuatu,LM,3740,3598.7237003547,3604.09834393081,3790,Lower-middle
VUT,2020,Vanuatu,LM,3390,3239.95510983599,3231.06851782332,3470,Lower-middle
VUT,2021,Vanuatu,LM,3500,3204.57114102842,3222.67691231004,3590,Lower-middle
VUT,2022,Vanuatu,LM,3830,3273.34398718201,3347.17391260815,3970,Lower-middle
VUT,2023,Vanuatu,LM,3890,3209.1458988463,3293.31738509542,4060,Lower-middle
WSM,1987,Samoa,LM,710,1327.07156013368,1357.83794515077,,Lower-middle
WSM,1988,Samoa,LM,920,1660.99411818432,1695.48700629145,,Lower-middle
WSM,1989,Samoa,LM,1040,1806.80504494962,1838.40074197017,,Lower-middle
WSM,1990,Samoa,LM,1050,1758.35707814264,1784.40702318119,2910,Lower-middle
WSM,1991,Samoa,LM,1000,1619.84566450799,1636.37847496613,2900,Lower-middle
WSM,1992,Samoa,LM,1010,1599.59175475767,1609.82138189998,2840,Lower-middle
WSM,1993,Samoa,LM,1060,1639.90831147412,1639.11869373216,3040,Lower-middle
WSM,1994,Samoa,LM,820,1242.08728830145,1226.11203612106,2040,Lower-middle
WSM,1995,Samoa,LM,990,1468.7970900044,1427.35226376509,2160,Lower-middle
WSM,1996,Samoa,LM,1320,1923.18709240885,1861.67535609401,2430,Lower-middle
WSM,1997,Samoa,LM,1330,1904.90700652619,1851.09364545718,2470,Lower-middle
WSM,1998,Samoa,LM,1360,1926.22693116502,1880.01930805598,2540,Lower-middle
WSM,1999,Samoa,LM,1380,1927.28063975771,1896.2158219147,2650,Lower-middle
WSM,2000,Samoa,LM,1410,1925.5615944482,1908.84817981832,2890,Lower-middle
WSM,2001,Samoa,LM,1410,1883.15782682145,1878.13001828305,3120,Lower-middle
WSM,2002,Samoa,LM,1420,1867.49210740775,1872.57020162387,3300,Lower-middle
WSM,2003,Samoa,LM,1570,2024.78906272759,2039.15847689644,3520,Lower-middle
WSM,2004,Samoa,LM,1850,2323.41808229252,2340.43707019455,3720,Lower-middle
WSM,2005,Samoa,LM,2240,2727.69303800358,2763.38550360246,4060,Lower-middle
WSM,2006,Samoa,LM,2470,2917.78847588092,2968.54420484105,4270,Lower-middle
WSM,2007,Samoa,LM,2660,3059.34920103399,3107.07766912197,4410,Lower-middle
WSM,2008,Samoa,LM,2970,3351.3203700984,3382.89099619108,4630,Lower-middle
WSM,2009,Samoa,LM,3160,3543.85630212032,3581.56348871177,4670,Lower-middle
WSM,2010,Samoa,LM,3430,3800.4686875336,3822.42584086262,5080,Lower-middle
WSM,2011,Samoa,LM,3570,3875.630615961,3877.34396665435,5290,Lower-middle
WSM,2012,Samoa,LM,3590,3826.09316393253,3837.14907758608,5150,Lower-middle
WSM,2013,Samoa,LM,3750,3938.4839307005,3949.94880648965,5200,Lower-middle
WSM,2014,Samoa,LM,3830,3957.78122518188,3972.88644642122,5260,Lower-middle
WSM,2015,Samoa,LM,3970,4071.27103931249,4085.38762652559,5570,Lower-middle
WSM,2016,Samoa,UM,4120,4189.42545356309,4197.8605432109,6010,Upper-middle
WSM,2017,Samoa,UM,4100,4100,4100,6100,Upper-middle
WSM,2018,Samoa,UM,4100,4004.56897008649,4009.27136513843,6110,Upper-middle
WSM,2019,Samoa,UM,4270,4108.70326216967,4114.83955309747,6380,Upper-middle
WSM,2020,Samoa,LM,4080,3899.41499944863,3888.71963207055,6250,Lower-middle
WSM,2021,Samoa,LM,3990,3653.2111007724,3673.85168003344,6250,Lower-middle
WSM,2022,Samoa,LM,4130,3529.74168852786,3609.35463683333,6740,Lower-middle
WSM,2023,Samoa,LM,4800,3959.87154613425,4063.73353430798,8100,Lower-middle
XKX,2008,Kosovo,LM,,,,,Lower-middle
XKX,2009,Kosovo,LM,,,,,Lower-middle
XKX,2010,Kosovo,LM,3120,3456.98609478275,3476.958782359,7300,Lower-middle
XKX,2011,Kosovo,LM,3390,3680.22066893776,3681.84763220119,7970,Lower-middle
XKX,2012,Kosovo,LM,3540,3772.80495830673,3783.70688987596,8150,Lower-middle
XKX,2013,Kosovo,LM,3800,3990.99704977651,4002.61479057618,8280,Lower-middle
XKX,2014,Kosovo,LM,3900,4030.11665227398,4045.49794805294,8380,Lower-middle
XKX,2015,Kosovo,LM,3930,4030.25067619599,4044.22503079234,8860,Lower-middle
XKX,2016,Kosovo,LM,3930,3996.22379429683,4004.26988709195,9270,Lower-middle
XKX,2017,Kosovo,LM,3950,3950,3950,9570,Lower-middle
XKX,2018,Kosovo,UM,4300,4199.91379789559,4204.84557807201,10190,Upper-middle
XKX,2019,Kosovo,UM,4640,4464.72672985182,4471.39473685533,11110,Upper-middle
XKX,2020,Kosovo,UM,4440,4243.48102881174,4231.84195254736,10790,Upper-middle
XKX,2021,Kosovo,UM,5130,4696.98570099308,4723.52358861443,12600,Upper-middle
XKX,2022,Kosovo,UM,5600,4786.09042512253,4894.04018553671,14130,Upper-middle
XKX,2023,Kosovo,UM,6290,5189.08167191342,5325.18415224941,16130,Upper-middle
YEM,1987,"Yemen, Rep.",LM,,,,,Lower-middle
YEM,1988,"Yemen, Rep.",LM,,,,,Lower-middle
YEM,1989,"Yemen, Rep.",LM,,,,,Lower-middle
YEM,1990,"Yemen, Rep.",LM,,,,,Lower-middle
YEM,1991,"Yemen, Rep.",L,,,,,Low
YEM,1992,"Yemen, Rep.",L,1100,1742.12963389449,1753.27081197027,1920,Low
YEM,1993,"Yemen, Rep.",L,1240,1918.38330776218,1917.45960398857,1980,Low
YEM,1994,"Yemen, Rep.",L,1470,2226.66867536967,2198.0301135341,2070,Low
YEM,1995,"Yemen, Rep.",L,1160,1721.01477212636,1672.45315754294,2110,Low
YEM,1996,"Yemen, Rep.",L,620,903.315149464764,874.423273316884,2070,Low
YEM,1997,"Yemen, Rep.",L,420,601.549581008269,584.555888039109,2140,Low
YEM,1998,"Yemen, Rep.",L,350,495.720166108646,483.82849839676,2300,Low
YEM,1999,"Yemen, Rep.",L,340,474.837259070741,467.183608297825,2260,Low
YEM,2000,"Yemen, Rep.",L,380,518.945677936393,514.441353426214,2410,Low
YEM,2001,"Yemen, Rep.",L,430,574.296358534202,572.763055221073,2510,Low
YEM,2002,"Yemen, Rep.",L,460,604.962231977157,606.607248413368,2560,Low
YEM,2003,"Yemen, Rep.",L,480,619.043789878499,623.436986567064,2600,Low
YEM,2004,"Yemen, Rep.",L,540,678.186899696194,683.154604273005,2660,Low
YEM,2005,"Yemen, Rep.",L,620,754.986465875991,764.865630461395,2810,Low
YEM,2006,"Yemen, Rep.",L,710,838.716525455649,853.306228921922,3000,Low
YEM,2007,"Yemen, Rep.",L,780,897.102397295681,911.097963125991,3090,Low
YEM,2008,"Yemen, Rep.",L,880,992.983813362488,1002.33807294551,3130,Low
YEM,2009,"Yemen, Rep.",LM,960,1076.61457279605,1088.0699206213,3250,Lower-middle
YEM,2010,"Yemen, Rep.",LM,1040,1152.32869826092,1158.98626078633,3390,Lower-middle
YEM,2011,"Yemen, Rep.",LM,930,1009.61805962009,1010.06439467466,2890,Lower-middle
YEM,2012,"Yemen, Rep.",LM,1080,1151.02524151731,1154.35125453843,2870,Lower-middle
YEM,2013,"Yemen, Rep.",LM,1230,1291.82272926976,1295.58320852861,3020,Lower-middle
YEM,2014,"Yemen, Rep.",LM,1250,1291.70405521602,1296.63395770928,,Lower-middle
YEM,2015,"Yemen, Rep.",LM,1030,1056.27435024984,1059.93684013132,,Lower-middle
YEM,2016,"Yemen, Rep.",LM,970,986.345313096163,988.331244396741,,Lower-middle
YEM,2017,"Yemen, Rep.",L,880,880,880,,Low
YEM,2018,"Yemen, Rep.",L,740,722.77586289366,723.624587854253,,Low
YEM,2019,"Yemen, Rep.",L,,,,,Low
YEM,2020,"Yemen, Rep.",L,,,,,Low
YEM,2021,"Yemen, Rep.",L,,,,,Low
YEM,2022,"Yemen, Rep.",L,,,,,Low
YEM,2023,"Yemen, Rep.",L,,,,,Low
YUG,1992,Serbia and Montenegro (former),LM,,,,,Lower-middle
YUG,1993,Serbia and Montenegro (former),LM,,,,,Lower-middle
YUG,1994,Serbia and Montenegro (former),LM,,,,,Lower-middle
YUG,1995,Serbia and Montenegro (former),LM,,,,,Lower-middle
YUG,1996,Serbia and Montenegro (former),LM,,,,,Lower-middle
YUG,1997,Serbia and Montenegro (former),LM,,,,,Lower-middle
YUG,1998,Serbia and Montenegro (former),LM,,,,,Lower-middle
YUG,1999,Serbia and Montenegro (former),LM,,,,,Lower-middle
YUG,2000,Serbia and Montenegro (former),LM,,,,,Lower-middle
YUG,2001,Serbia and Montenegro (former),LM,,,,,Lower-middle
YUG,2002,Serbia and Montenegro (former),LM,,,,,Lower-middle
YUG,2003,Serbia and Montenegro (former),LM,,,,,Lower-middle
YUG,2004,Serbia and Montenegro (former),LM,,,,,Lower-middle
YUG,2005,Serbia and Montenegro (former),LM,,,,,Lower-middle
ZAF,1987,South Africa,LM,2220,4149.43501900952,4245.63413835875,,Lower-middle
ZAF,1988,South Africa,UM,2660,4802.43951561988,4902.16895297311,,Upper-middle
ZAF,1989,South Africa,UM,2810,4881.84824645042,4967.21738936171,,Upper-middle
ZAF,1990,South Africa,UM,2830,4739.19098204158,4809.40178628834,6170,Upper-middle
ZAF,1991,South Africa,UM,2960,4794.74316694365,4843.68028589974,6230,Upper-middle
ZAF,1992,South Africa,UM,3230,5115.52610679927,5148.24065696725,6150,Upper-middle
ZAF,1993,South Africa,UM,3380,5229.14159696465,5226.62375925916,6260,Upper-middle
ZAF,1994,South Africa,UM,3550,5377.32911398798,5308.16796125581,6510,Upper-middle
ZAF,1995,South Africa,UM,3730,5533.95267244081,5377.80196347858,6760,Upper-middle
ZAF,1996,South Africa,UM,3790,5521.87809108299,5345.26484817902,7070,Upper-middle
ZAF,1997,South Africa,UM,3750,5370.97840185955,5219.24900034919,7290,Upper-middle
ZAF,1998,South Africa,LM,3390,4801.40389459517,4686.22459875719,7310,Lower-middle
ZAF,1999,South Africa,UM,3300,4608.71457333366,4534.42913936124,7500,Upper-middle
ZAF,2000,South Africa,UM,3260,4452.0076580859,4413.36529518279,7930,Upper-middle
ZAF,2001,South Africa,LM,3060,4086.8531560806,4075.94174180578,8200,Lower-middle
ZAF,2002,South Africa,LM,2870,3774.4382734227,3784.70174553558,8600,Lower-middle
ZAF,2003,South Africa,LM,3160,4075.37161670012,4104.29349489984,8930,Lower-middle
ZAF,2004,South Africa,UM,4040,5073.84273106042,5111.00852085729,9550,Upper-middle
ZAF,2005,South Africa,UM,5430,6612.22017694618,6698.7425377506,10260,Upper-middle
ZAF,2006,South Africa,UM,6120,7229.50019125151,7355.25932535516,11060,Upper-middle
ZAF,2007,South Africa,UM,6440,7406.84543408229,7522.39856734792,11690,Upper-middle
ZAF,2008,South Africa,UM,6490,7323.25562354835,7392.24328797311,12170,Upper-middle
ZAF,2009,South Africa,UM,6350,7121.35680964052,7197.12916244295,12010,Upper-middle
ZAF,2010,South Africa,UM,6730,7456.89628778458,7499.97839912694,12390,Upper-middle
ZAF,2011,South Africa,UM,7620,8272.35442398398,8276.01149185046,12840,Upper-middle
ZAF,2012,South Africa,UM,8220,8760.58100488173,8785.89565954249,12660,Upper-middle
ZAF,2013,South Africa,UM,7930,8328.58068545465,8352.82507612345,13050,Upper-middle
ZAF,2014,South Africa,UM,7230,7471.21625536945,7499.73081139046,13030,Upper-middle
ZAF,2015,South Africa,UM,6450,6614.53355253541,6637.46856198742,13090,Upper-middle
ZAF,2016,South Africa,UM,5880,5979.08292887159,5991.12135778643,13170,Upper-middle
ZAF,2017,South Africa,UM,5850,5850,5850,13360,Upper-middle
ZAF,2018,South Africa,UM,6250,6104.52586903429,6111.69415417444,12970,Upper-middle
ZAF,2019,South Africa,UM,6570,6321.82211532898,6331.26366834904,13030,Upper-middle
ZAF,2020,South Africa,UM,5930,5667.53209478685,5651.98711229861,12460,Upper-middle
ZAF,2021,South Africa,UM,6320,5786.53988894274,5819.23373879984,13420,Upper-middle
ZAF,2022,South Africa,UM,6530,5580.92329929466,5706.80043063478,14440,Upper-middle
ZAF,2023,South Africa,UM,6490,5354.07631966902,5494.50638284558,15000,Upper-middle
ZMB,1987,Zambia,L,270,504.661015825482,516.360908719308,,Low
ZMB,1988,Zambia,L,340,613.845652372466,626.593024064232,,Low
ZMB,1989,Zambia,L,420,729.671268152731,742.431068872569,,Low
ZMB,1990,Zambia,L,450,753.581604918273,764.745867077651,1390,Low
ZMB,1991,Zambia,L,410,664.136722448276,670.915174736113,1360,Low
ZMB,1992,Zambia,L,380,601.826600799914,605.675371407912,1360,Low
ZMB,1993,Zambia,L,390,603.36249195746,603.071972222211,1480,Low
ZMB,1994,Zambia,L,370,560.454020331141,553.245674835113,1370,Low
ZMB,1995,Zambia,L,390,578.617035456277,562.290285725643,1410,Low
ZMB,1996,Zambia,L,420,611.923165766453,592.351249666276,1490,Low
ZMB,1997,Zambia,L,420,601.549581008269,584.555888039109,1540,Low
ZMB,1998,Zambia,L,370,524.047032743426,511.475841162289,1500,Low
ZMB,1999,Zambia,L,370,516.734664282865,508.405691382927,1570,Low
ZMB,2000,Zambia,L,350,477.976282309836,473.82756236625,1630,Low
ZMB,2001,Zambia,L,360,480.806253656541,479.522557859503,1710,Low
ZMB,2002,Zambia,L,370,486.600056155539,487.923221549883,1770,Low
ZMB,2003,Zambia,L,420,541.663316143687,545.507363246181,1890,Low
ZMB,2004,Zambia,L,470,590.27378306891,594.597525941319,1940,Low
ZMB,2005,Zambia,L,570,694.100460563411,703.182918327411,2050,Low
ZMB,2006,Zambia,L,720,850.529434264883,865.324626512372,2160,Low
ZMB,2007,Zambia,L,900,1035.11815072579,1051.26688052999,2270,Low
ZMB,2008,Zambia,L,1170,1320.21711549331,1332.65402880255,2500,Low
ZMB,2009,Zambia,L,1260,1413.05662679481,1428.09177081545,2790,Low
ZMB,2010,Zambia,LM,1310,1451.49095646327,1459.87692464432,2890,Lower-middle
ZMB,2011,Zambia,LM,1380,1498.1429271782,1498.80523080756,3070,Lower-middle
ZMB,2012,Zambia,LM,1640,1747.85314452628,1752.90375689169,3270,Lower-middle
ZMB,2013,Zambia,LM,1710,1795.94867239943,1801.17665575928,3330,Lower-middle
ZMB,2014,Zambia,LM,1740,1798.0520448607,1804.91446913131,3370,Lower-middle
ZMB,2015,Zambia,LM,1530,1569.02888920607,1574.46928679702,3270,Lower-middle
ZMB,2016,Zambia,LM,1320,1342.24310648138,1344.94561093165,3210,Lower-middle
ZMB,2017,Zambia,LM,1260,1260,1260,3240,Lower-middle
ZMB,2018,Zambia,LM,1390,1357.64655327323,1359.24077988839,3390,Lower-middle
ZMB,2019,Zambia,LM,1380,1327.87131189558,1329.85446915094,3300,Lower-middle
ZMB,2020,Zambia,LM,1120,1070.42764690747,1067.49166370564,3070,Lower-middle
ZMB,2021,Zambia,L,1040,952.21542476273,957.595425372126,3200,Low
ZMB,2022,Zambia,LM,1170,999.951035248814,1022.50482447821,3630,Lower-middle
ZMB,2023,Zambia,LM,1270,1047.71601324802,1075.19616428565,3830,Lower-middle
ZWE,1987,Zimbabwe,LM,590,1102.77777532235,1128.34420794219,,Lower-middle
ZWE,1988,Zimbabwe,LM,690,1245.74558863824,1271.61525471859,,Lower-middle
ZWE,1989,Zimbabwe,LM,740,1285.61128198338,1308.09283563262,,Lower-middle
ZWE,1990,Zimbabwe,LM,730,1222.47682575631,1240.58773992597,2520,Lower-middle
ZWE,1991,Zimbabwe,L,700,1133.89196515559,1145.46493247629,2650,Low
ZWE,1992,Zimbabwe,L,550,871.064816947244,876.635405985136,2350,Low
ZWE,1993,Zimbabwe,L,510,789.012489482832,788.632579059814,2420,Low
ZWE,1994,Zimbabwe,L,490,742.22289178989,732.676704511365,2660,Low
ZWE,1995,Zimbabwe,L,470,697.307709396026,677.631882797569,2670,Low
ZWE,1996,Zimbabwe,L,560,815.89755435527,789.801666221702,3030,Low
ZWE,1997,Zimbabwe,L,520,744.775671724524,723.735861381754,3010,Low
ZWE,1998,Zimbabwe,L,410,580.700766012985,566.770526693347,2950,Low
ZWE,1999,Zimbabwe,L,400,558.632069494989,549.627774468029,3000,Low
ZWE,2000,Zimbabwe,L,350,477.976282309836,473.82756236625,2930,Low
ZWE,2001,Zimbabwe,L,390,520.873441461253,519.482771014462,3070,Low
ZWE,2002,Zimbabwe,L,370,486.600056155539,487.923221549883,2860,Low
ZWE,2003,Zimbabwe,L,340,438.489351163937,441.601198818337,2430,Low
ZWE,2004,Zimbabwe,L,320,401.8885331533,404.832358087706,2250,Low
ZWE,2005,Zimbabwe,L,320,389.670434000512,394.769357657494,2170,Low
ZWE,2006,Zimbabwe,L,280,330.761446658566,336.515132532589,2070,Low
ZWE,2007,Zimbabwe,L,240,276.03150686021,280.337834807997,1950,Low
ZWE,2008,Zimbabwe,L,120,135.406883640339,136.682464492569,1440,Low
ZWE,2009,Zimbabwe,L,450,504.663080998147,510.032775291233,2170,Low
ZWE,2010,Zimbabwe,L,640,709.125352775949,713.222314330051,2570,Low
ZWE,2011,Zimbabwe,L,960,1042.18638412397,1042.64711708352,2920,Low
ZWE,2012,Zimbabwe,L,1150,1225.62872939343,1229.17031733259,3360,Low
ZWE,2013,Zimbabwe,L,1220,1281.32010545456,1285.0500117113,3660,Low
ZWE,2014,Zimbabwe,L,1270,1312.37132009948,1317.38010103263,3780,Low
ZWE,2015,Zimbabwe,L,1330,1363.92707362358,1368.65630813074,3970,Low
ZWE,2016,Zimbabwe,L,1240,1260.8950394219,1263.43375572367,4030,Low
ZWE,2017,Zimbabwe,L,1680,1680,1680,10480,Low
ZWE,2018,Zimbabwe,LM,2140,2090.18965755734,2092.64407838933,3940,Lower-middle
ZWE,2019,Zimbabwe,LM,2430,2338.20817964223,2341.70026089622,4120,Lower-middle
ZWE,2020,Zimbabwe,LM,1980,1892.36316149713,1887.17276262247,4120,Lower-middle
ZWE,2021,Zimbabwe,LM,2320,2124.17287062455,2136.17441044551,4750,Lower-middle
ZWE,2022,Zimbabwe,LM,2580,2205.02023157431,2254.75422833656,5310,Lower-middle
ZWE,2023,Zimbabwe,LM,2550,2103.68175888382,2158.85844010111,5730,Lower-middle
